method,train_mse,mse,cka,p_at_1,p_at_5,p_at_10,p_at_1_pool,p_at_5_pool,p_at_10_pool,pair,src,tgt,datasets,size,layer,n_train,n_test,elapsed_s,ridge_lambda,mlp_train_loss_final,mlp_val_loss_final,mlp_test_loss_final,mlp_best_val_loss,mlp_best_epoch,mlp_epochs_run
identity,0.00018114260456059128,0.00018379173707216978,0.7381052645533005,0.004918032786885246,0.02459016393442623,0.040983606557377046,0.001639344262295082,0.00819672131147541,0.013114754098360656,eng_latn-zho_hans,eng_latn,zho_hans,flores+opus+tatoeba+bouquet,1000mb,0,2440,610,6.25,,,,,,,
procrustes,5.151559162186459e-05,7.567207649117336e-05,0.7381052681260921,0.5491803278688525,0.7295081967213115,0.7770491803278688,0.4,0.5754098360655737,0.6459016393442623,eng_latn-zho_hans,eng_latn,zho_hans,flores+opus+tatoeba+bouquet,1000mb,0,2440,610,6.25,,,,,,,
affine,2.8618496799026616e-05,6.594599835807458e-05,0.766991109799535,0.5622950819672131,0.7180327868852459,0.7885245901639344,0.39344262295081966,0.5852459016393443,0.6475409836065574,eng_latn-zho_hans,eng_latn,zho_hans,flores+opus+tatoeba+bouquet,1000mb,0,2440,610,6.25,,,,,,,
ridge,3.700074375956319e-05,4.8450037866132334e-05,0.8096897706927354,0.4672131147540984,0.659016393442623,0.7360655737704918,0.29180327868852457,0.49836065573770494,0.5688524590163935,eng_latn-zho_hans,eng_latn,zho_hans,flores+opus+tatoeba+bouquet,1000mb,0,2440,610,6.25,0.1,,,,,,
mlp,7.254596130223945e-05,7.443768117809668e-05,0.6663686527481582,0.001639344262295082,0.00819672131147541,0.01639344262295082,0.0,0.0,0.001639344262295082,eng_latn-zho_hans,eng_latn,zho_hans,flores+opus+tatoeba+bouquet,1000mb,0,2440,610,6.25,,7.272473906466205e-05,7.051873399177566e-05,7.443659706041217e-05,7.050665590213612e-05,74.0,95.0
identity,0.036986757069826126,0.037433914840221405,0.7619941236308916,0.001639344262295082,0.003278688524590164,0.006557377049180328,0.0,0.0,0.0,eng_latn-zho_hans,eng_latn,zho_hans,flores+opus+tatoeba+bouquet,1000mb,1,2440,610,3.9,,,,,,,
procrustes,0.0052632177248597145,0.006969483103603125,0.7619941277576507,0.8327868852459016,0.9344262295081968,0.9622950819672131,0.680327868852459,0.8459016393442623,0.9049180327868852,eng_latn-zho_hans,eng_latn,zho_hans,flores+opus+tatoeba+bouquet,1000mb,1,2440,610,3.9,,,,,,,
affine,0.002656567608937621,0.006097760051488876,0.7749569692316461,0.7655737704918033,0.9163934426229509,0.9475409836065574,0.5885245901639344,0.7885245901639344,0.8508196721311475,eng_latn-zho_hans,eng_latn,zho_hans,flores+opus+tatoeba+bouquet,1000mb,1,2440,610,3.9,,,,,,,
ridge,0.0036665808875113726,0.004588020499795675,0.8148426727582927,0.7245901639344262,0.8721311475409836,0.9245901639344263,0.5508196721311476,0.7426229508196721,0.8114754098360656,eng_latn-zho_hans,eng_latn,zho_hans,flores+opus+tatoeba+bouquet,1000mb,1,2440,610,3.9,10.0,,,,,,
mlp,0.005435846280306578,0.005673857871443033,0.7713755215923557,0.09344262295081968,0.24262295081967214,0.34262295081967215,0.02459016393442623,0.07213114754098361,0.12786885245901639,eng_latn-zho_hans,eng_latn,zho_hans,flores+opus+tatoeba+bouquet,1000mb,1,2440,610,3.9,,0.005426215606608561,0.005652771331369877,0.005672195460647345,0.005643459968268871,24.0,45.0
identity,0.08685753494501114,0.08774358034133911,0.8095505298774428,0.001639344262295082,0.003278688524590164,0.009836065573770493,0.0,0.0,0.003278688524590164,eng_latn-zho_hans,eng_latn,zho_hans,flores+opus+tatoeba+bouquet,1000mb,2,2440,610,6.13,,,,,,,
procrustes,0.008787652477622032,0.011311146430671215,0.809550528557422,0.860655737704918,0.9459016393442623,0.9737704918032787,0.7295081967213115,0.8950819672131147,0.9245901639344263,eng_latn-zho_hans,eng_latn,zho_hans,flores+opus+tatoeba+bouquet,1000mb,2,2440,610,6.13,,,,,,,
affine,0.004479352384805679,0.010212471708655357,0.8128625231367571,0.8295081967213115,0.9360655737704918,0.9622950819672131,0.6885245901639344,0.8655737704918033,0.9065573770491804,eng_latn-zho_hans,eng_latn,zho_hans,flores+opus+tatoeba+bouquet,1000mb,2,2440,610,6.13,,,,,,,
ridge,0.0059891738928854465,0.007720428518950939,0.8522134350669313,0.8295081967213115,0.9344262295081968,0.9622950819672131,0.6918032786885245,0.8491803278688524,0.8967213114754098,eng_latn-zho_hans,eng_latn,zho_hans,flores+opus+tatoeba+bouquet,1000mb,2,2440,610,6.13,10.0,,,,,,
mlp,0.008574501611292362,0.009040283970534801,0.8408959778308684,0.3295081967213115,0.6081967213114754,0.7311475409836066,0.14754098360655737,0.3344262295081967,0.44426229508196724,eng_latn-zho_hans,eng_latn,zho_hans,flores+opus+tatoeba+bouquet,1000mb,2,2440,610,6.13,,0.008597650019718068,0.008852984756231308,0.009042685851454735,0.008814516477286816,91.0,112.0
identity,0.12979024648666382,0.1309855878353119,0.798842667772878,0.0,0.004918032786885246,0.00819672131147541,0.0,0.001639344262295082,0.001639344262295082,eng_latn-zho_hans,eng_latn,zho_hans,flores+opus+tatoeba+bouquet,1000mb,3,2440,610,5.69,,,,,,,
procrustes,0.014706256799399853,0.018986044451594353,0.7988426788442796,0.9180327868852459,0.9737704918032787,0.9819672131147541,0.8081967213114755,0.9344262295081968,0.9606557377049181,eng_latn-zho_hans,eng_latn,zho_hans,flores+opus+tatoeba+bouquet,1000mb,3,2440,610,5.69,,,,,,,
affine,0.007827438414096832,0.017856108024716377,0.8046488873697594,0.8885245901639345,0.9754098360655737,0.980327868852459,0.759016393442623,0.9,0.9393442622950819,eng_latn-zho_hans,eng_latn,zho_hans,flores+opus+tatoeba+bouquet,1000mb,3,2440,610,5.69,,,,,,,
ridge,0.009950496256351471,0.013494065962731838,0.8494774383092929,0.8885245901639345,0.9737704918032787,0.980327868852459,0.7967213114754098,0.9229508196721311,0.9491803278688524,eng_latn-zho_hans,eng_latn,zho_hans,flores+opus+tatoeba+bouquet,1000mb,3,2440,610,5.69,10.0,,,,,,
mlp,0.014062132686376572,0.015035349875688553,0.8427507258561736,0.6213114754098361,0.8590163934426229,0.9114754098360656,0.3639344262295082,0.6557377049180327,0.7639344262295082,eng_latn-zho_hans,eng_latn,zho_hans,flores+opus+tatoeba+bouquet,1000mb,3,2440,610,5.69,,0.014036486031753677,0.015130292624235153,0.015070516616106033,0.015091919340193272,78.0,99.0
identity,0.17374838888645172,0.1756061613559723,0.794479091827426,0.0,0.003278688524590164,0.011475409836065573,0.0,0.001639344262295082,0.001639344262295082,eng_latn-zho_hans,eng_latn,zho_hans,flores+opus+tatoeba+bouquet,1000mb,4,2440,610,6.19,,,,,,,
procrustes,0.021502746269106865,0.028301548212766647,0.7944790917857291,0.9508196721311475,0.9885245901639345,0.9918032786885246,0.8639344262295082,0.9622950819672131,0.9737704918032787,eng_latn-zho_hans,eng_latn,zho_hans,flores+opus+tatoeba+bouquet,1000mb,4,2440,610,6.19,,,,,,,
affine,0.011394333094358444,0.02567680925130844,0.812108923190099,0.9245901639344263,0.9836065573770492,0.9868852459016394,0.8311475409836065,0.9491803278688524,0.9655737704918033,eng_latn-zho_hans,eng_latn,zho_hans,flores+opus+tatoeba+bouquet,1000mb,4,2440,610,6.19,,,,,,,
ridge,0.01364697702229023,0.019870523363351822,0.8487463092485976,0.9344262295081968,0.9819672131147541,0.9901639344262295,0.8540983606557377,0.9573770491803278,0.9704918032786886,eng_latn-zho_hans,eng_latn,zho_hans,flores+opus+tatoeba+bouquet,1000mb,4,2440,610,6.19,10.0,,,,,,
mlp,0.01929747313261032,0.021101903170347214,0.8482616045806172,0.7754098360655738,0.9278688524590164,0.9606557377049181,0.5672131147540984,0.8245901639344262,0.8819672131147541,eng_latn-zho_hans,eng_latn,zho_hans,flores+opus+tatoeba+bouquet,1000mb,4,2440,610,6.19,,0.01915243762944426,0.021518494933843613,0.021166356280446053,0.021456241607666016,93.0,114.0
identity,0.2138879895210266,0.21599087119102478,0.7879088326006569,0.0,0.004918032786885246,0.013114754098360656,0.0,0.001639344262295082,0.001639344262295082,eng_latn-zho_hans,eng_latn,zho_hans,flores+opus+tatoeba+bouquet,1000mb,5,2440,610,9.01,,,,,,,
procrustes,0.02636551856994629,0.03545563668012619,0.7879088279850179,0.9557377049180328,0.9901639344262295,0.9950819672131147,0.8786885245901639,0.9704918032786886,0.980327868852459,eng_latn-zho_hans,eng_latn,zho_hans,flores+opus+tatoeba+bouquet,1000mb,5,2440,610,9.01,,,,,,,
affine,0.013428953476250172,0.030271949246525764,0.8243971473882261,0.9327868852459016,0.9819672131147541,0.9868852459016394,0.8311475409836065,0.9508196721311475,0.9688524590163935,eng_latn-zho_hans,eng_latn,zho_hans,flores+opus+tatoeba+bouquet,1000mb,5,2440,610,9.01,,,,,,,
ridge,0.01948915235698223,0.023206301033496857,0.8562018169595973,0.8885245901639345,0.9655737704918033,0.980327868852459,0.759016393442623,0.9098360655737705,0.9442622950819672,eng_latn-zho_hans,eng_latn,zho_hans,flores+opus+tatoeba+bouquet,1000mb,5,2440,610,9.01,100.0,,,,,,
mlp,0.021460529416799545,0.024217793717980385,0.8612795832442434,0.8163934426229508,0.9557377049180328,0.9655737704918033,0.6557377049180327,0.8557377049180328,0.9098360655737705,eng_latn-zho_hans,eng_latn,zho_hans,flores+opus+tatoeba+bouquet,1000mb,5,2440,610,9.01,,0.021279845173869813,0.023848949000239372,0.024220313876867294,0.023831814527511597,185.0,200.0
identity,0.2648184895515442,0.26789942383766174,0.7692848907056562,0.001639344262295082,0.004918032786885246,0.01639344262295082,0.0,0.003278688524590164,0.003278688524590164,eng_latn-zho_hans,eng_latn,zho_hans,flores+opus+tatoeba+bouquet,1000mb,6,2440,610,7.38,,,,,,,
procrustes,0.03339068964123726,0.0460086390376091,0.7692848558044476,0.9672131147540983,0.9868852459016394,0.9950819672131147,0.8967213114754098,0.9770491803278688,0.9868852459016394,eng_latn-zho_hans,eng_latn,zho_hans,flores+opus+tatoeba+bouquet,1000mb,6,2440,610,7.38,,,,,,,
affine,0.016407469287514687,0.036972563713788986,0.8274459650386715,0.9278688524590164,0.9868852459016394,0.9918032786885246,0.8426229508196721,0.9459016393442623,0.9672131147540983,eng_latn-zho_hans,eng_latn,zho_hans,flores+opus+tatoeba+bouquet,1000mb,6,2440,610,7.38,,,,,,,
ridge,0.022779662162065506,0.028108734637498856,0.8603737355128303,0.9147540983606557,0.9737704918032787,0.9868852459016394,0.8065573770491803,0.9377049180327869,0.9606557377049181,eng_latn-zho_hans,eng_latn,zho_hans,flores+opus+tatoeba+bouquet,1000mb,6,2440,610,7.38,100.0,,,,,,
mlp,0.02505781129002571,0.029055751860141754,0.8640615085929126,0.8377049180327869,0.9606557377049181,0.9819672131147541,0.7,0.8852459016393442,0.9278688524590164,eng_latn-zho_hans,eng_latn,zho_hans,flores+opus+tatoeba+bouquet,1000mb,6,2440,610,7.38,,0.024834419999803816,0.02822808176279068,0.02906445972621441,0.028207432478666306,134.0,155.0
identity,0.33173614740371704,0.3361795246601105,0.7678029539341349,0.003278688524590164,0.006557377049180328,0.01639344262295082,0.0,0.003278688524590164,0.004918032786885246,eng_latn-zho_hans,eng_latn,zho_hans,flores+opus+tatoeba+bouquet,1000mb,7,2440,610,7.56,,,,,,,
procrustes,0.04610881954431534,0.06434208899736404,0.7678029484773508,0.9737704918032787,0.9934426229508196,0.9967213114754099,0.919672131147541,0.9754098360655737,0.9901639344262295,eng_latn-zho_hans,eng_latn,zho_hans,flores+opus+tatoeba+bouquet,1000mb,7,2440,610,7.56,,,,,,,
affine,0.024074329063296318,0.05369652062654495,0.8262747132113286,0.9344262295081968,0.9868852459016394,0.9950819672131147,0.8426229508196721,0.9590163934426229,0.978688524590164,eng_latn-zho_hans,eng_latn,zho_hans,flores+opus+tatoeba+bouquet,1000mb,7,2440,610,7.56,,,,,,,
ridge,0.031901098787784576,0.04086323454976082,0.8573474629377016,0.9180327868852459,0.9852459016393442,0.9918032786885246,0.839344262295082,0.9524590163934427,0.9688524590163935,eng_latn-zho_hans,eng_latn,zho_hans,flores+opus+tatoeba+bouquet,1000mb,7,2440,610,7.56,100.0,,,,,,
mlp,0.03433419018983841,0.04173173010349274,0.8580249557042163,0.8786885245901639,0.9770491803278688,0.9868852459016394,0.7672131147540984,0.9344262295081968,0.9557377049180328,eng_latn-zho_hans,eng_latn,zho_hans,flores+opus+tatoeba+bouquet,1000mb,7,2440,610,7.56,,0.033534398887838636,0.0414254330098629,0.04172641038894653,0.04140320047736168,140.0,161.0
identity,0.4481039047241211,0.45319864153862,0.776817976227991,0.003278688524590164,0.004918032786885246,0.013114754098360656,0.0,0.001639344262295082,0.004918032786885246,eng_latn-zho_hans,eng_latn,zho_hans,flores+opus+tatoeba+bouquet,1000mb,8,2440,610,8.01,,,,,,,
procrustes,0.07089710980653763,0.0988989844918251,0.7768179776468666,0.9770491803278688,0.9950819672131147,0.9950819672131147,0.9180327868852459,0.9836065573770492,0.9934426229508196,eng_latn-zho_hans,eng_latn,zho_hans,flores+opus+tatoeba+bouquet,1000mb,8,2440,610,8.01,,,,,,,
affine,0.03813883289694786,0.08437090367078781,0.8112393717731741,0.9426229508196722,0.9819672131147541,0.9950819672131147,0.8655737704918033,0.9622950819672131,0.9770491803278688,eng_latn-zho_hans,eng_latn,zho_hans,flores+opus+tatoeba+bouquet,1000mb,8,2440,610,8.01,,,,,,,
ridge,0.04794134199619293,0.06436572223901749,0.8442675421454016,0.9377049180327869,0.9885245901639345,0.9934426229508196,0.8557377049180328,0.9590163934426229,0.9770491803278688,eng_latn-zho_hans,eng_latn,zho_hans,flores+opus+tatoeba+bouquet,1000mb,8,2440,610,8.01,100.0,,,,,,
mlp,0.048938240855932236,0.06500789523124695,0.8436496235903899,0.9245901639344263,0.9836065573770492,0.9934426229508196,0.8098360655737705,0.9573770491803278,0.9770491803278688,eng_latn-zho_hans,eng_latn,zho_hans,flores+opus+tatoeba+bouquet,1000mb,8,2440,610,8.01,,0.047144805639982225,0.06431127339601517,0.06495868414640427,0.06419333815574646,152.0,173.0
identity,0.6324379444122314,0.6376825571060181,0.7765566338799144,0.003278688524590164,0.006557377049180328,0.019672131147540985,0.0,0.001639344262295082,0.004918032786885246,eng_latn-zho_hans,eng_latn,zho_hans,flores+opus+tatoeba+bouquet,1000mb,9,2440,610,6.48,,,,,,,
procrustes,0.10596500337123871,0.14547210931777954,0.7765566347799012,0.9639344262295082,0.9918032786885246,0.9950819672131147,0.8950819672131147,0.980327868852459,0.9901639344262295,eng_latn-zho_hans,eng_latn,zho_hans,flores+opus+tatoeba+bouquet,1000mb,9,2440,610,6.48,,,,,,,
affine,0.05872305855154991,0.1288159191608429,0.8026005617747307,0.9311475409836065,0.9852459016393442,0.9934426229508196,0.840983606557377,0.9590163934426229,0.9754098360655737,eng_latn-zho_hans,eng_latn,zho_hans,flores+opus+tatoeba+bouquet,1000mb,9,2440,610,6.48,,,,,,,
ridge,0.0711393877863884,0.09890492260456085,0.8354569578256696,0.9180327868852459,0.9852459016393442,0.9950819672131147,0.8245901639344262,0.9508196721311475,0.9754098360655737,eng_latn-zho_hans,eng_latn,zho_hans,flores+opus+tatoeba+bouquet,1000mb,9,2440,610,6.48,100.0,,,,,,
mlp,0.0733078196644783,0.10007268190383911,0.8345178563916453,0.9032786885245901,0.9819672131147541,0.9918032786885246,0.7918032786885246,0.9442622950819672,0.9737704918032787,eng_latn-zho_hans,eng_latn,zho_hans,flores+opus+tatoeba+bouquet,1000mb,9,2440,610,6.48,,0.06894986757210322,0.10040843486785889,0.100112684071064,0.10017333924770355,106.0,127.0
identity,0.9231505990028381,0.9307110905647278,0.7822947402846561,0.0,0.00819672131147541,0.018032786885245903,0.0,0.0,0.0,eng_latn-zho_hans,eng_latn,zho_hans,flores+opus+tatoeba+bouquet,1000mb,10,2440,610,6.08,,,,,,,
procrustes,0.15400096774101257,0.20888450741767883,0.7822947355519387,0.9639344262295082,0.9901639344262295,0.9950819672131147,0.8967213114754098,0.9704918032786886,0.9868852459016394,eng_latn-zho_hans,eng_latn,zho_hans,flores+opus+tatoeba+bouquet,1000mb,10,2440,610,6.08,,,,,,,
affine,0.08435770124197006,0.18337644636631012,0.7919209719715902,0.919672131147541,0.9852459016393442,0.9918032786885246,0.8213114754098361,0.9557377049180328,0.9770491803278688,eng_latn-zho_hans,eng_latn,zho_hans,flores+opus+tatoeba+bouquet,1000mb,10,2440,610,6.08,,,,,,,
ridge,0.09844543784856796,0.14349699020385742,0.8255561684179938,0.9049180327868852,0.9868852459016394,0.9918032786885246,0.8049180327868852,0.9475409836065574,0.9688524590163935,eng_latn-zho_hans,eng_latn,zho_hans,flores+opus+tatoeba+bouquet,1000mb,10,2440,610,6.08,100.0,,,,,,
mlp,0.10179100185632706,0.14466822147369385,0.8230766307816478,0.8819672131147541,0.9770491803278688,0.9918032786885246,0.7573770491803279,0.9344262295081968,0.9590163934426229,eng_latn-zho_hans,eng_latn,zho_hans,flores+opus+tatoeba+bouquet,1000mb,10,2440,610,6.08,,0.09363958707877568,0.1485128104686737,0.14493869245052338,0.14811377227306366,96.0,117.0
identity,1.3071073293685913,1.3186523914337158,0.7733544374838348,0.0,0.00819672131147541,0.01639344262295082,0.0,0.0,0.003278688524590164,eng_latn-zho_hans,eng_latn,zho_hans,flores+opus+tatoeba+bouquet,1000mb,11,2440,610,5.5,,,,,,,
procrustes,0.21521596610546112,0.28690212965011597,0.773354431816542,0.940983606557377,0.9852459016393442,0.9918032786885246,0.8639344262295082,0.9573770491803278,0.9754098360655737,eng_latn-zho_hans,eng_latn,zho_hans,flores+opus+tatoeba+bouquet,1000mb,11,2440,610,5.5,,,,,,,
affine,0.11334864795207977,0.24661073088645935,0.7794201141967859,0.8868852459016393,0.9737704918032787,0.9885245901639345,0.7426229508196721,0.9278688524590164,0.9508196721311475,eng_latn-zho_hans,eng_latn,zho_hans,flores+opus+tatoeba+bouquet,1000mb,11,2440,610,5.5,,,,,,,
ridge,0.16738134622573853,0.19504137337207794,0.8096664534584325,0.7262295081967213,0.8950819672131147,0.9393442622950819,0.5737704918032787,0.7983606557377049,0.8475409836065574,eng_latn-zho_hans,eng_latn,zho_hans,flores+opus+tatoeba+bouquet,1000mb,11,2440,610,5.5,1000.0,,,,,,
mlp,0.13937225937843323,0.19654357433319092,0.8111039052728755,0.8311475409836065,0.9508196721311475,0.9819672131147541,0.6819672131147541,0.8754098360655738,0.9229508196721311,eng_latn-zho_hans,eng_latn,zho_hans,flores+opus+tatoeba+bouquet,1000mb,11,2440,610,5.5,,0.12654075835432324,0.19570791721343994,0.1968207061290741,0.19531020522117615,75.0,96.0
identity,2.3912224769592285,2.4042391777038574,0.7632168712315222,0.0,0.00819672131147541,0.018032786885245903,0.0,0.0,0.004918032786885246,eng_latn-zho_hans,eng_latn,zho_hans,flores+opus+tatoeba+bouquet,1000mb,12,2440,610,4.72,,,,,,,
procrustes,0.49766144156455994,0.6790356040000916,0.7632168701412547,0.940983606557377,0.9934426229508196,0.9967213114754099,0.8573770491803279,0.9590163934426229,0.9754098360655737,eng_latn-zho_hans,eng_latn,zho_hans,flores+opus+tatoeba+bouquet,1000mb,12,2440,610,4.72,,,,,,,
affine,0.2637273967266083,0.567382276058197,0.7725145517628254,0.8721311475409836,0.9770491803278688,0.9901639344262295,0.7344262295081967,0.919672131147541,0.9475409836065574,eng_latn-zho_hans,eng_latn,zho_hans,flores+opus+tatoeba+bouquet,1000mb,12,2440,610,4.72,,,,,,,
ridge,0.34132373332977295,0.4342147409915924,0.8080283939909698,0.8278688524590164,0.9508196721311475,0.9721311475409836,0.6836065573770492,0.8754098360655738,0.9229508196721311,eng_latn-zho_hans,eng_latn,zho_hans,flores+opus+tatoeba+bouquet,1000mb,12,2440,610,4.72,1000.0,,,,,,
mlp,0.3364560306072235,0.45431628823280334,0.8060006299999282,0.840983606557377,0.9524590163934427,0.978688524590164,0.6819672131147541,0.8836065573770492,0.9278688524590164,eng_latn-zho_hans,eng_latn,zho_hans,flores+opus+tatoeba+bouquet,1000mb,12,2440,610,4.72,,0.29835120694977896,0.45845261216163635,0.45536530017852783,0.45610812306404114,50.0,71.0
identity,0.00014269037637859583,0.00014020860544405878,0.6945892302852074,0.017830609212481426,0.03268945022288262,0.05052005943536404,0.005943536404160475,0.014858841010401188,0.020802377414561663,eng_latn-spa_latn,eng_latn,spa_latn,flores+opus+tatoeba+bouquet,1000mb,0,2690,673,5.3,,,,,,,
procrustes,4.0759361581876874e-05,5.695573054254055e-05,0.6945892320894513,0.7592867756315007,0.8632986627043091,0.8900445765230312,0.6523031203566122,0.7949479940564635,0.8291233283803864,eng_latn-spa_latn,eng_latn,spa_latn,flores+opus+tatoeba+bouquet,1000mb,0,2690,673,5.3,,,,,,,
affine,2.1004358131904155e-05,4.252019789419137e-05,0.7143285619706317,0.5616641901931649,0.725111441307578,0.787518573551263,0.4472511144130758,0.6077265973254086,0.6686478454680534,eng_latn-spa_latn,eng_latn,spa_latn,flores+opus+tatoeba+bouquet,1000mb,0,2690,673,5.3,,,,,,,
ridge,2.624299486342352e-05,3.310247848276049e-05,0.7523935242264248,0.4294205052005943,0.612184249628529,0.6894502228826151,0.31054977711738485,0.4769687964338782,0.5542347696879644,eng_latn-spa_latn,eng_latn,spa_latn,flores+opus+tatoeba+bouquet,1000mb,0,2690,673,5.3,0.1,,,,,,
mlp,5.315223097568378e-05,5.1212638936704025e-05,0.49418396943711107,0.0014858841010401188,0.007429420505200594,0.014858841010401188,0.0,0.0014858841010401188,0.0014858841010401188,eng_latn-spa_latn,eng_latn,spa_latn,flores+opus+tatoeba+bouquet,1000mb,0,2690,673,5.3,,5.307034581691321e-05,5.426807183539495e-05,5.122359289089218e-05,5.422204048954882e-05,52.0,73.0
identity,0.035993315279483795,0.03531944006681442,0.7574102512257855,0.007429420505200594,0.02526002971768202,0.041604754829123326,0.0029717682020802376,0.008915304606240713,0.010401188707280832,eng_latn-spa_latn,eng_latn,spa_latn,flores+opus+tatoeba+bouquet,1000mb,1,2690,673,4.36,,,,,,,
procrustes,0.004329934250563383,0.005424272269010544,0.7574102524911509,0.9019316493313522,0.9539375928677564,0.9702823179791976,0.8276374442793462,0.9182763744427934,0.9420505200594353,eng_latn-spa_latn,eng_latn,spa_latn,flores+opus+tatoeba+bouquet,1000mb,1,2690,673,4.36,,,,,,,
affine,0.002068090019747615,0.0041705830954015255,0.7700833387135492,0.8068350668647846,0.9197622585438335,0.9435364041604755,0.6939078751857355,0.8335809806835067,0.8811292719167905,eng_latn-spa_latn,eng_latn,spa_latn,flores+opus+tatoeba+bouquet,1000mb,1,2690,673,4.36,,,,,,,
ridge,0.002755223074927926,0.0032705769408494234,0.8022257811351985,0.7265973254086181,0.8647845468053492,0.9019316493313522,0.600297176820208,0.787518573551263,0.826151560178306,eng_latn-spa_latn,eng_latn,spa_latn,flores+opus+tatoeba+bouquet,1000mb,1,2690,673,4.36,10.0,,,,,,
mlp,0.004330378957092762,0.0043053594417870045,0.73434077939106,0.04606240713224369,0.13967310549777118,0.2050520059435364,0.022288261515601784,0.06537890044576523,0.09361069836552749,eng_latn-spa_latn,eng_latn,spa_latn,flores+opus+tatoeba+bouquet,1000mb,1,2690,673,4.36,,0.004345985962764213,0.004437085706740618,0.004320734180510044,0.004412009846419096,27.0,48.0
identity,0.08681465685367584,0.08486179262399673,0.81134522665152,0.005943536404160475,0.0237741456166419,0.03863298662704309,0.0014858841010401188,0.005943536404160475,0.008915304606240713,eng_latn-spa_latn,eng_latn,spa_latn,flores+opus+tatoeba+bouquet,1000mb,2,2690,673,4.8,,,,,,,
procrustes,0.006502328906208277,0.007921630516648293,0.8113452294693805,0.9435364041604755,0.9791976225854383,0.9881129271916791,0.8855869242199108,0.9554234769687965,0.9673105497771174,eng_latn-spa_latn,eng_latn,spa_latn,flores+opus+tatoeba+bouquet,1000mb,2,2690,673,4.8,,,,,,,
affine,0.003114677732810378,0.0062897601164877415,0.8208190394378877,0.87518573551263,0.9569093610698366,0.974739970282318,0.7786032689450223,0.8974739970282318,0.924219910846954,eng_latn-spa_latn,eng_latn,spa_latn,flores+opus+tatoeba+bouquet,1000mb,2,2690,673,4.8,,,,,,,
ridge,0.004038913641124964,0.004912794101983309,0.8598083049785029,0.8439821693907875,0.9316493313521546,0.9658246656760773,0.7682020802377415,0.8811292719167905,0.9063893016344725,eng_latn-spa_latn,eng_latn,spa_latn,flores+opus+tatoeba+bouquet,1000mb,2,2690,673,4.8,10.0,,,,,,
mlp,0.0062087709084153175,0.006173348519951105,0.8384783883405184,0.2199108469539376,0.45022288261515603,0.5646359583952452,0.11292719167904904,0.2555720653789004,0.3387815750371471,eng_latn-spa_latn,eng_latn,spa_latn,flores+opus+tatoeba+bouquet,1000mb,2,2690,673,4.8,,0.00619235623774952,0.006694899406284094,0.006173557601869106,0.006687935441732407,39.0,60.0
identity,0.12043873220682144,0.11744789779186249,0.8020632170597077,0.010401188707280832,0.0237741456166419,0.03417533432392273,0.0,0.005943536404160475,0.01337295690936107,eng_latn-spa_latn,eng_latn,spa_latn,flores+opus+tatoeba+bouquet,1000mb,3,2690,673,5.47,,,,,,,
procrustes,0.010288015007972717,0.012611282989382744,0.802063218155991,0.9435364041604755,0.9821693907875185,0.9955423476968797,0.9078751857355126,0.9673105497771174,0.9762258543833581,eng_latn-spa_latn,eng_latn,spa_latn,flores+opus+tatoeba+bouquet,1000mb,3,2690,673,5.47,,,,,,,
affine,0.004880418535321951,0.009821048006415367,0.8113981475565255,0.9034175334323923,0.974739970282318,0.9806835066864784,0.8335809806835067,0.9331352154531947,0.9479940564635958,eng_latn-spa_latn,eng_latn,spa_latn,flores+opus+tatoeba+bouquet,1000mb,3,2690,673,5.47,,,,,,,
ridge,0.005992996972054243,0.007735952269285917,0.8503982181693027,0.9063893016344725,0.9717682020802377,0.9851411589895989,0.8424962852897474,0.9316493313521546,0.9539375928677564,eng_latn-spa_latn,eng_latn,spa_latn,flores+opus+tatoeba+bouquet,1000mb,3,2690,673,5.47,10.0,,,,,,
mlp,0.008989274501800537,0.00910908356308937,0.8390261897057993,0.49777117384843983,0.7696879643387816,0.8306092124814265,0.3387815750371471,0.5690936106983655,0.6775631500742942,eng_latn-spa_latn,eng_latn,spa_latn,flores+opus+tatoeba+bouquet,1000mb,3,2690,673,5.47,,0.008966388965123579,0.009697383269667625,0.009128311648964882,0.009670378640294075,57.0,78.0
identity,0.16123926639556885,0.15675920248031616,0.8012954663470083,0.004457652303120356,0.019316493313521546,0.02674591381872214,0.0,0.0029717682020802376,0.007429420505200594,eng_latn-spa_latn,eng_latn,spa_latn,flores+opus+tatoeba+bouquet,1000mb,4,2690,673,6.48,,,,,,,
procrustes,0.015496902167797089,0.019418159499764442,0.8012954613279015,0.9658246656760773,0.9895988112927192,0.9955423476968797,0.9331352154531947,0.9762258543833581,0.9851411589895989,eng_latn-spa_latn,eng_latn,spa_latn,flores+opus+tatoeba+bouquet,1000mb,4,2690,673,6.48,,,,,,,
affine,0.007569082081317902,0.015355928801000118,0.8062823601333868,0.9390787518573551,0.9851411589895989,0.9925705794947994,0.8736998514115899,0.962852897473997,0.9717682020802377,eng_latn-spa_latn,eng_latn,spa_latn,flores+opus+tatoeba+bouquet,1000mb,4,2690,673,6.48,,,,,,,
ridge,0.008815051056444645,0.012237454764544964,0.8447598851497805,0.9435364041604755,0.9851411589895989,0.9910846953937593,0.8930163447251115,0.9673105497771174,0.9762258543833581,eng_latn-spa_latn,eng_latn,spa_latn,flores+opus+tatoeba+bouquet,1000mb,4,2690,673,6.48,10.0,,,,,,
mlp,0.01314763817936182,0.013642499223351479,0.8381800591992128,0.75037147102526,0.9108469539375929,0.9465081723625557,0.5943536404160475,0.8172362555720654,0.8692421991084696,eng_latn-spa_latn,eng_latn,spa_latn,flores+opus+tatoeba+bouquet,1000mb,4,2690,673,6.48,,0.01299570140575892,0.015261372551321983,0.013653508387506008,0.0152528565376997,85.0,106.0
identity,0.2006903439760208,0.1951952874660492,0.8068323145850642,0.0029717682020802376,0.022288261515601784,0.04309063893016345,0.0,0.0,0.0,eng_latn-spa_latn,eng_latn,spa_latn,flores+opus+tatoeba+bouquet,1000mb,5,2690,673,6.48,,,,,,,
procrustes,0.020562203601002693,0.02631833218038082,0.8068323178322934,0.974739970282318,0.9940564635958395,0.9955423476968797,0.9435364041604755,0.9806835066864784,0.9881129271916791,eng_latn-spa_latn,eng_latn,spa_latn,flores+opus+tatoeba+bouquet,1000mb,5,2690,673,6.48,,,,,,,
affine,0.010205289348959923,0.020539898425340652,0.8155612953427361,0.9658246656760773,0.9895988112927192,0.9940564635958395,0.912332838038633,0.9732540861812778,0.9836552748885586,eng_latn-spa_latn,eng_latn,spa_latn,flores+opus+tatoeba+bouquet,1000mb,5,2690,673,6.48,,,,,,,
ridge,0.014318232424557209,0.01638222672045231,0.8483157512727217,0.9465081723625557,0.9851411589895989,0.9910846953937593,0.8781575037147102,0.9554234769687965,0.974739970282318,eng_latn-spa_latn,eng_latn,spa_latn,flores+opus+tatoeba+bouquet,1000mb,5,2690,673,6.48,100.0,,,,,,
mlp,0.016814319416880608,0.017922241240739822,0.8423571083490595,0.8514115898959881,0.9613670133729569,0.9702823179791976,0.7265973254086181,0.888558692421991,0.9316493313521546,eng_latn-spa_latn,eng_latn,spa_latn,flores+opus+tatoeba+bouquet,1000mb,5,2690,673,6.48,,0.016694873203768543,0.01879139058291912,0.017970632761716843,0.01868000254034996,85.0,106.0
identity,0.25150537490844727,0.24471625685691833,0.8139105832897116,0.004457652303120356,0.019316493313521546,0.03714710252600297,0.0,0.0014858841010401188,0.0029717682020802376,eng_latn-spa_latn,eng_latn,spa_latn,flores+opus+tatoeba+bouquet,1000mb,6,2690,673,9.07,,,,,,,
procrustes,0.029426150023937225,0.0379565991461277,0.8139105795769003,0.9806835066864784,0.9970282317979198,0.9985141158989599,0.9539375928677564,0.9881129271916791,0.9925705794947994,eng_latn-spa_latn,eng_latn,spa_latn,flores+opus+tatoeba+bouquet,1000mb,6,2690,673,9.07,,,,,,,
affine,0.015446451492607594,0.030840447172522545,0.8112972631621557,0.9806835066864784,0.9955423476968797,0.9985141158989599,0.9390787518573551,0.9851411589895989,0.9910846953937593,eng_latn-spa_latn,eng_latn,spa_latn,flores+opus+tatoeba+bouquet,1000mb,6,2690,673,9.07,,,,,,,
ridge,0.0207207091152668,0.024455880746245384,0.8415144534410081,0.9658246656760773,0.9925705794947994,0.9955423476968797,0.9257057949479941,0.9762258543833581,0.9836552748885586,eng_latn-spa_latn,eng_latn,spa_latn,flores+opus+tatoeba+bouquet,1000mb,6,2690,673,9.07,100.0,,,,,,
mlp,0.023649990558624268,0.026095448061823845,0.837643345352155,0.9331352154531947,0.986627043090639,0.9910846953937593,0.8528974739970282,0.9658246656760773,0.9762258543833581,eng_latn-spa_latn,eng_latn,spa_latn,flores+opus+tatoeba+bouquet,1000mb,6,2690,673,9.07,,0.02331409255336774,0.027663353830575943,0.026126066222786903,0.02765885554254055,159.0,180.0
identity,0.3063501715660095,0.2988167703151703,0.8192518518318795,0.004457652303120356,0.0237741456166419,0.029717682020802376,0.0,0.0029717682020802376,0.008915304606240713,eng_latn-spa_latn,eng_latn,spa_latn,flores+opus+tatoeba+bouquet,1000mb,7,2690,673,7.53,,,,,,,
procrustes,0.03975018858909607,0.052424751222133636,0.8192518506771478,0.9791976225854383,1.0,1.0,0.9598811292719168,0.9881129271916791,0.9940564635958395,eng_latn-spa_latn,eng_latn,spa_latn,flores+opus+tatoeba+bouquet,1000mb,7,2690,673,7.53,,,,,,,
affine,0.021813012659549713,0.04358632490038872,0.8064831186436016,0.9821693907875185,0.9955423476968797,1.0,0.9420505200594353,0.986627043090639,0.9940564635958395,eng_latn-spa_latn,eng_latn,spa_latn,flores+opus+tatoeba+bouquet,1000mb,7,2690,673,7.53,,,,,,,
ridge,0.02798156999051571,0.03444388136267662,0.8382715233699134,0.9673105497771174,0.9940564635958395,1.0,0.9331352154531947,0.9851411589895989,0.9881129271916791,eng_latn-spa_latn,eng_latn,spa_latn,flores+opus+tatoeba+bouquet,1000mb,7,2690,673,7.53,100.0,,,,,,
mlp,0.031468410044908524,0.03615833818912506,0.8345884993568918,0.9569093610698366,0.9940564635958395,0.9970282317979198,0.912332838038633,0.974739970282318,0.9836552748885586,eng_latn-spa_latn,eng_latn,spa_latn,flores+opus+tatoeba+bouquet,1000mb,7,2690,673,7.53,,0.030913026415203746,0.03721087798476219,0.03612842783331871,0.03717925027012825,116.0,137.0
identity,0.4006642699241638,0.3904775381088257,0.8246154542156712,0.0029717682020802376,0.01337295690936107,0.0237741456166419,0.0014858841010401188,0.0029717682020802376,0.007429420505200594,eng_latn-spa_latn,eng_latn,spa_latn,flores+opus+tatoeba+bouquet,1000mb,8,2690,673,9.67,,,,,,,
procrustes,0.059199489653110504,0.07798681408166885,0.8246154564589178,0.9851411589895989,1.0,1.0,0.9687964338781575,0.9925705794947994,1.0,eng_latn-spa_latn,eng_latn,spa_latn,flores+opus+tatoeba+bouquet,1000mb,8,2690,673,9.67,,,,,,,
affine,0.032166048884391785,0.06361553817987442,0.808032893301512,0.9702823179791976,1.0,1.0,0.9494799405646359,0.9836552748885586,0.9910846953937593,eng_latn-spa_latn,eng_latn,spa_latn,flores+opus+tatoeba+bouquet,1000mb,8,2690,673,9.67,,,,,,,
ridge,0.03919166326522827,0.050466492772102356,0.8396289973928799,0.974739970282318,0.9985141158989599,1.0,0.9524517087667161,0.9895988112927192,0.9925705794947994,eng_latn-spa_latn,eng_latn,spa_latn,flores+opus+tatoeba+bouquet,1000mb,8,2690,673,9.67,100.0,,,,,,
mlp,0.041413530707359314,0.05185611546039581,0.8363411937104787,0.9673105497771174,0.9970282317979198,1.0,0.9346210995542348,0.9836552748885586,0.9910846953937593,eng_latn-spa_latn,eng_latn,spa_latn,flores+opus+tatoeba+bouquet,1000mb,8,2690,673,9.67,,0.04023419408813903,0.05382329970598221,0.0518975704908371,0.05370396748185158,186.0,200.0
identity,0.5450060367584229,0.5323008298873901,0.8292870392134939,0.004457652303120356,0.019316493313521546,0.03417533432392273,0.0,0.0014858841010401188,0.008915304606240713,eng_latn-spa_latn,eng_latn,spa_latn,flores+opus+tatoeba+bouquet,1000mb,9,2690,673,8.1,,,,,,,
procrustes,0.08301036059856415,0.10940682142972946,0.8292870397999966,0.9836552748885586,1.0,1.0,0.9658246656760773,0.9925705794947994,0.9955423476968797,eng_latn-spa_latn,eng_latn,spa_latn,flores+opus+tatoeba+bouquet,1000mb,9,2690,673,8.1,,,,,,,
affine,0.04536713287234306,0.08932965248823166,0.819574281109646,0.9777117384843982,0.9955423476968797,0.9985141158989599,0.9539375928677564,0.986627043090639,0.9925705794947994,eng_latn-spa_latn,eng_latn,spa_latn,flores+opus+tatoeba+bouquet,1000mb,9,2690,673,8.1,,,,,,,
ridge,0.053329817950725555,0.07158087193965912,0.8491175660876394,0.9762258543833581,0.9955423476968797,0.9970282317979198,0.9494799405646359,0.9881129271916791,0.9925705794947994,eng_latn-spa_latn,eng_latn,spa_latn,flores+opus+tatoeba+bouquet,1000mb,9,2690,673,8.1,100.0,,,,,,
mlp,0.055685803294181824,0.07309050112962723,0.8451844022176715,0.9613670133729569,0.9940564635958395,0.9970282317979198,0.9286775631500743,0.9851411589895989,0.9925705794947994,eng_latn-spa_latn,eng_latn,spa_latn,flores+opus+tatoeba+bouquet,1000mb,9,2690,673,8.1,,0.05302796385398036,0.07674292474985123,0.0731285810470581,0.0765567421913147,135.0,156.0
identity,0.7680675983428955,0.7527817487716675,0.8278527197475426,0.004457652303120356,0.014858841010401188,0.029717682020802376,0.0,0.0,0.004457652303120356,eng_latn-spa_latn,eng_latn,spa_latn,flores+opus+tatoeba+bouquet,1000mb,10,2690,673,7.24,,,,,,,
procrustes,0.1194608062505722,0.15625439584255219,0.8278527177300607,0.9806835066864784,0.9970282317979198,1.0,0.9643387815750372,0.9910846953937593,0.9955423476968797,eng_latn-spa_latn,eng_latn,spa_latn,flores+opus+tatoeba+bouquet,1000mb,10,2690,673,7.24,,,,,,,
affine,0.0642520859837532,0.12598343193531036,0.8166360848540514,0.9777117384843982,0.9955423476968797,0.9970282317979198,0.9494799405646359,0.9851411589895989,0.9925705794947994,eng_latn-spa_latn,eng_latn,spa_latn,flores+opus+tatoeba+bouquet,1000mb,10,2690,673,7.24,,,,,,,
ridge,0.07307460159063339,0.10201249271631241,0.846340096591639,0.9791976225854383,0.9955423476968797,0.9955423476968797,0.9539375928677564,0.986627043090639,0.9925705794947994,eng_latn-spa_latn,eng_latn,spa_latn,flores+opus+tatoeba+bouquet,1000mb,10,2690,673,7.24,100.0,,,,,,
mlp,0.07569953054189682,0.10372928529977798,0.8435096561435952,0.9643387815750372,0.9940564635958395,0.9955423476968797,0.924219910846954,0.9821693907875185,0.9910846953937593,eng_latn-spa_latn,eng_latn,spa_latn,flores+opus+tatoeba+bouquet,1000mb,10,2690,673,7.24,,0.07100988002984147,0.10583135485649109,0.1038130596280098,0.10557432472705841,110.0,131.0
identity,1.04734206199646,1.0278912782669067,0.8144414434546681,0.0029717682020802376,0.01337295690936107,0.03268945022288262,0.0,0.0029717682020802376,0.0029717682020802376,eng_latn-spa_latn,eng_latn,spa_latn,flores+opus+tatoeba+bouquet,1000mb,11,2690,673,6.02,,,,,,,
procrustes,0.16089941561222076,0.2099892497062683,0.814441445419869,0.9777117384843982,0.9955423476968797,0.9955423476968797,0.9494799405646359,0.9777117384843982,0.9910846953937593,eng_latn-spa_latn,eng_latn,spa_latn,flores+opus+tatoeba+bouquet,1000mb,11,2690,673,6.02,,,,,,,
affine,0.08869296312332153,0.1732078492641449,0.8096373979265574,0.9732540861812778,0.9955423476968797,0.9970282317979198,0.9331352154531947,0.9821693907875185,0.9895988112927192,eng_latn-spa_latn,eng_latn,spa_latn,flores+opus+tatoeba+bouquet,1000mb,11,2690,673,6.02,,,,,,,
ridge,0.09836061298847198,0.14195570349693298,0.8384006324829265,0.9732540861812778,0.9955423476968797,0.9955423476968797,0.9301634472511144,0.9836552748885586,0.9895988112927192,eng_latn-spa_latn,eng_latn,spa_latn,flores+opus+tatoeba+bouquet,1000mb,11,2690,673,6.02,100.0,,,,,,
mlp,0.10761088877916336,0.14390116930007935,0.8372754977895178,0.9583952451708767,0.9940564635958395,0.9955423476968797,0.8855869242199108,0.9762258543833581,0.986627043090639,eng_latn-spa_latn,eng_latn,spa_latn,flores+opus+tatoeba+bouquet,1000mb,11,2690,673,6.02,,0.0989415790689619,0.15160369873046875,0.1440320461988449,0.15147748589515686,75.0,96.0
identity,2.0833544731140137,2.065157175064087,0.803796369457601,0.0014858841010401188,0.008915304606240713,0.02674591381872214,0.0,0.0029717682020802376,0.0029717682020802376,eng_latn-spa_latn,eng_latn,spa_latn,flores+opus+tatoeba+bouquet,1000mb,12,2690,673,5.39,,,,,,,
procrustes,0.39991477131843567,0.5327877402305603,0.8037963685075652,0.974739970282318,0.9940564635958395,0.9955423476968797,0.9390787518573551,0.9851411589895989,0.9910846953937593,eng_latn-spa_latn,eng_latn,spa_latn,flores+opus+tatoeba+bouquet,1000mb,12,2690,673,5.39,,,,,,,
affine,0.22551071643829346,0.44061464071273804,0.7934890153712933,0.9687964338781575,0.9910846953937593,0.9940564635958395,0.9167904903417533,0.9806835066864784,0.9895988112927192,eng_latn-spa_latn,eng_latn,spa_latn,flores+opus+tatoeba+bouquet,1000mb,12,2690,673,5.39,,,,,,,
ridge,0.28326767683029175,0.3517458140850067,0.8254948046704962,0.9524517087667161,0.9910846953937593,0.9925705794947994,0.8900445765230312,0.9717682020802377,0.9851411589895989,eng_latn-spa_latn,eng_latn,spa_latn,flores+opus+tatoeba+bouquet,1000mb,12,2690,673,5.39,1000.0,,,,,,
mlp,0.2737923860549927,0.3700399696826935,0.8213616636473625,0.9643387815750372,0.9925705794947994,0.9940564635958395,0.8900445765230312,0.9806835066864784,0.986627043090639,eng_latn-spa_latn,eng_latn,spa_latn,flores+opus+tatoeba+bouquet,1000mb,12,2690,673,5.39,,0.245147348234528,0.3879263699054718,0.3711026906967163,0.3861394226551056,57.0,78.0
identity,0.00016970495926216245,0.00017056659271474928,0.5463490679648789,0.007838745800671893,0.027995520716685332,0.04479283314669653,0.0011198208286674132,0.006718924972004479,0.019036954087346025,eng_latn-arb_arab,eng_latn,arb_arab,flores+opus+tatoeba+bouquet,1000mb,0,3570,893,7.75,,,,,,,
procrustes,5.8814712247112766e-05,7.750602526357397e-05,0.5463490708421235,0.48824188129899215,0.6461366181410975,0.7110862262038073,0.3583426651735722,0.5106382978723404,0.568868980963046,eng_latn-arb_arab,eng_latn,arb_arab,flores+opus+tatoeba+bouquet,1000mb,0,3570,893,7.75,,,,,,,
affine,3.5462093364913017e-05,5.9899321058765054e-05,0.5915988699227522,0.3449048152295633,0.5240761478163494,0.606942889137738,0.24076147816349383,0.3706606942889138,0.45128779395296753,eng_latn-arb_arab,eng_latn,arb_arab,flores+opus+tatoeba+bouquet,1000mb,0,3570,893,7.75,,,,,,,
ridge,4.0527731471229345e-05,4.9779555411078036e-05,0.638794478699574,0.2866741321388578,0.45576707726763716,0.5319148936170213,0.18477043673012317,0.3090705487122061,0.3673012318029115,eng_latn-arb_arab,eng_latn,arb_arab,flores+opus+tatoeba+bouquet,1000mb,0,3570,893,7.75,0.1,,,,,,
mlp,6.844789459137246e-05,6.851645593997091e-05,0.4421886409671891,0.0011198208286674132,0.005599104143337066,0.011198208286674132,0.0,0.0022396416573348264,0.0022396416573348264,eng_latn-arb_arab,eng_latn,arb_arab,flores+opus+tatoeba+bouquet,1000mb,0,3570,893,7.75,,6.838636624047021e-05,6.922231841599569e-05,6.859634595457464e-05,6.911350646987557e-05,58.0,79.0
identity,0.03507722169160843,0.035001009702682495,0.6534087400999228,0.0011198208286674132,0.013437849944008958,0.023516237402015677,0.0011198208286674132,0.004479283314669653,0.007838745800671893,eng_latn-arb_arab,eng_latn,arb_arab,flores+opus+tatoeba+bouquet,1000mb,1,3570,893,5.71,,,,,,,
procrustes,0.005529172718524933,0.006698791868984699,0.6534087471571483,0.7368421052631579,0.8544232922732363,0.8801791713325868,0.620380739081747,0.7592385218365062,0.8062709966405375,eng_latn-arb_arab,eng_latn,arb_arab,flores+opus+tatoeba+bouquet,1000mb,1,3570,893,5.71,,,,,,,
affine,0.002819828921929002,0.004700062330812216,0.6820867622574298,0.64501679731243,0.8017917133258678,0.8421052631578947,0.5005599104143337,0.6808510638297872,0.7312430011198209,eng_latn-arb_arab,eng_latn,arb_arab,flores+opus+tatoeba+bouquet,1000mb,1,3570,893,5.71,,,,,,,
ridge,0.00342582818120718,0.003964325878769159,0.7134783300249976,0.5722284434490481,0.7502799552071668,0.8006718924972005,0.4322508398656215,0.6103023516237402,0.683090705487122,eng_latn-arb_arab,eng_latn,arb_arab,flores+opus+tatoeba+bouquet,1000mb,1,3570,893,5.71,10.0,,,,,,
mlp,0.00487541826441884,0.0048326910473406315,0.6650303275044661,0.027995520716685332,0.1019036954087346,0.14669652855543114,0.010078387458006719,0.03135498320268757,0.054871220604703244,eng_latn-arb_arab,eng_latn,arb_arab,flores+opus+tatoeba+bouquet,1000mb,1,3570,893,5.71,,0.004886775852783638,0.004913494922220707,0.004837514366954565,0.004892534576356411,17.0,38.0
identity,0.07972746342420578,0.07972792536020279,0.7166861214901367,0.005599104143337066,0.014557670772676373,0.023516237402015677,0.0011198208286674132,0.004479283314669653,0.011198208286674132,eng_latn-arb_arab,eng_latn,arb_arab,flores+opus+tatoeba+bouquet,1000mb,2,3570,893,6.37,,,,,,,
procrustes,0.008867497555911541,0.010570615530014038,0.7166861293697633,0.7793952967525196,0.8801791713325868,0.9092945128779395,0.6528555431131019,0.8051511758118701,0.8432250839865622,eng_latn-arb_arab,eng_latn,arb_arab,flores+opus+tatoeba+bouquet,1000mb,2,3570,893,6.37,,,,,,,
affine,0.004256200976669788,0.0071513475850224495,0.731065658403615,0.6920492721164614,0.8309070548712206,0.8656215005599104,0.5363941769316909,0.7245240761478163,0.7760358342665173,eng_latn-arb_arab,eng_latn,arb_arab,flores+opus+tatoeba+bouquet,1000mb,2,3570,893,6.37,,,,,,,
ridge,0.005055793561041355,0.006027872208505869,0.7659226696032797,0.683090705487122,0.8275475923852184,0.858902575587906,0.5330347144456887,0.7077267637178052,0.7603583426651735,eng_latn-arb_arab,eng_latn,arb_arab,flores+opus+tatoeba+bouquet,1000mb,2,3570,893,6.37,10.0,,,,,,
mlp,0.007045701611787081,0.007049108389765024,0.7502031586110398,0.09966405375139978,0.2687569988801792,0.3617021276595745,0.03807390817469205,0.10638297872340426,0.1590145576707727,eng_latn-arb_arab,eng_latn,arb_arab,flores+opus+tatoeba+bouquet,1000mb,2,3570,893,6.37,,0.007048327137953511,0.007401743438094854,0.007071207277476788,0.007370558101683855,31.0,52.0
identity,0.11508539319038391,0.11502964049577713,0.7072445285272071,0.0011198208286674132,0.008958566629339306,0.020156774916013438,0.0011198208286674132,0.0022396416573348264,0.004479283314669653,eng_latn-arb_arab,eng_latn,arb_arab,flores+opus+tatoeba+bouquet,1000mb,3,3570,893,7.18,,,,,,,
procrustes,0.014447829686105251,0.017335668206214905,0.7072445281187671,0.845464725643897,0.9137737961926092,0.9384098544232923,0.7312430011198209,0.8689809630459127,0.8924972004479284,eng_latn-arb_arab,eng_latn,arb_arab,flores+opus+tatoeba+bouquet,1000mb,3,3570,893,7.18,,,,,,,
affine,0.007494330871850252,0.012628728523850441,0.7123019473366291,0.7827547592385219,0.8880179171332587,0.9171332586786114,0.6506159014557671,0.7984322508398656,0.8376259798432251,eng_latn-arb_arab,eng_latn,arb_arab,flores+opus+tatoeba+bouquet,1000mb,3,3570,893,7.18,,,,,,,
ridge,0.008539792150259018,0.010703407227993011,0.7441995662387656,0.7894736842105263,0.8936170212765957,0.9204927211646137,0.6506159014557671,0.8219484882418813,0.8622620380739082,eng_latn-arb_arab,eng_latn,arb_arab,flores+opus+tatoeba+bouquet,1000mb,3,3570,893,7.18,10.0,,,,,,
mlp,0.011733097955584526,0.011940711177885532,0.731012716706263,0.3482642777155655,0.6125419932810751,0.7155655095184771,0.15677491601343785,0.3706606942889138,0.47816349384098544,eng_latn-arb_arab,eng_latn,arb_arab,flores+opus+tatoeba+bouquet,1000mb,3,3570,893,7.18,,0.011773359779195459,0.011875181458890438,0.01195493433624506,0.01186345610767603,46.0,67.0
identity,0.15753307938575745,0.15726569294929504,0.7093914402004604,0.0011198208286674132,0.010078387458006719,0.013437849944008958,0.0,0.0,0.005599104143337066,eng_latn-arb_arab,eng_latn,arb_arab,flores+opus+tatoeba+bouquet,1000mb,4,3570,893,7.78,,,,,,,
procrustes,0.022019173949956894,0.026841850951313972,0.7093914359916891,0.8734602463605823,0.9384098544232923,0.9630459126539753,0.8006718924972005,0.8913773796192609,0.9148936170212766,eng_latn-arb_arab,eng_latn,arb_arab,flores+opus+tatoeba+bouquet,1000mb,4,3570,893,7.78,,,,,,,
affine,0.01211352925747633,0.020442306995391846,0.7032995399006309,0.8398656215005599,0.9182530795072789,0.9395296752519597,0.7379619260918253,0.8667413213885778,0.8902575587905935,eng_latn-arb_arab,eng_latn,arb_arab,flores+opus+tatoeba+bouquet,1000mb,4,3570,893,7.78,,,,,,,
ridge,0.015630925074219704,0.017393769696354866,0.740081225581824,0.8029115341545353,0.896976483762598,0.9339305711086227,0.6909294512877939,0.8197088465845465,0.8566629339305711,eng_latn-arb_arab,eng_latn,arb_arab,flores+opus+tatoeba+bouquet,1000mb,4,3570,893,7.78,100.0,,,,,,
mlp,0.01805371232330799,0.018814662471413612,0.7328759210973065,0.6248600223964166,0.8185890257558791,0.8689809630459127,0.41881298992161253,0.6696528555431132,0.7681970884658454,eng_latn-arb_arab,eng_latn,arb_arab,flores+opus+tatoeba+bouquet,1000mb,4,3570,893,7.78,,0.01817769389234337,0.018088536337018013,0.018849287182092667,0.01803194172680378,60.0,81.0
identity,0.19698835909366608,0.19640395045280457,0.7097772458940682,0.0011198208286674132,0.006718924972004479,0.014557670772676373,0.0,0.0022396416573348264,0.004479283314669653,eng_latn-arb_arab,eng_latn,arb_arab,flores+opus+tatoeba+bouquet,1000mb,5,3570,893,11.2,,,,,,,
procrustes,0.029870530590415,0.03702762350440025,0.7097772548185785,0.8801791713325868,0.9473684210526315,0.9652855543113102,0.8107502799552072,0.9014557670772676,0.9260918253079508,eng_latn-arb_arab,eng_latn,arb_arab,flores+opus+tatoeba+bouquet,1000mb,5,3570,893,11.2,,,,,,,
affine,0.017025679349899292,0.028686221688985825,0.7087273348052032,0.8633818589025756,0.9260918253079508,0.948488241881299,0.77491601343785,0.8723404255319149,0.9048152295632699,eng_latn-arb_arab,eng_latn,arb_arab,flores+opus+tatoeba+bouquet,1000mb,5,3570,893,11.2,,,,,,,
ridge,0.021262919530272484,0.024317599833011627,0.7398185861433305,0.8297872340425532,0.9204927211646137,0.9406494960806271,0.7323628219484882,0.851063829787234,0.8846584546472565,eng_latn-arb_arab,eng_latn,arb_arab,flores+opus+tatoeba+bouquet,1000mb,5,3570,893,11.2,100.0,,,,,,
mlp,0.02411404438316822,0.025784457102417946,0.7354397283114967,0.7133258678611423,0.8723404255319149,0.9070548712206047,0.561030235162374,0.7670772676371781,0.8230683090705487,eng_latn-arb_arab,eng_latn,arb_arab,flores+opus+tatoeba+bouquet,1000mb,5,3570,893,11.2,,0.024044831520786472,0.025914303958415985,0.025794753804802895,0.02586728148162365,132.0,153.0
identity,0.24873434007167816,0.24765236675739288,0.7134042590709925,0.0011198208286674132,0.008958566629339306,0.019036954087346025,0.0,0.0022396416573348264,0.005599104143337066,eng_latn-arb_arab,eng_latn,arb_arab,flores+opus+tatoeba+bouquet,1000mb,6,3570,893,13.1,,,,,,,
procrustes,0.03908003494143486,0.04896995425224304,0.7134042740297,0.8992161254199328,0.9641657334826428,0.9686450167973124,0.8365061590145577,0.9260918253079508,0.9440089585666294,eng_latn-arb_arab,eng_latn,arb_arab,flores+opus+tatoeba+bouquet,1000mb,6,3570,893,13.1,,,,,,,
affine,0.022010603919625282,0.037043992429971695,0.7164388880229396,0.8745800671892497,0.9473684210526315,0.9652855543113102,0.7905935050391937,0.8891377379619261,0.9148936170212766,eng_latn-arb_arab,eng_latn,arb_arab,flores+opus+tatoeba+bouquet,1000mb,6,3570,893,13.1,,,,,,,
ridge,0.02664770372211933,0.03143688291311264,0.7450902869547813,0.858902575587906,0.9417693169092946,0.9574468085106383,0.7637178051511758,0.8801791713325868,0.9137737961926092,eng_latn-arb_arab,eng_latn,arb_arab,flores+opus+tatoeba+bouquet,1000mb,6,3570,893,13.1,100.0,,,,,,
mlp,0.02943253703415394,0.03266742825508118,0.7434110214344325,0.7849944008958567,0.9059350503919373,0.9361702127659575,0.6696528555431132,0.8219484882418813,0.864501679731243,eng_latn-arb_arab,eng_latn,arb_arab,flores+opus+tatoeba+bouquet,1000mb,6,3570,893,13.1,,0.02911785540773588,0.0331772081553936,0.032697055488824844,0.033072229474782944,172.0,193.0
identity,0.3143433928489685,0.31305527687072754,0.7107897953227438,0.0022396416573348264,0.008958566629339306,0.02463605823068309,0.0,0.0033594624860022394,0.0033594624860022394,eng_latn-arb_arab,eng_latn,arb_arab,flores+opus+tatoeba+bouquet,1000mb,7,3570,893,13.31,,,,,,,
procrustes,0.05173070356249809,0.06568483263254166,0.7107898026969579,0.9182530795072789,0.9686450167973124,0.9720044792833147,0.8544232922732363,0.9328107502799552,0.9518477043673013,eng_latn-arb_arab,eng_latn,arb_arab,flores+opus+tatoeba+bouquet,1000mb,7,3570,893,13.31,,,,,,,
affine,0.03059862181544304,0.0511942096054554,0.7220871485791193,0.883538633818589,0.9462486002239642,0.961926091825308,0.7961926091825308,0.8947368421052632,0.9171332586786114,eng_latn-arb_arab,eng_latn,arb_arab,flores+opus+tatoeba+bouquet,1000mb,7,3570,893,13.31,,,,,,,
ridge,0.03577401861548424,0.04362528398633003,0.7492034715826383,0.8768197088465846,0.9406494960806271,0.9596864501679732,0.7827547592385219,0.8980963045912654,0.9137737961926092,eng_latn-arb_arab,eng_latn,arb_arab,flores+opus+tatoeba+bouquet,1000mb,7,3570,893,13.31,100.0,,,,,,
mlp,0.03770872950553894,0.04457211121916771,0.7487203032111992,0.8253079507278835,0.9260918253079508,0.9496080627099664,0.7110862262038073,0.8533034714445689,0.896976483762598,eng_latn-arb_arab,eng_latn,arb_arab,flores+opus+tatoeba+bouquet,1000mb,7,3570,893,13.31,,0.037324556021713744,0.04402485489845276,0.044594015926122665,0.043922945857048035,192.0,200.0
identity,0.4140998423099518,0.41209009289741516,0.7015588594299903,0.0033594624860022394,0.01791713325867861,0.022396416573348264,0.0022396416573348264,0.0033594624860022394,0.008958566629339306,eng_latn-arb_arab,eng_latn,arb_arab,flores+opus+tatoeba+bouquet,1000mb,8,3570,893,12.09,,,,,,,
procrustes,0.07557884603738785,0.09589747339487076,0.7015588564064126,0.921612541993281,0.9675251959686451,0.973124300111982,0.8611422172452408,0.9440089585666294,0.9574468085106383,eng_latn-arb_arab,eng_latn,arb_arab,flores+opus+tatoeba+bouquet,1000mb,8,3570,893,12.09,,,,,,,
affine,0.04313337057828903,0.07211141288280487,0.7127322062463283,0.8958566629339306,0.9596864501679732,0.9686450167973124,0.7928331466965286,0.910414333706607,0.9361702127659575,eng_latn-arb_arab,eng_latn,arb_arab,flores+opus+tatoeba+bouquet,1000mb,8,3570,893,12.09,,,,,,,
ridge,0.04873603209853172,0.06180812045931816,0.7431393340102073,0.8779395296752519,0.9540873460246361,0.9664053751399776,0.7961926091825308,0.9092945128779395,0.9339305711086227,eng_latn-arb_arab,eng_latn,arb_arab,flores+opus+tatoeba+bouquet,1000mb,8,3570,893,12.09,100.0,,,,,,
mlp,0.0488625131547451,0.06230413168668747,0.7417371491485671,0.8521836506159015,0.93505039193729,0.9574468085106383,0.7458006718924972,0.8723404255319149,0.9059350503919373,eng_latn-arb_arab,eng_latn,arb_arab,flores+opus+tatoeba+bouquet,1000mb,8,3570,893,12.09,,0.04752710198654848,0.060978952795267105,0.06223027780652046,0.060940198600292206,153.0,174.0
identity,0.5799230933189392,0.5774563550949097,0.669833789676465,0.0011198208286674132,0.006718924972004479,0.029115341545352745,0.0011198208286674132,0.0022396416573348264,0.0033594624860022394,eng_latn-arb_arab,eng_latn,arb_arab,flores+opus+tatoeba+bouquet,1000mb,9,3570,893,8.52,,,,,,,
procrustes,0.1138872280716896,0.1429295539855957,0.6698337912348618,0.9115341545352743,0.9585666293393057,0.9697648376259799,0.8409854423292273,0.9294512877939529,0.9462486002239642,eng_latn-arb_arab,eng_latn,arb_arab,flores+opus+tatoeba+bouquet,1000mb,9,3570,893,8.52,,,,,,,
affine,0.06781959533691406,0.11246035248041153,0.6833666134969597,0.8857782754759238,0.948488241881299,0.9630459126539753,0.7872340425531915,0.896976483762598,0.9238521836506159,eng_latn-arb_arab,eng_latn,arb_arab,flores+opus+tatoeba+bouquet,1000mb,9,3570,893,8.52,,,,,,,
ridge,0.0746239721775055,0.09757919609546661,0.7128215878594549,0.8745800671892497,0.9462486002239642,0.9608062709966405,0.7827547592385219,0.8936170212765957,0.9193729003359462,eng_latn-arb_arab,eng_latn,arb_arab,flores+opus+tatoeba+bouquet,1000mb,9,3570,893,8.52,100.0,,,,,,
mlp,0.07521260529756546,0.09769804775714874,0.7102239171570808,0.8353863381858903,0.9227323628219485,0.948488241881299,0.7144456886898096,0.8477043673012318,0.8857782754759238,eng_latn-arb_arab,eng_latn,arb_arab,flores+opus+tatoeba+bouquet,1000mb,9,3570,893,8.52,,0.07097089582798528,0.10031947493553162,0.09768944978713989,0.1001996323466301,79.0,100.0
identity,0.8407459855079651,0.8376625180244446,0.6569339465409892,0.0011198208286674132,0.010078387458006719,0.026875699888017916,0.0,0.0,0.0022396416573348264,eng_latn-arb_arab,eng_latn,arb_arab,flores+opus+tatoeba+bouquet,1000mb,10,3570,893,7.98,,,,,,,
procrustes,0.16675011813640594,0.2071845829486847,0.6569339436752751,0.8958566629339306,0.9552071668533034,0.9652855543113102,0.8141097424412094,0.9126539753639418,0.93505039193729,eng_latn-arb_arab,eng_latn,arb_arab,flores+opus+tatoeba+bouquet,1000mb,10,3570,893,7.98,,,,,,,
affine,0.09946351498365402,0.16433008015155792,0.6671221108575672,0.8533034714445689,0.9328107502799552,0.9574468085106383,0.7413213885778276,0.8756998880179171,0.8936170212765957,eng_latn-arb_arab,eng_latn,arb_arab,flores+opus+tatoeba+bouquet,1000mb,10,3570,893,7.98,,,,,,,
ridge,0.10703118145465851,0.14390626549720764,0.6974983181470775,0.8533034714445689,0.93505039193729,0.9529675251959686,0.7435610302351624,0.8734602463605823,0.9036954087346024,eng_latn-arb_arab,eng_latn,arb_arab,flores+opus+tatoeba+bouquet,1000mb,10,3570,893,7.98,100.0,,,,,,
mlp,0.10795606672763824,0.14338847994804382,0.699130906284816,0.8241881298992161,0.9182530795072789,0.9473684210526315,0.6786114221724524,0.8409854423292273,0.8723404255319149,eng_latn-arb_arab,eng_latn,arb_arab,flores+opus+tatoeba+bouquet,1000mb,10,3570,893,7.98,,0.09941382326331794,0.14844870567321777,0.14359275996685028,0.14789558947086334,67.0,88.0
identity,1.138736367225647,1.1350171566009521,0.6430770522534741,0.0011198208286674132,0.012318029115341545,0.025755879059350503,0.0,0.0022396416573348264,0.0033594624860022394,eng_latn-arb_arab,eng_latn,arb_arab,flores+opus+tatoeba+bouquet,1000mb,11,3570,893,8.28,,,,,,,
procrustes,0.2209315299987793,0.2738432288169861,0.6430770518625157,0.8656215005599104,0.9339305711086227,0.9496080627099664,0.7581187010078387,0.8779395296752519,0.8992161254199328,eng_latn-arb_arab,eng_latn,arb_arab,flores+opus+tatoeba+bouquet,1000mb,11,3570,893,8.28,,,,,,,
affine,0.13320569694042206,0.21938034892082214,0.6506068395840043,0.8118701007838746,0.9227323628219485,0.9428891377379619,0.671892497200448,0.8309070548712206,0.8723404255319149,eng_latn-arb_arab,eng_latn,arb_arab,flores+opus+tatoeba+bouquet,1000mb,11,3570,893,8.28,,,,,,,
ridge,0.16885042190551758,0.19200614094734192,0.6818566091877991,0.7110862262038073,0.8622620380739082,0.9036954087346024,0.5599104143337066,0.7435610302351624,0.8006718924972005,eng_latn-arb_arab,eng_latn,arb_arab,flores+opus+tatoeba+bouquet,1000mb,11,3570,893,8.28,1000.0,,,,,,
mlp,0.13767439126968384,0.1939982920885086,0.6736032496341896,0.7569988801791714,0.8868980963045913,0.9227323628219485,0.6035834266517357,0.780515117581187,0.8275475923852184,eng_latn-arb_arab,eng_latn,arb_arab,flores+opus+tatoeba+bouquet,1000mb,11,3570,893,8.28,,0.1267635134213111,0.18777862191200256,0.19445040822029114,0.18660226464271545,73.0,94.0
identity,2.2732126712799072,2.2612717151641846,0.6361115718809368,0.0011198208286674132,0.007838745800671893,0.015677491601343786,0.0,0.0,0.0022396416573348264,eng_latn-arb_arab,eng_latn,arb_arab,flores+opus+tatoeba+bouquet,1000mb,12,3570,893,7.55,,,,,,,
procrustes,0.556718111038208,0.6953603029251099,0.6361115699772458,0.8756998880179171,0.9417693169092946,0.9596864501679732,0.7693169092945129,0.9025755879059351,0.9249720044792833,eng_latn-arb_arab,eng_latn,arb_arab,flores+opus+tatoeba+bouquet,1000mb,12,3570,893,7.55,,,,,,,
affine,0.33914443850517273,0.5572590231895447,0.6533335174430345,0.8073908174692049,0.9059350503919373,0.9384098544232923,0.6606942889137738,0.8286674132138858,0.8656215005599104,eng_latn-arb_arab,eng_latn,arb_arab,flores+opus+tatoeba+bouquet,1000mb,12,3570,893,7.55,,,,,,,
ridge,0.39182332158088684,0.47789087891578674,0.6857365916460454,0.7659574468085106,0.8868980963045913,0.9171332586786114,0.6192609182530795,0.7928331466965286,0.8432250839865622,eng_latn-arb_arab,eng_latn,arb_arab,flores+opus+tatoeba+bouquet,1000mb,12,3570,893,7.55,1000.0,,,,,,
mlp,0.35467562079429626,0.49457764625549316,0.6756583191870963,0.7726763717805151,0.8824188129899216,0.9182530795072789,0.6024636058230683,0.7961926091825308,0.8398656215005599,eng_latn-arb_arab,eng_latn,arb_arab,flores+opus+tatoeba+bouquet,1000mb,12,3570,893,7.55,,0.3176877247352226,0.49183303117752075,0.49856314063072205,0.48821964859962463,58.0,79.0
identity,0.00015936883573886007,0.00015924015315249562,0.6827262754030285,0.006501950585175552,0.022106631989596878,0.0377113133940182,0.0013003901170351106,0.0039011703511053317,0.011703511053315995,eng_latn-hin_deva,eng_latn,hin_deva,flores+opus+tatoeba+bouquet,1000mb,0,3072,769,5.87,,,,,,,
procrustes,4.862101559410803e-05,6.399198900908232e-05,0.6827262735215354,0.659297789336801,0.7867360208062418,0.8335500650195059,0.5136540962288687,0.6762028608582574,0.7269180754226268,eng_latn-hin_deva,eng_latn,hin_deva,flores+opus+tatoeba+bouquet,1000mb,0,3072,769,5.87,,,,,,,
affine,2.6181252906098962e-05,4.770579107571393e-05,0.7410366909776479,0.43823146944083224,0.6189856957087126,0.6788036410923277,0.28998699609882966,0.44993498049414826,0.5227568270481144,eng_latn-hin_deva,eng_latn,hin_deva,flores+opus+tatoeba+bouquet,1000mb,0,3072,769,5.87,,,,,,,
ridge,3.1149415008258075e-05,3.8245398172875866e-05,0.7799314110881761,0.3459037711313394,0.5188556566970091,0.599479843953186,0.19635890767230169,0.37451235370611186,0.4343302990897269,eng_latn-hin_deva,eng_latn,hin_deva,flores+opus+tatoeba+bouquet,1000mb,0,3072,769,5.87,0.1,,,,,,
mlp,5.8598707255441695e-05,5.940136907156557e-05,0.5237494758038665,0.0013003901170351106,0.006501950585175552,0.013003901170351105,0.0,0.0013003901170351106,0.0013003901170351106,eng_latn-hin_deva,eng_latn,hin_deva,flores+opus+tatoeba+bouquet,1000mb,0,3072,769,5.87,,5.8554575430620886e-05,5.9069723647553474e-05,5.9426391089800745e-05,5.903360579395667e-05,37.0,58.0
identity,0.03734192997217178,0.03719969093799591,0.7240454575317312,0.0013003901170351106,0.011703511053315995,0.022106631989596878,0.0,0.0013003901170351106,0.0039011703511053317,eng_latn-hin_deva,eng_latn,hin_deva,flores+opus+tatoeba+bouquet,1000mb,1,3072,769,5.11,,,,,,,
procrustes,0.005164550617337227,0.00642726756632328,0.7240454585157605,0.788036410923277,0.8985695708712613,0.9258777633289987,0.6671001300390117,0.8010403120936281,0.8439531859557867,eng_latn-hin_deva,eng_latn,hin_deva,flores+opus+tatoeba+bouquet,1000mb,1,3072,769,5.11,,,,,,,
affine,0.00259818765334785,0.004793493077158928,0.7763878810476034,0.6137841352405722,0.7867360208062418,0.846553966189857,0.4616384915474642,0.6436931079323797,0.7074122236671001,eng_latn-hin_deva,eng_latn,hin_deva,flores+opus+tatoeba+bouquet,1000mb,1,3072,769,5.11,,,,,,,
ridge,0.0032977908849716187,0.003929115831851959,0.8086094365119533,0.540962288686606,0.7269180754226268,0.788036410923277,0.3576072821846554,0.5448634590377113,0.611183355006502,eng_latn-hin_deva,eng_latn,hin_deva,flores+opus+tatoeba+bouquet,1000mb,1,3072,769,5.11,10.0,,,,,,
mlp,0.004760289564728737,0.0048736464232206345,0.7745462992702375,0.0247074122236671,0.08712613784135241,0.1378413524057217,0.0039011703511053317,0.02600780234070221,0.04681404421326398,eng_latn-hin_deva,eng_latn,hin_deva,flores+opus+tatoeba+bouquet,1000mb,1,3072,769,5.11,,0.0047673214311626825,0.00480085052549839,0.004879030864685774,0.00478213420137763,21.0,42.0
identity,0.08615925908088684,0.08554758876562119,0.7879252281028061,0.002600780234070221,0.014304291287386216,0.02340702210663199,0.0,0.0013003901170351106,0.006501950585175552,eng_latn-hin_deva,eng_latn,hin_deva,flores+opus+tatoeba+bouquet,1000mb,2,3072,769,6.4,,,,,,,
procrustes,0.007618313655257225,0.009351903572678566,0.7879252254964404,0.8413524057217165,0.9232769830949284,0.9466840052015605,0.7308192457737321,0.8517555266579974,0.8842652795838751,eng_latn-hin_deva,eng_latn,hin_deva,flores+opus+tatoeba+bouquet,1000mb,2,3072,769,6.4,,,,,,,
affine,0.003870034357532859,0.007124511990696192,0.8199589824447234,0.7243172951885566,0.8660598179453837,0.9206762028608583,0.5630689206762028,0.7555266579973993,0.7971391417425228,eng_latn-hin_deva,eng_latn,hin_deva,flores+opus+tatoeba+bouquet,1000mb,2,3072,769,6.4,,,,,,,
ridge,0.004784093238413334,0.005852045491337776,0.8510333904149593,0.6996098829648895,0.846553966189857,0.8946684005201561,0.5279583875162549,0.717815344603381,0.7776332899869961,eng_latn-hin_deva,eng_latn,hin_deva,flores+opus+tatoeba+bouquet,1000mb,2,3072,769,6.4,10.0,,,,,,
mlp,0.006815426517277956,0.006995249539613724,0.8395803649048788,0.13394018205461639,0.3107932379713914,0.4187256176853056,0.044213263979193757,0.13003901170351106,0.1846553966189857,eng_latn-hin_deva,eng_latn,hin_deva,flores+opus+tatoeba+bouquet,1000mb,2,3072,769,6.4,,0.006826344813982194,0.006925989408046007,0.007006732281297445,0.006906172260642052,53.0,74.0
identity,0.12451031804084778,0.12367493659257889,0.7778213697409394,0.002600780234070221,0.011703511053315995,0.02990897269180754,0.0,0.0039011703511053317,0.006501950585175552,eng_latn-hin_deva,eng_latn,hin_deva,flores+opus+tatoeba+bouquet,1000mb,3,3072,769,6.91,,,,,,,
procrustes,0.012870890088379383,0.0158558152616024,0.7778213505182041,0.8985695708712613,0.9609882964889467,0.9804941482444733,0.7841352405721717,0.9024707412223667,0.9323797139141743,eng_latn-hin_deva,eng_latn,hin_deva,flores+opus+tatoeba+bouquet,1000mb,3,3072,769,6.91,,,,,,,
affine,0.007156687323004007,0.013144751079380512,0.7973236022715006,0.823146944083225,0.9362808842652796,0.9622886866059818,0.6918075422626788,0.8439531859557867,0.8985695708712613,eng_latn-hin_deva,eng_latn,hin_deva,flores+opus+tatoeba+bouquet,1000mb,3,3072,769,6.91,,,,,,,
ridge,0.008462337777018547,0.010850227437913418,0.8268352704438642,0.8296488946684005,0.9375812743823146,0.9609882964889467,0.7139141742522757,0.8400520156046815,0.8855656697009102,eng_latn-hin_deva,eng_latn,hin_deva,flores+opus+tatoeba+bouquet,1000mb,3,3072,769,6.91,10.0,,,,,,
mlp,0.011914771050214767,0.01236005686223507,0.8180957122959437,0.42912873862158646,0.7009102730819246,0.7932379713914174,0.22366710013003901,0.4486345903771131,0.5812743823146944,eng_latn-hin_deva,eng_latn,hin_deva,flores+opus+tatoeba+bouquet,1000mb,3,3072,769,6.91,,0.011977137807248668,0.011946577578783035,0.012370366603136063,0.01192136574536562,63.0,84.0
identity,0.16884642839431763,0.1673794686794281,0.7680134285332786,0.002600780234070221,0.013003901170351105,0.022106631989596878,0.0013003901170351106,0.0013003901170351106,0.005201560468140442,eng_latn-hin_deva,eng_latn,hin_deva,flores+opus+tatoeba+bouquet,1000mb,4,3072,769,8.91,,,,,,,
procrustes,0.02024480327963829,0.025195268914103508,0.7680134361745965,0.9245773732119635,0.9778933680104032,0.988296488946684,0.8322496749024707,0.9323797139141743,0.9583875162548765,eng_latn-hin_deva,eng_latn,hin_deva,flores+opus+tatoeba+bouquet,1000mb,4,3072,769,8.91,,,,,,,
affine,0.011836146004498005,0.02167724072933197,0.7779783171338738,0.8868660598179454,0.9661898569570871,0.9856957087126138,0.7607282184655396,0.9089726918075423,0.9388816644993498,eng_latn-hin_deva,eng_latn,hin_deva,flores+opus+tatoeba+bouquet,1000mb,4,3072,769,8.91,,,,,,,
ridge,0.016247369349002838,0.018123352900147438,0.8101616917971772,0.8309492847854356,0.9466840052015605,0.9739921976592978,0.6892067620286085,0.8556566970091027,0.8972691807542262,eng_latn-hin_deva,eng_latn,hin_deva,flores+opus+tatoeba+bouquet,1000mb,4,3072,769,8.91,100.0,,,,,,
mlp,0.01870170794427395,0.019621219485998154,0.8073260164884101,0.6983094928478544,0.8751625487646294,0.9232769830949284,0.48244473342002603,0.716514954486346,0.7984395318595578,eng_latn-hin_deva,eng_latn,hin_deva,flores+opus+tatoeba+bouquet,1000mb,4,3072,769,8.91,,0.018615881489081818,0.020642759278416634,0.019669897854328156,0.02059774659574032,111.0,132.0
identity,0.21391066908836365,0.2119472324848175,0.764028227705692,0.0013003901170351106,0.013003901170351105,0.02860858257477243,0.0,0.0013003901170351106,0.0039011703511053317,eng_latn-hin_deva,eng_latn,hin_deva,flores+opus+tatoeba+bouquet,1000mb,5,3072,769,8.27,,,,,,,
procrustes,0.02881801500916481,0.03618503734469414,0.7640282340523062,0.9375812743823146,0.9843953185955787,0.9921976592977894,0.8478543563068921,0.9375812743823146,0.9661898569570871,eng_latn-hin_deva,eng_latn,hin_deva,flores+opus+tatoeba+bouquet,1000mb,5,3072,769,8.27,,,,,,,
affine,0.017458925023674965,0.031721681356430054,0.769394470753463,0.9050715214564369,0.9700910273081924,0.9856957087126138,0.7919375812743823,0.9128738621586476,0.9453836150845254,eng_latn-hin_deva,eng_latn,hin_deva,flores+opus+tatoeba+bouquet,1000mb,5,3072,769,8.27,,,,,,,
ridge,0.023101218044757843,0.026321720331907272,0.7996291590292297,0.871261378413524,0.9622886866059818,0.9817945383615084,0.7360208062418726,0.8881664499349805,0.9258777633289987,eng_latn-hin_deva,eng_latn,hin_deva,flores+opus+tatoeba+bouquet,1000mb,5,3072,769,8.27,100.0,,,,,,
mlp,0.026113523170351982,0.027921196073293686,0.7974852483454504,0.7633289986996099,0.9284785435630689,0.9570871261378413,0.599479843953186,0.7893368010403121,0.8699609882964889,eng_latn-hin_deva,eng_latn,hin_deva,flores+opus+tatoeba+bouquet,1000mb,5,3072,769,8.27,,0.026083879045803438,0.027273718267679214,0.027916288003325462,0.027250347658991814,96.0,117.0
identity,0.26892170310020447,0.26676952838897705,0.7666936049958153,0.0013003901170351106,0.007802340702210663,0.018205461638491547,0.0,0.0,0.0013003901170351106,eng_latn-hin_deva,eng_latn,hin_deva,flores+opus+tatoeba+bouquet,1000mb,6,3072,769,8.53,,,,,,,
procrustes,0.037855278700590134,0.04795464873313904,0.7666936013656293,0.9492847854356307,0.9921976592977894,0.9960988296488946,0.8699609882964889,0.9544863459037711,0.9791937581274383,eng_latn-hin_deva,eng_latn,hin_deva,flores+opus+tatoeba+bouquet,1000mb,6,3072,769,8.53,,,,,,,
affine,0.022561680525541306,0.04059896990656853,0.7726144703512478,0.918075422626788,0.9817945383615084,0.9921976592977894,0.8023407022106632,0.9336801040312094,0.9505851755526658,eng_latn-hin_deva,eng_latn,hin_deva,flores+opus+tatoeba+bouquet,1000mb,6,3072,769,8.53,,,,,,,
ridge,0.028693119063973427,0.03347050026059151,0.804061453165721,0.8985695708712613,0.9791937581274383,0.988296488946684,0.7750325097529259,0.9154746423927178,0.9466840052015605,eng_latn-hin_deva,eng_latn,hin_deva,flores+opus+tatoeba+bouquet,1000mb,6,3072,769,8.53,100.0,,,,,,
mlp,0.0319797545671463,0.034909747540950775,0.8020674040992538,0.8335500650195059,0.9557867360208062,0.9752925877763329,0.6723016905071522,0.8517555266579974,0.9167750325097529,eng_latn-hin_deva,eng_latn,hin_deva,flores+opus+tatoeba+bouquet,1000mb,6,3072,769,8.53,,0.03165972190485759,0.034852031618356705,0.0348627008497715,0.03483998030424118,103.0,124.0
identity,0.3475453853607178,0.3455379903316498,0.7733362275721213,0.0,0.011703511053315995,0.022106631989596878,0.0,0.0,0.0013003901170351106,eng_latn-hin_deva,eng_latn,hin_deva,flores+opus+tatoeba+bouquet,1000mb,7,3072,769,9.98,,,,,,,
procrustes,0.051852479577064514,0.06615421175956726,0.7733362218790819,0.9570871261378413,0.9895968790637191,0.9947984395318595,0.8907672301690507,0.9687906371911573,0.9791937581274383,eng_latn-hin_deva,eng_latn,hin_deva,flores+opus+tatoeba+bouquet,1000mb,7,3072,769,9.98,,,,,,,
affine,0.03111923672258854,0.05558614060282707,0.781113034297493,0.9245773732119635,0.976592977893368,0.9830949284785435,0.8192457737321196,0.9336801040312094,0.9648894668400521,eng_latn-hin_deva,eng_latn,hin_deva,flores+opus+tatoeba+bouquet,1000mb,7,3072,769,9.98,,,,,,,
ridge,0.03794235736131668,0.045808613300323486,0.8122958685046485,0.918075422626788,0.9778933680104032,0.9843953185955787,0.7945383615084526,0.9284785435630689,0.953185955786736,eng_latn-hin_deva,eng_latn,hin_deva,flores+opus+tatoeba+bouquet,1000mb,7,3072,769,9.98,100.0,,,,,,
mlp,0.04056267440319061,0.046774521470069885,0.8124840044738304,0.8686605981794538,0.9661898569570871,0.9804941482444733,0.7217165149544863,0.8946684005201561,0.9349804941482445,eng_latn-hin_deva,eng_latn,hin_deva,flores+opus+tatoeba+bouquet,1000mb,7,3072,769,9.98,,0.03990917068652131,0.047407202422618866,0.04678993672132492,0.047371018677949905,139.0,160.0
identity,0.45924991369247437,0.45707759261131287,0.7573621574810887,0.0,0.010403120936280884,0.02080624187256177,0.0,0.0,0.0013003901170351106,eng_latn-hin_deva,eng_latn,hin_deva,flores+opus+tatoeba+bouquet,1000mb,8,3072,769,9.46,,,,,,,
procrustes,0.07897277921438217,0.10065442323684692,0.7573621558442443,0.9544863459037711,0.9895968790637191,0.9934980494148244,0.8790637191157347,0.9609882964889467,0.9778933680104032,eng_latn-hin_deva,eng_latn,hin_deva,flores+opus+tatoeba+bouquet,1000mb,8,3072,769,9.46,,,,,,,
affine,0.04593528062105179,0.08182503283023834,0.7673601909461174,0.8985695708712613,0.976592977893368,0.9856957087126138,0.7854356306892067,0.9128738621586476,0.9479843953185956,eng_latn-hin_deva,eng_latn,hin_deva,flores+opus+tatoeba+bouquet,1000mb,8,3072,769,9.46,,,,,,,
ridge,0.05363644286990166,0.0676625519990921,0.7999891226363086,0.8972691807542262,0.9739921976592978,0.9843953185955787,0.7633289986996099,0.918075422626788,0.9544863459037711,eng_latn-hin_deva,eng_latn,hin_deva,flores+opus+tatoeba+bouquet,1000mb,8,3072,769,9.46,100.0,,,,,,
mlp,0.05503427982330322,0.06854119896888733,0.8003258951310057,0.8478543563068921,0.9505851755526658,0.9713914174252276,0.6840052015604682,0.8673602080624188,0.9154746423927178,eng_latn-hin_deva,eng_latn,hin_deva,flores+opus+tatoeba+bouquet,1000mb,8,3072,769,9.46,,0.05314092871479013,0.06903543323278427,0.06850118190050125,0.06892188638448715,128.0,149.0
identity,0.6452950835227966,0.6426494121551514,0.7517756466310829,0.0,0.007802340702210663,0.014304291287386216,0.0,0.0,0.0013003901170351106,eng_latn-hin_deva,eng_latn,hin_deva,flores+opus+tatoeba+bouquet,1000mb,9,3072,769,9.58,,,,,,,
procrustes,0.11595261096954346,0.14682233333587646,0.7517756355379152,0.9336801040312094,0.9869960988296489,0.9921976592977894,0.8556566970091027,0.9570871261378413,0.9739921976592978,eng_latn-hin_deva,eng_latn,hin_deva,flores+opus+tatoeba+bouquet,1000mb,9,3072,769,9.58,,,,,,,
affine,0.06750322878360748,0.1197509914636612,0.7670839595235494,0.8777633289986996,0.9700910273081924,0.9830949284785435,0.7516254876462939,0.9154746423927178,0.9440832249674902,eng_latn-hin_deva,eng_latn,hin_deva,flores+opus+tatoeba+bouquet,1000mb,9,3072,769,9.58,,,,,,,
ridge,0.07650706171989441,0.1000901311635971,0.797655291117117,0.8699609882964889,0.9622886866059818,0.9830949284785435,0.7399219765929779,0.8946684005201561,0.9349804941482445,eng_latn-hin_deva,eng_latn,hin_deva,flores+opus+tatoeba+bouquet,1000mb,9,3072,769,9.58,100.0,,,,,,
mlp,0.07394153624773026,0.10073067992925644,0.7973039494542331,0.8452535760728218,0.9479843953185956,0.9700910273081924,0.6801040312093628,0.8621586475942783,0.9128738621586476,eng_latn-hin_deva,eng_latn,hin_deva,flores+opus+tatoeba+bouquet,1000mb,9,3072,769,9.58,,0.0705676634203304,0.09956373274326324,0.10087838023900986,0.09946684539318085,134.0,155.0
identity,0.9402914047241211,0.9376580119132996,0.748942551314232,0.0013003901170351106,0.009102730819245773,0.016905071521456438,0.0013003901170351106,0.0013003901170351106,0.0013003901170351106,eng_latn-hin_deva,eng_latn,hin_deva,flores+opus+tatoeba+bouquet,1000mb,10,3072,769,7.75,,,,,,,
procrustes,0.17442373931407928,0.21900250017642975,0.7489425480866342,0.9141742522756827,0.9752925877763329,0.9843953185955787,0.8192457737321196,0.9388816644993498,0.9570871261378413,eng_latn-hin_deva,eng_latn,hin_deva,flores+opus+tatoeba+bouquet,1000mb,10,3072,769,7.75,,,,,,,
affine,0.10201612114906311,0.1809857338666916,0.7653743396484635,0.8556566970091027,0.9466840052015605,0.9661898569570871,0.7009102730819246,0.8751625487646294,0.9167750325097529,eng_latn-hin_deva,eng_latn,hin_deva,flores+opus+tatoeba+bouquet,1000mb,10,3072,769,7.75,,,,,,,
ridge,0.1125137135386467,0.15242919325828552,0.7952783127996578,0.8452535760728218,0.9466840052015605,0.9661898569570871,0.6853055916775033,0.8764629388816645,0.9154746423927178,eng_latn-hin_deva,eng_latn,hin_deva,flores+opus+tatoeba+bouquet,1000mb,10,3072,769,7.75,100.0,,,,,,
mlp,0.11363165825605392,0.15299572050571442,0.7973696236998674,0.8010403120936281,0.9271781534460338,0.9505851755526658,0.6098829648894668,0.8374512353706112,0.8764629388816645,eng_latn-hin_deva,eng_latn,hin_deva,flores+opus+tatoeba+bouquet,1000mb,10,3072,769,7.75,,0.10595667159015482,0.15484102070331573,0.15320710837841034,0.15423792600631714,89.0,110.0
identity,1.2726678848266602,1.2705578804016113,0.7361578300935055,0.0013003901170351106,0.007802340702210663,0.01950585175552666,0.0013003901170351106,0.002600780234070221,0.0039011703511053317,eng_latn-hin_deva,eng_latn,hin_deva,flores+opus+tatoeba+bouquet,1000mb,11,3072,769,6.96,,,,,,,
procrustes,0.23154327273368835,0.29049545526504517,0.736157846858189,0.8946684005201561,0.9544863459037711,0.9739921976592978,0.7893368010403121,0.9141742522756827,0.9310793237971391,eng_latn-hin_deva,eng_latn,hin_deva,flores+opus+tatoeba+bouquet,1000mb,11,3072,769,6.96,,,,,,,
affine,0.13563117384910583,0.23987774550914764,0.7611450820344053,0.8192457737321196,0.929778933680104,0.9505851755526658,0.64629388816645,0.8309492847854356,0.88296488946684,eng_latn-hin_deva,eng_latn,hin_deva,flores+opus+tatoeba+bouquet,1000mb,11,3072,769,6.96,,,,,,,
ridge,0.18014009296894073,0.20192068815231323,0.7894631690360087,0.6957087126137841,0.8621586475942783,0.9102730819245773,0.4759427828348505,0.7126137841352406,0.7802340702210663,eng_latn-hin_deva,eng_latn,hin_deva,flores+opus+tatoeba+bouquet,1000mb,11,3072,769,6.96,1000.0,,,,,,
mlp,0.15361760556697845,0.20361408591270447,0.7934370195474554,0.7581274382314694,0.8972691807542262,0.9245773732119635,0.5500650195058517,0.7711313394018205,0.8309492847854356,eng_latn-hin_deva,eng_latn,hin_deva,flores+opus+tatoeba+bouquet,1000mb,11,3072,769,6.96,,0.14080508358099245,0.20741447806358337,0.20400017499923706,0.20665788650512695,69.0,90.0
identity,2.2193713188171387,2.225107431411743,0.7311725451275635,0.002600780234070221,0.011703511053315995,0.018205461638491547,0.0013003901170351106,0.0039011703511053317,0.005201560468140442,eng_latn-hin_deva,eng_latn,hin_deva,flores+opus+tatoeba+bouquet,1000mb,12,3072,769,5.72,,,,,,,
procrustes,0.5332198143005371,0.6796494126319885,0.7311725475830929,0.88296488946684,0.9596879063719116,0.9726918075422627,0.7802340702210663,0.9050715214564369,0.9284785435630689,eng_latn-hin_deva,eng_latn,hin_deva,flores+opus+tatoeba+bouquet,1000mb,12,3072,769,5.72,,,,,,,
affine,0.3120160698890686,0.5502647161483765,0.7550240573278867,0.8205461638491548,0.9258777633289987,0.9479843953185956,0.6527958387516255,0.8426527958387516,0.8907672301690507,eng_latn-hin_deva,eng_latn,hin_deva,flores+opus+tatoeba+bouquet,1000mb,12,3072,769,5.72,,,,,,,
ridge,0.3737136423587799,0.45350444316864014,0.7881133862706861,0.7737321196358907,0.9063719115734721,0.9349804941482445,0.5968790637191157,0.811443433029909,0.8582574772431729,eng_latn-hin_deva,eng_latn,hin_deva,flores+opus+tatoeba+bouquet,1000mb,12,3072,769,5.72,1000.0,,,,,,
mlp,0.3789435923099518,0.47309374809265137,0.7878309503847187,0.7360208062418726,0.8959687906371911,0.9193758127438232,0.5630689206762028,0.7802340702210663,0.8400520156046815,eng_latn-hin_deva,eng_latn,hin_deva,flores+opus+tatoeba+bouquet,1000mb,12,3072,769,5.72,,0.3387365774674849,0.485495924949646,0.47331702709198,0.4828181266784668,38.0,59.0
identity,0.00016477348981425166,0.00016373363905586302,0.7120592306585688,0.010230179028132993,0.02557544757033248,0.04092071611253197,0.0034100596760443308,0.00937766410912191,0.0196078431372549,eng_latn-fra_latn,eng_latn,fra_latn,flores+opus+tatoeba+bouquet,1000mb,0,4690,1173,9.96,,,,,,,
procrustes,4.571266254060902e-05,5.705354124074802e-05,0.7120592347068578,0.7783461210571185,0.875532821824382,0.9053708439897699,0.6786018755328218,0.803921568627451,0.8380221653878943,eng_latn-fra_latn,eng_latn,fra_latn,flores+opus+tatoeba+bouquet,1000mb,0,4690,1173,9.96,,,,,,,
affine,2.5934408768080175e-05,3.822395228780806e-05,0.7987145368527304,0.5959079283887468,0.7510656436487638,0.7928388746803069,0.4663256606990622,0.6231884057971014,0.6871270247229326,eng_latn-fra_latn,eng_latn,fra_latn,flores+opus+tatoeba+bouquet,1000mb,0,4690,1173,9.96,,,,,,,
ridge,2.8424185074982233e-05,3.399550769245252e-05,0.8179425517624449,0.47485080988917305,0.6581415174765558,0.7263427109974424,0.35720375106564367,0.526001705029838,0.5959079283887468,eng_latn-fra_latn,eng_latn,fra_latn,flores+opus+tatoeba+bouquet,1000mb,0,4690,1173,9.96,0.1,,,,,,
mlp,5.6934797612484545e-05,5.655037239193916e-05,0.5222394865928041,0.0008525149190110827,0.004262574595055414,0.008525149190110827,0.0,0.0008525149190110827,0.0017050298380221654,eng_latn-fra_latn,eng_latn,fra_latn,flores+opus+tatoeba+bouquet,1000mb,0,4690,1173,9.96,,5.712222154022928e-05,5.6030632549664006e-05,5.6593627959955484e-05,5.598686766461469e-05,42.0,63.0
identity,0.0420774444937706,0.0419461652636528,0.7689078875764279,0.0025575447570332483,0.008525149190110827,0.015345268542199489,0.0008525149190110827,0.0017050298380221654,0.0025575447570332483,eng_latn-fra_latn,eng_latn,fra_latn,flores+opus+tatoeba+bouquet,1000mb,1,4690,1173,8.24,,,,,,,
procrustes,0.005003976169973612,0.005771792959421873,0.7689078910060834,0.9207161125319693,0.9641943734015346,0.9735720375106565,0.8525149190110827,0.9369138959931799,0.9505541346973572,eng_latn-fra_latn,eng_latn,fra_latn,flores+opus+tatoeba+bouquet,1000mb,1,4690,1173,8.24,,,,,,,
affine,0.0025362037122249603,0.0037142678629606962,0.836292825406395,0.8226768968456948,0.9147485080988917,0.9403239556692242,0.7297527706734868,0.8448422847399829,0.8780903665814151,eng_latn-fra_latn,eng_latn,fra_latn,flores+opus+tatoeba+bouquet,1000mb,1,4690,1173,8.24,,,,,,,
ridge,0.0029423730447888374,0.003352855099365115,0.8486895935543425,0.7510656436487638,0.8712702472293266,0.9096334185848253,0.6317135549872123,0.7911338448422848,0.8312020460358056,eng_latn-fra_latn,eng_latn,fra_latn,flores+opus+tatoeba+bouquet,1000mb,1,4690,1173,8.24,10.0,,,,,,
mlp,0.00454348511993885,0.0045538777485489845,0.8095093312623016,0.043478260869565216,0.11764705882352941,0.17135549872122763,0.020460358056265986,0.045183290707587385,0.06820119352088662,eng_latn-fra_latn,eng_latn,fra_latn,flores+opus+tatoeba+bouquet,1000mb,1,4690,1173,8.24,,0.004568688888949427,0.004572350066155195,0.004569352604448795,0.004561129491776228,16.0,37.0
identity,0.09272041916847229,0.0924200564622879,0.8224022814922382,0.0017050298380221654,0.013640238704177323,0.02216538789428815,0.0,0.0008525149190110827,0.0025575447570332483,eng_latn-fra_latn,eng_latn,fra_latn,flores+opus+tatoeba+bouquet,1000mb,2,4690,1173,8.7,,,,,,,
procrustes,0.006987287662923336,0.007979180663824081,0.8224022869857057,0.9394714407502132,0.9761295822676896,0.9786871270247229,0.8797953964194374,0.9556692242114238,0.9658994032395567,eng_latn-fra_latn,eng_latn,fra_latn,flores+opus+tatoeba+bouquet,1000mb,2,4690,1173,8.7,,,,,,,
affine,0.003676588414236903,0.005381353199481964,0.8685830259406366,0.8976982097186701,0.9514066496163683,0.9676044330775788,0.8098891730605285,0.907075873827792,0.9317988064791134,eng_latn-fra_latn,eng_latn,fra_latn,flores+opus+tatoeba+bouquet,1000mb,2,4690,1173,8.7,,,,,,,
ridge,0.0041689625941216946,0.004856088664382696,0.8818128667353252,0.8687127024722933,0.9428815004262575,0.9556692242114238,0.7740835464620631,0.887468030690537,0.9130434782608695,eng_latn-fra_latn,eng_latn,fra_latn,flores+opus+tatoeba+bouquet,1000mb,2,4690,1173,8.7,10.0,,,,,,
mlp,0.00626301160082221,0.006339670158922672,0.8694486752601543,0.15515771526001704,0.3554987212276215,0.46547314578005117,0.08013640238704177,0.1926683716965047,0.2549019607843137,eng_latn-fra_latn,eng_latn,fra_latn,flores+opus+tatoeba+bouquet,1000mb,2,4690,1173,8.7,,0.006299965457539215,0.006311737932264805,0.006357449106872082,0.006275948602706194,23.0,44.0
identity,0.1309351921081543,0.1305820494890213,0.8099987432121709,0.0025575447570332483,0.00937766410912191,0.0196078431372549,0.0,0.0017050298380221654,0.005115089514066497,eng_latn-fra_latn,eng_latn,fra_latn,flores+opus+tatoeba+bouquet,1000mb,3,4690,1173,9.65,,,,,,,
procrustes,0.01162884384393692,0.013359768316149712,0.8099987443197957,0.9539641943734015,0.9820971867007673,0.9863597612958227,0.9113384484228474,0.9710144927536232,0.979539641943734,eng_latn-fra_latn,eng_latn,fra_latn,flores+opus+tatoeba+bouquet,1000mb,3,4690,1173,9.65,,,,,,,
affine,0.006785857956856489,0.009967709891498089,0.8309328375599585,0.9326513213981245,0.9769820971867008,0.9803921568627451,0.8542199488491049,0.9454390451832907,0.9616368286445013,eng_latn-fra_latn,eng_latn,fra_latn,flores+opus+tatoeba+bouquet,1000mb,3,4690,1173,9.65,,,,,,,
ridge,0.007414973806589842,0.00896849762648344,0.8501825964113772,0.9326513213981245,0.9710144927536232,0.9803921568627451,0.8593350383631714,0.9428815004262575,0.9599317988064792,eng_latn-fra_latn,eng_latn,fra_latn,flores+opus+tatoeba+bouquet,1000mb,3,4690,1173,9.65,10.0,,,,,,
mlp,0.010699257254600525,0.010924700647592545,0.8406367965546099,0.505541346973572,0.7561807331628303,0.8312020460358056,0.3333333333333333,0.5473145780051151,0.6555839727195226,eng_latn-fra_latn,eng_latn,fra_latn,flores+opus+tatoeba+bouquet,1000mb,3,4690,1173,9.65,,0.010707421087180122,0.01105782575905323,0.010939933359622955,0.011023501865565777,38.0,59.0
identity,0.17869232594966888,0.1786884218454361,0.8045952106501928,0.0017050298380221654,0.011082693947144074,0.017050298380221655,0.0,0.0017050298380221654,0.0025575447570332483,eng_latn-fra_latn,eng_latn,fra_latn,flores+opus+tatoeba+bouquet,1000mb,4,4690,1173,11.26,,,,,,,
procrustes,0.018337281420826912,0.021438511088490486,0.8045952055136308,0.9735720375106565,0.9855072463768116,0.989769820971867,0.9428815004262575,0.979539641943734,0.9846547314578005,eng_latn-fra_latn,eng_latn,fra_latn,flores+opus+tatoeba+bouquet,1000mb,4,4690,1173,11.26,,,,,,,
affine,0.01157025434076786,0.01694134622812271,0.8280169853871533,0.9616368286445013,0.9820971867007673,0.9872122762148338,0.9156010230179028,0.9752770673486786,0.979539641943734,eng_latn-fra_latn,eng_latn,fra_latn,flores+opus+tatoeba+bouquet,1000mb,4,4690,1173,11.26,,,,,,,
ridge,0.012226851657032967,0.015441351570189,0.8428778604272482,0.9607843137254902,0.9829497016197783,0.9872122762148338,0.9130434782608695,0.9735720375106565,0.9778346121057119,eng_latn-fra_latn,eng_latn,fra_latn,flores+opus+tatoeba+bouquet,1000mb,4,4690,1173,11.26,10.0,,,,,,
mlp,0.017190244048833847,0.017828363925218582,0.8366698542628036,0.7971014492753623,0.9386189258312021,0.9658994032395567,0.6419437340153452,0.8405797101449275,0.8951406649616368,eng_latn-fra_latn,eng_latn,fra_latn,flores+opus+tatoeba+bouquet,1000mb,4,4690,1173,11.26,,0.01724602428801132,0.017931269481778145,0.01785888522863388,0.017888173460960388,62.0,83.0
identity,0.2186211347579956,0.21867609024047852,0.8060740254638624,0.0025575447570332483,0.008525149190110827,0.01619778346121057,0.0,0.0,0.0008525149190110827,eng_latn-fra_latn,eng_latn,fra_latn,flores+opus+tatoeba+bouquet,1000mb,5,4690,1173,12.63,,,,,,,
procrustes,0.024761786684393883,0.029375379905104637,0.806074025636367,0.9727195225916454,0.9880647911338448,0.9906223358908781,0.9445865302642796,0.9786871270247229,0.9846547314578005,eng_latn-fra_latn,eng_latn,fra_latn,flores+opus+tatoeba+bouquet,1000mb,5,4690,1173,12.63,,,,,,,
affine,0.016045259311795235,0.023379528895020485,0.8245934967788968,0.9676044330775788,0.9863597612958227,0.989769820971867,0.9292412617220801,0.9735720375106565,0.9820971867007673,eng_latn-fra_latn,eng_latn,fra_latn,flores+opus+tatoeba+bouquet,1000mb,5,4690,1173,12.63,,,,,,,
ridge,0.019076254218816757,0.021366024389863014,0.8398887657480579,0.9539641943734015,0.9838022165387894,0.9838022165387894,0.9045183290707587,0.9667519181585678,0.9752770673486786,eng_latn-fra_latn,eng_latn,fra_latn,flores+opus+tatoeba+bouquet,1000mb,5,4690,1173,12.63,100.0,,,,,,
mlp,0.02285231091082096,0.023904331028461456,0.8339799850228874,0.8635976129582268,0.9607843137254902,0.9735720375106565,0.742540494458653,0.896845694799659,0.927536231884058,eng_latn-fra_latn,eng_latn,fra_latn,flores+opus+tatoeba+bouquet,1000mb,5,4690,1173,12.63,,0.022839896747785988,0.02425926737487316,0.023896249011158943,0.024247605353593826,85.0,106.0
identity,0.2762767970561981,0.2763252258300781,0.8121219085106112,0.0008525149190110827,0.004262574595055414,0.01875532821824382,0.0,0.0008525149190110827,0.0008525149190110827,eng_latn-fra_latn,eng_latn,fra_latn,flores+opus+tatoeba+bouquet,1000mb,6,4690,1173,12.16,,,,,,,
procrustes,0.03388168290257454,0.04048750177025795,0.8121219117206119,0.9786871270247229,0.9906223358908781,0.9914748508098892,0.9539641943734015,0.9838022165387894,0.9863597612958227,eng_latn-fra_latn,eng_latn,fra_latn,flores+opus+tatoeba+bouquet,1000mb,6,4690,1173,12.16,,,,,,,
affine,0.022413169965147972,0.0324774906039238,0.8298030972621026,0.9718670076726342,0.9914748508098892,0.9914748508098892,0.9386189258312021,0.9820971867007673,0.9855072463768116,eng_latn-fra_latn,eng_latn,fra_latn,flores+opus+tatoeba+bouquet,1000mb,6,4690,1173,12.16,,,,,,,
ridge,0.025859160348773003,0.029561711475253105,0.8437247875040764,0.9599317988064792,0.9880647911338448,0.9906223358908781,0.9266837169650469,0.9761295822676896,0.9820971867007673,eng_latn-fra_latn,eng_latn,fra_latn,flores+opus+tatoeba+bouquet,1000mb,6,4690,1173,12.16,100.0,,,,,,
mlp,0.030449403449892998,0.032395604997873306,0.8383075903209749,0.9292412617220801,0.979539641943734,0.9889173060528559,0.8567774936061381,0.948849104859335,0.9658994032395567,eng_latn-fra_latn,eng_latn,fra_latn,flores+opus+tatoeba+bouquet,1000mb,6,4690,1173,12.16,,0.030425466258417477,0.0320751778781414,0.03238728269934654,0.032015521079301834,77.0,98.0
identity,0.3406652510166168,0.34004536271095276,0.8121588168763572,0.0008525149190110827,0.011082693947144074,0.017902813299232736,0.0,0.0008525149190110827,0.0025575447570332483,eng_latn-fra_latn,eng_latn,fra_latn,flores+opus+tatoeba+bouquet,1000mb,7,4690,1173,18.35,,,,,,,
procrustes,0.04888574779033661,0.0586731843650341,0.8121588181226552,0.9778346121057119,0.9914748508098892,0.9923273657289002,0.9565217391304348,0.9838022165387894,0.9889173060528559,eng_latn-fra_latn,eng_latn,fra_latn,flores+opus+tatoeba+bouquet,1000mb,7,4690,1173,18.35,,,,,,,
affine,0.03378590941429138,0.049031440168619156,0.8256780745743143,0.9735720375106565,0.9906223358908781,0.9914748508098892,0.947996589940324,0.9838022165387894,0.9889173060528559,eng_latn-fra_latn,eng_latn,fra_latn,flores+opus+tatoeba+bouquet,1000mb,7,4690,1173,18.35,,,,,,,
ridge,0.03777579590678215,0.04442768916487694,0.8397415052362768,0.9667519181585678,0.9914748508098892,0.9914748508098892,0.9335038363171355,0.9812446717817562,0.9863597612958227,eng_latn-fra_latn,eng_latn,fra_latn,flores+opus+tatoeba+bouquet,1000mb,7,4690,1173,18.35,100.0,,,,,,
mlp,0.04264991730451584,0.047151148319244385,0.8364888222846026,0.947996589940324,0.9863597612958227,0.9923273657289002,0.8883205456095482,0.9701619778346121,0.9786871270247229,eng_latn-fra_latn,eng_latn,fra_latn,flores+opus+tatoeba+bouquet,1000mb,7,4690,1173,18.35,,0.04242419801426656,0.04751695320010185,0.047231242060661316,0.04745454341173172,184.0,200.0
identity,0.44264116883277893,0.4411855936050415,0.8143540713628371,0.0025575447570332483,0.00937766410912191,0.020460358056265986,0.0008525149190110827,0.0025575447570332483,0.004262574595055414,eng_latn-fra_latn,eng_latn,fra_latn,flores+opus+tatoeba+bouquet,1000mb,8,4690,1173,16.89,,,,,,,
procrustes,0.06939540803432465,0.08346445858478546,0.8143540726289918,0.9812446717817562,0.9923273657289002,0.9923273657289002,0.9573742540494459,0.9880647911338448,0.989769820971867,eng_latn-fra_latn,eng_latn,fra_latn,flores+opus+tatoeba+bouquet,1000mb,8,4690,1173,16.89,,,,,,,
affine,0.04635994881391525,0.06700745224952698,0.8302181451768045,0.9676044330775788,0.9914748508098892,0.9931798806479113,0.9394714407502132,0.9812446717817562,0.9863597612958227,eng_latn-fra_latn,eng_latn,fra_latn,flores+opus+tatoeba+bouquet,1000mb,8,4690,1173,16.89,,,,,,,
ridge,0.050246596336364746,0.06088200584053993,0.843348781748502,0.96845694799659,0.9914748508098892,0.9931798806479113,0.9394714407502132,0.9786871270247229,0.9846547314578005,eng_latn-fra_latn,eng_latn,fra_latn,flores+opus+tatoeba+bouquet,1000mb,8,4690,1173,16.89,100.0,,,,,,
mlp,0.05481701344251633,0.06316257268190384,0.8420524194368554,0.9548167092924126,0.9863597612958227,0.9931798806479113,0.9053708439897699,0.9701619778346121,0.9786871270247229,eng_latn-fra_latn,eng_latn,fra_latn,flores+opus+tatoeba+bouquet,1000mb,8,4690,1173,16.89,,0.05418144386600365,0.06279120594263077,0.06318331509828568,0.06269646435976028,158.0,179.0
identity,0.611607015132904,0.6083347201347351,0.8160806387113586,0.0025575447570332483,0.010230179028132993,0.017902813299232736,0.0008525149190110827,0.0034100596760443308,0.005967604433077579,eng_latn-fra_latn,eng_latn,fra_latn,flores+opus+tatoeba+bouquet,1000mb,9,4690,1173,14.99,,,,,,,
procrustes,0.09954872727394104,0.11883720010519028,0.8160806391873211,0.9803921568627451,0.9923273657289002,0.9923273657289002,0.9514066496163683,0.9889173060528559,0.989769820971867,eng_latn-fra_latn,eng_latn,fra_latn,flores+opus+tatoeba+bouquet,1000mb,9,4690,1173,14.99,,,,,,,
affine,0.06746212393045425,0.09687021374702454,0.8329742588727826,0.96845694799659,0.9889173060528559,0.9923273657289002,0.9309462915601023,0.9812446717817562,0.9863597612958227,eng_latn-fra_latn,eng_latn,fra_latn,flores+opus+tatoeba+bouquet,1000mb,9,4690,1173,14.99,,,,,,,
ridge,0.071581169962883,0.088459312915802,0.8452298611343021,0.9667519181585678,0.989769820971867,0.9940323955669225,0.928388746803069,0.9803921568627451,0.9838022165387894,eng_latn-fra_latn,eng_latn,fra_latn,flores+opus+tatoeba+bouquet,1000mb,9,4690,1173,14.99,100.0,,,,,,
mlp,0.07543043792247772,0.09036953002214432,0.8447050911634588,0.9599317988064792,0.9872122762148338,0.9931798806479113,0.9045183290707587,0.9727195225916454,0.9812446717817562,eng_latn-fra_latn,eng_latn,fra_latn,flores+opus+tatoeba+bouquet,1000mb,9,4690,1173,14.99,,0.0737471231682734,0.09066589176654816,0.09039932489395142,0.09054552018642426,126.0,147.0
identity,0.8606295585632324,0.8554965257644653,0.8127890893020359,0.0017050298380221654,0.00937766410912191,0.01619778346121057,0.0017050298380221654,0.0034100596760443308,0.004262574595055414,eng_latn-fra_latn,eng_latn,fra_latn,flores+opus+tatoeba+bouquet,1000mb,10,4690,1173,15.08,,,,,,,
procrustes,0.1380331814289093,0.16391338407993317,0.8127890843979338,0.9752770673486786,0.989769820971867,0.9940323955669225,0.9386189258312021,0.9812446717817562,0.9872122762148338,eng_latn-fra_latn,eng_latn,fra_latn,flores+opus+tatoeba+bouquet,1000mb,10,4690,1173,15.08,,,,,,,
affine,0.09179829806089401,0.1313081979751587,0.8260329427213486,0.9650468883205456,0.9880647911338448,0.9923273657289002,0.9249786871270247,0.9769820971867008,0.9855072463768116,eng_latn-fra_latn,eng_latn,fra_latn,flores+opus+tatoeba+bouquet,1000mb,10,4690,1173,15.08,,,,,,,
ridge,0.0957779809832573,0.12065315991640091,0.8381391841749624,0.9641943734015346,0.9889173060528559,0.9923273657289002,0.9198635976129582,0.9778346121057119,0.9829497016197783,eng_latn-fra_latn,eng_latn,fra_latn,flores+opus+tatoeba+bouquet,1000mb,10,4690,1173,15.08,100.0,,,,,,
mlp,0.09716510772705078,0.12226129323244095,0.8375637239933226,0.9556692242114238,0.9872122762148338,0.9914748508098892,0.8994032395566922,0.9701619778346121,0.9778346121057119,eng_latn-fra_latn,eng_latn,fra_latn,flores+opus+tatoeba+bouquet,1000mb,10,4690,1173,15.08,,0.09391665244192789,0.12294969707727432,0.12250510603189468,0.12256177514791489,129.0,150.0
identity,1.1923727989196777,1.183578610420227,0.7984625287887718,0.0025575447570332483,0.010230179028132993,0.017902813299232736,0.0008525149190110827,0.0025575447570332483,0.004262574595055414,eng_latn-fra_latn,eng_latn,fra_latn,flores+opus+tatoeba+bouquet,1000mb,11,4690,1173,12.9,,,,,,,
procrustes,0.18130646646022797,0.2138241082429886,0.7984625367896382,0.969309462915601,0.9889173060528559,0.9923273657289002,0.9300937766410913,0.9761295822676896,0.9812446717817562,eng_latn-fra_latn,eng_latn,fra_latn,flores+opus+tatoeba+bouquet,1000mb,11,4690,1173,12.9,,,,,,,
affine,0.11908609420061111,0.16937117278575897,0.814165246462183,0.9565217391304348,0.9872122762148338,0.9906223358908781,0.9053708439897699,0.9616368286445013,0.9744245524296675,eng_latn-fra_latn,eng_latn,fra_latn,flores+opus+tatoeba+bouquet,1000mb,11,4690,1173,12.9,,,,,,,
ridge,0.12291432917118073,0.15693090856075287,0.8256083570739472,0.9522591645353794,0.9855072463768116,0.9889173060528559,0.8976982097186701,0.9633418584825234,0.9744245524296675,eng_latn-fra_latn,eng_latn,fra_latn,flores+opus+tatoeba+bouquet,1000mb,11,4690,1173,12.9,100.0,,,,,,
mlp,0.126448392868042,0.1587195098400116,0.8247250315708903,0.9403239556692242,0.9812446717817562,0.9880647911338448,0.8687127024722933,0.9548167092924126,0.9658994032395567,eng_latn-fra_latn,eng_latn,fra_latn,flores+opus+tatoeba+bouquet,1000mb,11,4690,1173,12.9,,0.1205437376417897,0.16224800050258636,0.15864738821983337,0.16187207400798798,92.0,113.0
identity,2.025392770767212,2.0093436241149902,0.7930775544179363,0.0017050298380221654,0.005115089514066497,0.01619778346121057,0.0008525149190110827,0.0017050298380221654,0.0017050298380221654,eng_latn-fra_latn,eng_latn,fra_latn,flores+opus+tatoeba+bouquet,1000mb,12,4690,1173,11.44,,,,,,,
procrustes,0.4219578802585602,0.5010535717010498,0.7930775513735802,0.9667519181585678,0.9880647911338448,0.9931798806479113,0.928388746803069,0.9744245524296675,0.9846547314578005,eng_latn-fra_latn,eng_latn,fra_latn,flores+opus+tatoeba+bouquet,1000mb,12,4690,1173,11.44,,,,,,,
affine,0.2540763318538666,0.36062175035476685,0.812303654354602,0.9565217391304348,0.9855072463768116,0.9931798806479113,0.9173060528559249,0.9667519181585678,0.9812446717817562,eng_latn-fra_latn,eng_latn,fra_latn,flores+opus+tatoeba+bouquet,1000mb,12,4690,1173,11.44,,,,,,,
ridge,0.2810463011264801,0.32693859934806824,0.8269149125044689,0.9471440750213129,0.9855072463768116,0.9889173060528559,0.8934356351236147,0.9573742540494459,0.9727195225916454,eng_latn-fra_latn,eng_latn,fra_latn,flores+opus+tatoeba+bouquet,1000mb,12,4690,1173,11.44,1000.0,,,,,,
mlp,0.2632855772972107,0.34008336067199707,0.8220020397868424,0.9420289855072463,0.9846547314578005,0.9906223358908781,0.8849104859335039,0.9556692242114238,0.9718670076726342,eng_latn-fra_latn,eng_latn,fra_latn,flores+opus+tatoeba+bouquet,1000mb,12,4690,1173,11.44,,0.2453718361529437,0.3456956148147583,0.34162044525146484,0.34408873319625854,67.0,88.0
identity,0.0001545971172163263,0.0001518659119028598,0.7363173049314596,0.011419249592169658,0.03425774877650897,0.05546492659053834,0.0016313213703099511,0.0065252854812398045,0.021207177814029365,eng_latn-rus_cyrl,eng_latn,rus_cyrl,flores+opus+tatoeba+bouquet,1000mb,0,2450,613,4.96,,,,,,,
procrustes,4.6046254283282906e-05,6.651869625784457e-05,0.7363173094261034,0.6035889070146819,0.7716150081566069,0.8221859706362153,0.4192495921696574,0.6150081566068516,0.6769983686786297,eng_latn-rus_cyrl,eng_latn,rus_cyrl,flores+opus+tatoeba+bouquet,1000mb,0,2450,613,4.96,,,,,,,
affine,2.551730358391069e-05,5.564418461290188e-05,0.748360451590467,0.4763458401305057,0.6427406199021207,0.7275693311582382,0.3083197389885807,0.5040783034257749,0.564437194127243,eng_latn-rus_cyrl,eng_latn,rus_cyrl,flores+opus+tatoeba+bouquet,1000mb,0,2450,613,4.96,,,,,,,
ridge,3.268268847023137e-05,4.1160885302815586e-05,0.7966766118673814,0.3637846655791191,0.566068515497553,0.6199021207177814,0.2137030995106036,0.3719412724306688,0.4535073409461664,eng_latn-rus_cyrl,eng_latn,rus_cyrl,flores+opus+tatoeba+bouquet,1000mb,0,2450,613,4.96,0.1,,,,,,
mlp,6.141371704870835e-05,6.069033042876981e-05,0.6162690557519757,0.0016313213703099511,0.008156606851549755,0.01631321370309951,0.0,0.0016313213703099511,0.0032626427406199023,eng_latn-rus_cyrl,eng_latn,rus_cyrl,flores+opus+tatoeba+bouquet,1000mb,0,2450,613,4.96,,6.134852145415997e-05,6.186588871059939e-05,6.07095607847441e-05,6.183349614730105e-05,55.0,76.0
identity,0.036265380680561066,0.035978030413389206,0.7786277596573987,0.0032626427406199023,0.008156606851549755,0.024469820554649267,0.0,0.0032626427406199023,0.004893964110929853,eng_latn-rus_cyrl,eng_latn,rus_cyrl,flores+opus+tatoeba+bouquet,1000mb,1,2450,613,4.15,,,,,,,
procrustes,0.004858080763369799,0.006289766635745764,0.7786277367998592,0.8580750407830342,0.9526916802610114,0.964110929853181,0.7226753670473083,0.8776508972267537,0.9200652528548124,eng_latn-rus_cyrl,eng_latn,rus_cyrl,flores+opus+tatoeba+bouquet,1000mb,1,2450,613,4.15,,,,,,,
affine,0.002386405598372221,0.005270108580589294,0.7716495361398845,0.7275693311582382,0.8988580750407831,0.9477977161500816,0.5595432300163132,0.7618270799347472,0.8433931484502447,eng_latn-rus_cyrl,eng_latn,rus_cyrl,flores+opus+tatoeba+bouquet,1000mb,1,2450,613,4.15,,,,,,,
ridge,0.0032763024792075157,0.0039809937588870525,0.8218207317347415,0.6639477977161501,0.8531810766721044,0.8923327895595432,0.4698205546492659,0.7096247960848288,0.797716150081566,eng_latn-rus_cyrl,eng_latn,rus_cyrl,flores+opus+tatoeba+bouquet,1000mb,1,2450,613,4.15,10.0,,,,,,
mlp,0.004916178993880749,0.004981197416782379,0.776372952402695,0.0766721044045677,0.16150081566068517,0.24143556280587275,0.01957585644371941,0.06199021207177814,0.09951060358890701,eng_latn-rus_cyrl,eng_latn,rus_cyrl,flores+opus+tatoeba+bouquet,1000mb,1,2450,613,4.15,,0.0049336142571909086,0.004972812719643116,0.004994543734937906,0.004961603321135044,32.0,53.0
identity,0.08538758754730225,0.08525729924440384,0.8286031524394974,0.0016313213703099511,0.01794453507340946,0.026101141924959218,0.0,0.004893964110929853,0.008156606851549755,eng_latn-rus_cyrl,eng_latn,rus_cyrl,flores+opus+tatoeba+bouquet,1000mb,2,2450,613,5.14,,,,,,,
procrustes,0.007318636402487755,0.009492081589996815,0.8286031652128162,0.9119086460032626,0.9706362153344209,0.9820554649265906,0.8123980424143556,0.9298531810766721,0.9543230016313213,eng_latn-rus_cyrl,eng_latn,rus_cyrl,flores+opus+tatoeba+bouquet,1000mb,2,2450,613,5.14,,,,,,,
affine,0.0036446789745241404,0.00814660545438528,0.8208118280179848,0.8270799347471451,0.9559543230016313,0.9706362153344209,0.6737357259380098,0.8613376835236541,0.9249592169657422,eng_latn-rus_cyrl,eng_latn,rus_cyrl,flores+opus+tatoeba+bouquet,1000mb,2,2450,613,5.14,,,,,,,
ridge,0.0048536332324147224,0.006192379165440798,0.8676785678883046,0.8205546492659054,0.9347471451876019,0.9624796084828712,0.6508972267536705,0.8384991843393148,0.8809135399673735,eng_latn-rus_cyrl,eng_latn,rus_cyrl,flores+opus+tatoeba+bouquet,1000mb,2,2450,613,5.14,10.0,,,,,,
mlp,0.007123325485736132,0.0073773679323494434,0.8593431823079065,0.22185970636215335,0.4763458401305057,0.5774877650897227,0.0766721044045677,0.21044045676998369,0.3132137030995106,eng_latn-rus_cyrl,eng_latn,rus_cyrl,flores+opus+tatoeba+bouquet,1000mb,2,2450,613,5.14,,0.0071250146520989285,0.007283890154212713,0.007380322553217411,0.007256158161908388,62.0,83.0
identity,0.1199517473578453,0.11964251101016998,0.8057614098080821,0.0065252854812398045,0.01631321370309951,0.03099510603588907,0.0,0.0065252854812398045,0.011419249592169658,eng_latn-rus_cyrl,eng_latn,rus_cyrl,flores+opus+tatoeba+bouquet,1000mb,3,2450,613,4.65,,,,,,,
procrustes,0.010606292635202408,0.013747784309089184,0.8057613603603757,0.9445350734094616,0.9820554649265906,0.9918433931484503,0.8809135399673735,0.967373572593801,0.9722675367047309,eng_latn-rus_cyrl,eng_latn,rus_cyrl,flores+opus+tatoeba+bouquet,1000mb,3,2450,613,4.65,,,,,,,
affine,0.004679332487285137,0.010425235144793987,0.8272471220197162,0.8711256117455138,0.9738988580750407,0.9787928221859706,0.7455138662316476,0.9102773246329527,0.9380097879282219,eng_latn-rus_cyrl,eng_latn,rus_cyrl,flores+opus+tatoeba+bouquet,1000mb,3,2450,613,4.65,,,,,,,
ridge,0.0059076761826872826,0.007995490916073322,0.8668610965693405,0.8743882544861338,0.964110929853181,0.9804241435562806,0.7618270799347472,0.9086460032626428,0.9347471451876019,eng_latn-rus_cyrl,eng_latn,rus_cyrl,flores+opus+tatoeba+bouquet,1000mb,3,2450,613,4.65,10.0,,,,,,
mlp,0.008696247823536396,0.009141211397945881,0.8611191906968914,0.4535073409461664,0.7194127243066885,0.800978792822186,0.21859706362153344,0.4600326264274062,0.5693311582381729,eng_latn-rus_cyrl,eng_latn,rus_cyrl,flores+opus+tatoeba+bouquet,1000mb,3,2450,613,4.65,,0.008719255721994808,0.009046881459653378,0.009122730232775211,0.009025908075273037,47.0,68.0
identity,0.15834897756576538,0.15762506425380707,0.800797732227352,0.004893964110929853,0.013050570962479609,0.026101141924959218,0.0,0.004893964110929853,0.009787928221859706,eng_latn-rus_cyrl,eng_latn,rus_cyrl,flores+opus+tatoeba+bouquet,1000mb,4,2450,613,6.2,,,,,,,
procrustes,0.01588401384651661,0.020755382254719734,0.8007978117188301,0.9559543230016313,0.9902120717781403,1.0,0.9233278955954323,0.967373572593801,0.9755301794453507,eng_latn-rus_cyrl,eng_latn,rus_cyrl,flores+opus+tatoeba+bouquet,1000mb,4,2450,613,6.2,,,,,,,
affine,0.006808959413319826,0.015317333862185478,0.8160359707603995,0.9151712887438825,0.9787928221859706,0.9836867862969005,0.8042414355628059,0.9429037520391517,0.965742251223491,eng_latn-rus_cyrl,eng_latn,rus_cyrl,flores+opus+tatoeba+bouquet,1000mb,4,2450,613,6.2,,,,,,,
ridge,0.01026035938411951,0.011794955469667912,0.8636247368233205,0.866231647634584,0.9575856443719413,0.9755301794453507,0.7455138662316476,0.8939641109298532,0.9298531810766721,eng_latn-rus_cyrl,eng_latn,rus_cyrl,flores+opus+tatoeba+bouquet,1000mb,4,2450,613,6.2,100.0,,,,,,
mlp,0.012052408419549465,0.012914344668388367,0.854520370106564,0.6884176182707994,0.8890701468189234,0.9363784665579119,0.48450244698205547,0.7373572593800979,0.8238172920065253,eng_latn-rus_cyrl,eng_latn,rus_cyrl,flores+opus+tatoeba+bouquet,1000mb,4,2450,613,6.2,,0.011982673379991735,0.013471676036715508,0.012911968864500523,0.013434456661343575,92.0,113.0
identity,0.195712611079216,0.19437682628631592,0.806699568478534,0.004893964110929853,0.01468189233278956,0.026101141924959218,0.0016313213703099511,0.0065252854812398045,0.009787928221859706,eng_latn-rus_cyrl,eng_latn,rus_cyrl,flores+opus+tatoeba+bouquet,1000mb,5,2450,613,5.89,,,,,,,
procrustes,0.022021081298589706,0.02929765358567238,0.806699519048541,0.9755301794453507,0.9967373572593801,1.0,0.9314845024469821,0.9869494290375204,0.9902120717781403,eng_latn-rus_cyrl,eng_latn,rus_cyrl,flores+opus+tatoeba+bouquet,1000mb,5,2450,613,5.89,,,,,,,
affine,0.010299831628799438,0.022916512563824654,0.8137532596513359,0.9559543230016313,0.9918433931484503,0.9967373572593801,0.8694942903752039,0.965742251223491,0.9771615008156607,eng_latn-rus_cyrl,eng_latn,rus_cyrl,flores+opus+tatoeba+bouquet,1000mb,5,2450,613,5.89,,,,,,,
ridge,0.014900154434144497,0.01758219487965107,0.8559350691013341,0.9298531810766721,0.9820554649265906,0.9869494290375204,0.8450244698205547,0.9526916802610114,0.9706362153344209,eng_latn-rus_cyrl,eng_latn,rus_cyrl,flores+opus+tatoeba+bouquet,1000mb,5,2450,613,5.89,100.0,,,,,,
mlp,0.017232317477464676,0.0188002772629261,0.8555260440504864,0.8646003262642741,0.9624796084828712,0.9771615008156607,0.7308319738988581,0.8923327895595432,0.9216965742251223,eng_latn-rus_cyrl,eng_latn,rus_cyrl,flores+opus+tatoeba+bouquet,1000mb,5,2450,613,5.89,,0.0171863800446902,0.018618779256939888,0.018811548128724098,0.018585126847028732,84.0,105.0
identity,0.24536184966564178,0.2435954064130783,0.8090765072067236,0.008156606851549755,0.01631321370309951,0.02936378466557912,0.0,0.008156606851549755,0.011419249592169658,eng_latn-rus_cyrl,eng_latn,rus_cyrl,flores+opus+tatoeba+bouquet,1000mb,6,2450,613,6.5,,,,,,,
procrustes,0.03163786977529526,0.04220251739025116,0.8090764738433692,0.9869494290375204,0.99836867862969,1.0,0.9510603588907015,0.9918433931484503,0.9967373572593801,eng_latn-rus_cyrl,eng_latn,rus_cyrl,flores+opus+tatoeba+bouquet,1000mb,6,2450,613,6.5,,,,,,,
affine,0.015706263482570648,0.03457655757665634,0.8004661894735833,0.9706362153344209,0.9967373572593801,0.99836867862969,0.9070146818923328,0.9771615008156607,0.9918433931484503,eng_latn-rus_cyrl,eng_latn,rus_cyrl,flores+opus+tatoeba+bouquet,1000mb,6,2450,613,6.5,,,,,,,
ridge,0.021759847179055214,0.02637583203613758,0.8477077903055275,0.9592169657422512,0.9934747145187602,0.99836867862969,0.8955954323001631,0.9755301794453507,0.9836867862969005,eng_latn-rus_cyrl,eng_latn,rus_cyrl,flores+opus+tatoeba+bouquet,1000mb,6,2450,613,6.5,100.0,,,,,,
mlp,0.024666110053658485,0.0278038140386343,0.844270540489363,0.933115823817292,0.9836867862969005,0.9934747145187602,0.8433931484502447,0.9526916802610114,0.9690048939641109,eng_latn-rus_cyrl,eng_latn,rus_cyrl,flores+opus+tatoeba+bouquet,1000mb,6,2450,613,6.5,,0.024438600561448507,0.027428224682807922,0.027730513364076614,0.027391353622078896,103.0,124.0
identity,0.29486334323883057,0.29290831089019775,0.8047981785977681,0.004893964110929853,0.01468189233278956,0.024469820554649267,0.0016313213703099511,0.009787928221859706,0.009787928221859706,eng_latn-rus_cyrl,eng_latn,rus_cyrl,flores+opus+tatoeba+bouquet,1000mb,7,2450,613,8.02,,,,,,,
procrustes,0.041212137788534164,0.05607391148805618,0.8047982024941067,0.9869494290375204,0.99836867862969,1.0,0.9526916802610114,0.9934747145187602,0.9951060358890701,eng_latn-rus_cyrl,eng_latn,rus_cyrl,flores+opus+tatoeba+bouquet,1000mb,7,2450,613,8.02,,,,,,,
affine,0.02072426863014698,0.04534703493118286,0.8008919007728234,0.9738988580750407,0.99836867862969,0.99836867862969,0.9168026101141925,0.9820554649265906,0.9934747145187602,eng_latn-rus_cyrl,eng_latn,rus_cyrl,flores+opus+tatoeba+bouquet,1000mb,7,2450,613,8.02,,,,,,,
ridge,0.027465499937534332,0.03454354777932167,0.8451573093729312,0.9608482871125612,0.9951060358890701,0.99836867862969,0.9168026101141925,0.9755301794453507,0.9885807504078303,eng_latn-rus_cyrl,eng_latn,rus_cyrl,flores+opus+tatoeba+bouquet,1000mb,7,2450,613,8.02,100.0,,,,,,
mlp,0.03039691038429737,0.03584464266896248,0.8373805115955776,0.9494290375203915,0.9934747145187602,0.99836867862969,0.8841761827079935,0.9559543230016313,0.9787928221859706,eng_latn-rus_cyrl,eng_latn,rus_cyrl,flores+opus+tatoeba+bouquet,1000mb,7,2450,613,8.02,,0.029888622941715376,0.03583953529596329,0.035898711532354355,0.03578544035553932,150.0,171.0
identity,0.38058632612228394,0.37793660163879395,0.8039469148191674,0.004893964110929853,0.01468189233278956,0.022838499184339316,0.0016313213703099511,0.004893964110929853,0.008156606851549755,eng_latn-rus_cyrl,eng_latn,rus_cyrl,flores+opus+tatoeba+bouquet,1000mb,8,2450,613,8.64,,,,,,,
procrustes,0.057641878724098206,0.0790230929851532,0.8039469083962898,0.9869494290375204,1.0,1.0,0.965742251223491,0.99836867862969,0.99836867862969,eng_latn-rus_cyrl,eng_latn,rus_cyrl,flores+opus+tatoeba+bouquet,1000mb,8,2450,613,8.64,,,,,,,
affine,0.026551466435194016,0.058174628764390945,0.8041755491835341,0.9787928221859706,0.99836867862969,0.99836867862969,0.9249592169657422,0.9918433931484503,0.9967373572593801,eng_latn-rus_cyrl,eng_latn,rus_cyrl,flores+opus+tatoeba+bouquet,1000mb,8,2450,613,8.64,,,,,,,
ridge,0.03342090919613838,0.04440467804670334,0.845786696862646,0.9771615008156607,0.9967373572593801,1.0,0.933115823817292,0.9853181076672104,0.9951060358890701,eng_latn-rus_cyrl,eng_latn,rus_cyrl,flores+opus+tatoeba+bouquet,1000mb,8,2450,613,8.64,100.0,,,,,,
mlp,0.03549230843782425,0.045361533761024475,0.842324267324829,0.967373572593801,0.9951060358890701,1.0,0.9086460032626428,0.9755301794453507,0.9885807504078303,eng_latn-rus_cyrl,eng_latn,rus_cyrl,flores+opus+tatoeba+bouquet,1000mb,8,2450,613,8.64,,0.03442988523415157,0.04559536278247833,0.045375365763902664,0.04552222043275833,171.0,192.0
identity,0.5271437764167786,0.5232852697372437,0.8062552889263894,0.0032626427406199023,0.011419249592169658,0.03262642740619902,0.0,0.0032626427406199023,0.004893964110929853,eng_latn-rus_cyrl,eng_latn,rus_cyrl,flores+opus+tatoeba+bouquet,1000mb,9,2450,613,6.76,,,,,,,
procrustes,0.08348152786493301,0.11466110497713089,0.8062552778380191,0.9804241435562806,0.99836867862969,1.0,0.9559543230016313,0.9967373572593801,0.99836867862969,eng_latn-rus_cyrl,eng_latn,rus_cyrl,flores+opus+tatoeba+bouquet,1000mb,9,2450,613,6.76,,,,,,,
affine,0.041400205343961716,0.08961708843708038,0.8076031501921647,0.9771615008156607,0.9967373572593801,1.0,0.9102773246329527,0.9869494290375204,0.9934747145187602,eng_latn-rus_cyrl,eng_latn,rus_cyrl,flores+opus+tatoeba+bouquet,1000mb,9,2450,613,6.76,,,,,,,
ridge,0.05002922937273979,0.06951598823070526,0.8421538841597069,0.9755301794453507,0.9951060358890701,0.99836867862969,0.9249592169657422,0.9853181076672104,0.9934747145187602,eng_latn-rus_cyrl,eng_latn,rus_cyrl,flores+opus+tatoeba+bouquet,1000mb,9,2450,613,6.76,100.0,,,,,,
mlp,0.05242380499839783,0.07054982334375381,0.8381722413571835,0.965742251223491,0.9951060358890701,0.99836867862969,0.9037520391517129,0.9755301794453507,0.9869494290375204,eng_latn-rus_cyrl,eng_latn,rus_cyrl,flores+opus+tatoeba+bouquet,1000mb,9,2450,613,6.76,,0.050025818071195056,0.07016666978597641,0.07054536044597626,0.07004957646131516,117.0,138.0
identity,0.7736600637435913,0.7673790454864502,0.8150867515460475,0.004893964110929853,0.01468189233278956,0.03099510603588907,0.0,0.0032626427406199023,0.0065252854812398045,eng_latn-rus_cyrl,eng_latn,rus_cyrl,flores+opus+tatoeba+bouquet,1000mb,10,2450,613,6.47,,,,,,,
procrustes,0.12270968407392502,0.16668570041656494,0.8150867555457372,0.9771615008156607,0.9967373572593801,1.0,0.9461663947797716,0.9934747145187602,0.9967373572593801,eng_latn-rus_cyrl,eng_latn,rus_cyrl,flores+opus+tatoeba+bouquet,1000mb,10,2450,613,6.47,,,,,,,
affine,0.06351235508918762,0.13668613135814667,0.8062138510937313,0.965742251223491,0.9967373572593801,0.99836867862969,0.8988580750407831,0.9755301794453507,0.9902120717781403,eng_latn-rus_cyrl,eng_latn,rus_cyrl,flores+opus+tatoeba+bouquet,1000mb,10,2450,613,6.47,,,,,,,
ridge,0.07399477064609528,0.10706870257854462,0.8400425638508654,0.9690048939641109,0.9934747145187602,0.99836867862969,0.9135399673735726,0.9804241435562806,0.9918433931484503,eng_latn-rus_cyrl,eng_latn,rus_cyrl,flores+opus+tatoeba+bouquet,1000mb,10,2450,613,6.47,100.0,,,,,,
mlp,0.0763663724064827,0.108418308198452,0.8370170583098155,0.9559543230016313,0.9934747145187602,0.9967373572593801,0.8907014681892332,0.9722675367047309,0.9885807504078303,eng_latn-rus_cyrl,eng_latn,rus_cyrl,flores+opus+tatoeba+bouquet,1000mb,10,2450,613,6.47,,0.0710131300347192,0.11047320812940598,0.10857141017913818,0.11017449200153351,108.0,129.0
identity,1.0789332389831543,1.0723809003829956,0.8103455814876328,0.0016313213703099511,0.021207177814029365,0.037520391517128875,0.0,0.0032626427406199023,0.009787928221859706,eng_latn-rus_cyrl,eng_latn,rus_cyrl,flores+opus+tatoeba+bouquet,1000mb,11,2450,613,5.72,,,,,,,
procrustes,0.16179518401622772,0.22047080099582672,0.8103455738667166,0.9738988580750407,0.9951060358890701,0.99836867862969,0.9314845024469821,0.9836867862969005,0.9918433931484503,eng_latn-rus_cyrl,eng_latn,rus_cyrl,flores+opus+tatoeba+bouquet,1000mb,11,2450,613,5.72,,,,,,,
affine,0.08634957671165466,0.18463721871376038,0.8069909528489632,0.9608482871125612,0.9934747145187602,0.9951060358890701,0.8825448613376835,0.9722675367047309,0.9836867862969005,eng_latn-rus_cyrl,eng_latn,rus_cyrl,flores+opus+tatoeba+bouquet,1000mb,11,2450,613,5.72,,,,,,,
ridge,0.09796720743179321,0.14695784449577332,0.8385630435889383,0.9608482871125612,0.9885807504078303,0.9951060358890701,0.8858075040783034,0.9755301794453507,0.9804241435562806,eng_latn-rus_cyrl,eng_latn,rus_cyrl,flores+opus+tatoeba+bouquet,1000mb,11,2450,613,5.72,100.0,,,,,,
mlp,0.10539420694112778,0.14789319038391113,0.8369856034842257,0.9396411092985318,0.9869494290375204,0.9918433931484503,0.835236541598695,0.9510603588907015,0.9738988580750407,eng_latn-rus_cyrl,eng_latn,rus_cyrl,flores+opus+tatoeba+bouquet,1000mb,11,2450,613,5.72,,0.09648080681051527,0.15395963191986084,0.14849044382572174,0.1533816009759903,85.0,106.0
identity,2.031569242477417,2.016543388366699,0.7937671135110377,0.009787928221859706,0.01957585644371941,0.04241435562805873,0.0,0.009787928221859706,0.013050570962479609,eng_latn-rus_cyrl,eng_latn,rus_cyrl,flores+opus+tatoeba+bouquet,1000mb,12,2450,613,4.85,,,,,,,
procrustes,0.4197460412979126,0.5789585113525391,0.7937671127270386,0.9706362153344209,0.9951060358890701,0.99836867862969,0.9119086460032626,0.9885807504078303,0.9918433931484503,eng_latn-rus_cyrl,eng_latn,rus_cyrl,flores+opus+tatoeba+bouquet,1000mb,12,2450,613,4.85,,,,,,,
affine,0.23193277418613434,0.49390143156051636,0.7769567085829162,0.9592169657422512,0.9951060358890701,0.9967373572593801,0.8760195758564437,0.9738988580750407,0.9885807504078303,eng_latn-rus_cyrl,eng_latn,rus_cyrl,flores+opus+tatoeba+bouquet,1000mb,12,2450,613,4.85,,,,,,,
ridge,0.30163344740867615,0.38030266761779785,0.8127345953949796,0.9461663947797716,0.9902120717781403,0.9951060358890701,0.8548123980424144,0.964110929853181,0.9771615008156607,eng_latn-rus_cyrl,eng_latn,rus_cyrl,flores+opus+tatoeba+bouquet,1000mb,12,2450,613,4.85,1000.0,,,,,,
mlp,0.2899359166622162,0.3987485468387604,0.8109106266467988,0.9494290375203915,0.9918433931484503,0.9951060358890701,0.8417618270799347,0.9624796084828712,0.9771615008156607,eng_latn-rus_cyrl,eng_latn,rus_cyrl,flores+opus+tatoeba+bouquet,1000mb,12,2450,613,4.85,,0.25770282106740133,0.4153745472431183,0.3998563587665558,0.41371726989746094,57.0,78.0
identity,0.00015577343583572656,0.0001520160585641861,0.5773818790303589,0.007429420505200594,0.029717682020802376,0.05349182763744428,0.0029717682020802376,0.008915304606240713,0.014858841010401188,eng_latn-deu_latn,eng_latn,deu_latn,flores+opus+tatoeba+bouquet,1000mb,0,2690,673,5.38,,,,,,,
procrustes,5.008465814171359e-05,6.706515705445781e-05,0.577381877500579,0.662704309063893,0.7578008915304606,0.7860326894502229,0.5393759286775631,0.6775631500742942,0.711738484398217,eng_latn-deu_latn,eng_latn,deu_latn,flores+opus+tatoeba+bouquet,1000mb,0,2690,673,5.38,,,,,,,
affine,2.7860105547006242e-05,5.483854693011381e-05,0.5205935762026742,0.42050520059435365,0.563150074294205,0.6329866270430906,0.2823179791976226,0.4413075780089153,0.5007429420505201,eng_latn-deu_latn,eng_latn,deu_latn,flores+opus+tatoeba+bouquet,1000mb,0,2690,673,5.38,,,,,,,
ridge,3.416718027438037e-05,4.149027881794609e-05,0.6109656433075413,0.3387815750371471,0.4903417533432392,0.5705794947994056,0.22734026745913818,0.35958395245170877,0.4145616641901932,eng_latn-deu_latn,eng_latn,deu_latn,flores+opus+tatoeba+bouquet,1000mb,0,2690,673,5.38,0.1,,,,,,
mlp,5.8159366744803265e-05,5.538871846511029e-05,0.4522775034110867,0.0014858841010401188,0.007429420505200594,0.014858841010401188,0.0,0.0029717682020802376,0.0029717682020802376,eng_latn-deu_latn,eng_latn,deu_latn,flores+opus+tatoeba+bouquet,1000mb,0,2690,673,5.38,,5.839300004146552e-05,5.6623459386173636e-05,5.5438555136788636e-05,5.654086999129504e-05,57.0,78.0
identity,0.035204190760850906,0.03453724831342697,0.6045998056290484,0.0029717682020802376,0.010401188707280832,0.017830609212481426,0.0,0.004457652303120356,0.004457652303120356,eng_latn-deu_latn,eng_latn,deu_latn,flores+opus+tatoeba+bouquet,1000mb,1,2690,673,4.63,,,,,,,
procrustes,0.005496419966220856,0.006688373163342476,0.6045998087844481,0.7919762258543833,0.8380386329866271,0.8469539375928677,0.7087667161961367,0.8038632986627043,0.8216939078751857,eng_latn-deu_latn,eng_latn,deu_latn,flores+opus+tatoeba+bouquet,1000mb,1,2690,673,4.63,,,,,,,
affine,0.002788236830383539,0.005480069201439619,0.5350998487993148,0.6092124814264487,0.7459138187221397,0.7815750371471025,0.4561664190193165,0.6463595839524517,0.6909361069836553,eng_latn-deu_latn,eng_latn,deu_latn,flores+opus+tatoeba+bouquet,1000mb,1,2690,673,4.63,,,,,,,
ridge,0.0036292311269789934,0.004204425495117903,0.6169344431733379,0.537890044576523,0.6894502228826151,0.7473997028231798,0.40713224368499257,0.5780089153046062,0.6151560178306092,eng_latn-deu_latn,eng_latn,deu_latn,flores+opus+tatoeba+bouquet,1000mb,1,2690,673,4.63,10.0,,,,,,
mlp,0.0051214988343417645,0.005005522631108761,0.5635581457390676,0.019316493313521546,0.07726597325408618,0.11589895988112928,0.007429420505200594,0.02823179791976226,0.04011887072808321,eng_latn-deu_latn,eng_latn,deu_latn,flores+opus+tatoeba+bouquet,1000mb,1,2690,673,4.63,,0.005162096202471538,0.004988961387425661,0.00502196978777647,0.004978594835847616,37.0,58.0
identity,0.08048775792121887,0.07843193411827087,0.6324265234197146,0.0014858841010401188,0.01337295690936107,0.019316493313521546,0.0014858841010401188,0.0014858841010401188,0.008915304606240713,eng_latn-deu_latn,eng_latn,deu_latn,flores+opus+tatoeba+bouquet,1000mb,2,2690,673,6.35,,,,,,,
procrustes,0.008362367749214172,0.009853634051978588,0.6324265181520401,0.8142644873699851,0.8439821693907875,0.8528974739970282,0.7711738484398217,0.8335809806835067,0.8424962852897474,eng_latn-deu_latn,eng_latn,deu_latn,flores+opus+tatoeba+bouquet,1000mb,2,2690,673,6.35,,,,,,,
affine,0.004188637249171734,0.008174135349690914,0.5466851962971224,0.6656760772659732,0.7830609212481426,0.8083209509658247,0.5468053491827637,0.7057949479940565,0.7414561664190193,eng_latn-deu_latn,eng_latn,deu_latn,flores+opus+tatoeba+bouquet,1000mb,2,2690,673,6.35,,,,,,,
ridge,0.005295589100569487,0.0062647247686982155,0.6366841940294964,0.6597325408618128,0.7964338781575037,0.8187221396731055,0.5393759286775631,0.6968796433878157,0.7563150074294205,eng_latn-deu_latn,eng_latn,deu_latn,flores+opus+tatoeba+bouquet,1000mb,2,2690,673,6.35,10.0,,,,,,
mlp,0.0073287151753902435,0.007139511872082949,0.6358417191547598,0.08766716196136701,0.22288261515601784,0.31946508172362553,0.04011887072808321,0.09955423476968796,0.14413075780089152,eng_latn-deu_latn,eng_latn,deu_latn,flores+opus+tatoeba+bouquet,1000mb,2,2690,673,6.35,,0.007350017157334246,0.0075294254347682,0.007144448813050985,0.0075164795853197575,84.0,105.0
identity,0.1153503879904747,0.11221884191036224,0.6323411582915517,0.0014858841010401188,0.01337295690936107,0.017830609212481426,0.0014858841010401188,0.0014858841010401188,0.005943536404160475,eng_latn-deu_latn,eng_latn,deu_latn,flores+opus+tatoeba+bouquet,1000mb,3,2690,673,5.36,,,,,,,
procrustes,0.013269754126667976,0.015783488750457764,0.6323411637528853,0.8291233283803864,0.8514115898959881,0.8588410104011887,0.7979197622585439,0.8380386329866271,0.8439821693907875,eng_latn-deu_latn,eng_latn,deu_latn,flores+opus+tatoeba+bouquet,1000mb,3,2690,673,5.36,,,,,,,
affine,0.006699373479932547,0.013034709729254246,0.5681486249732263,0.7340267459138187,0.8202080237741456,0.8410104011887073,0.637444279346211,0.7578008915304606,0.7830609212481426,eng_latn-deu_latn,eng_latn,deu_latn,flores+opus+tatoeba+bouquet,1000mb,3,2690,673,5.36,,,,,,,
ridge,0.009698010981082916,0.010179980657994747,0.6484383204829544,0.6047548291233283,0.7711738484398217,0.8068350668647846,0.4739970282317979,0.6612184249628529,0.7102526002971769,eng_latn-deu_latn,eng_latn,deu_latn,flores+opus+tatoeba+bouquet,1000mb,3,2690,673,5.36,100.0,,,,,,
mlp,0.011089418083429337,0.011087105609476566,0.6432076148753437,0.29271916790490343,0.5230312035661219,0.6092124814264487,0.16790490341753342,0.32392273402674593,0.4145616641901932,eng_latn-deu_latn,eng_latn,deu_latn,flores+opus+tatoeba+bouquet,1000mb,3,2690,673,5.36,,0.011070825380126112,0.011575883254408836,0.01108210813254118,0.011525760404765606,57.0,78.0
identity,0.15358974039554596,0.14903807640075684,0.6407681021803426,0.0014858841010401188,0.010401188707280832,0.019316493313521546,0.0014858841010401188,0.0014858841010401188,0.004457652303120356,eng_latn-deu_latn,eng_latn,deu_latn,flores+opus+tatoeba+bouquet,1000mb,4,2690,673,6.69,,,,,,,
procrustes,0.019721059128642082,0.02397291734814644,0.6407680964726387,0.8410104011887073,0.8573551263001485,0.861812778603269,0.8172362555720654,0.8484398216939079,0.8543833580980683,eng_latn-deu_latn,eng_latn,deu_latn,flores+opus+tatoeba+bouquet,1000mb,4,2690,673,6.69,,,,,,,
affine,0.010186763480305672,0.019821301102638245,0.5808123042324109,0.7904903417533432,0.8395245170876672,0.849925705794948,0.7147102526002972,0.8023774145616642,0.8246656760772659,eng_latn-deu_latn,eng_latn,deu_latn,flores+opus+tatoeba+bouquet,1000mb,4,2690,673,6.69,,,,,,,
ridge,0.01416329387575388,0.015436471439898014,0.6591837311775348,0.7384843982169391,0.8276374442793462,0.8439821693907875,0.6329866270430906,0.7696879643387816,0.8038632986627043,eng_latn-deu_latn,eng_latn,deu_latn,flores+opus+tatoeba+bouquet,1000mb,4,2690,673,6.69,100.0,,,,,,
mlp,0.01600167155265808,0.016458818688988686,0.6595568615460194,0.5393759286775631,0.7414561664190193,0.7949479940564635,0.3818722139673105,0.6032689450222882,0.6790490341753344,eng_latn-deu_latn,eng_latn,deu_latn,flores+opus+tatoeba+bouquet,1000mb,4,2690,673,6.69,,0.015863951638733085,0.017913924530148506,0.016506969928741455,0.017854508012533188,94.0,115.0
identity,0.19515295326709747,0.18973052501678467,0.648763476672076,0.0014858841010401188,0.005943536404160475,0.017830609212481426,0.0,0.0,0.004457652303120356,eng_latn-deu_latn,eng_latn,deu_latn,flores+opus+tatoeba+bouquet,1000mb,5,2690,673,8.85,,,,,,,
procrustes,0.02768249809741974,0.03441337123513222,0.6487634697966305,0.8484398216939079,0.861812778603269,0.8632986627043091,0.826151560178306,0.8543833580980683,0.8588410104011887,eng_latn-deu_latn,eng_latn,deu_latn,flores+opus+tatoeba+bouquet,1000mb,5,2690,673,8.85,,,,,,,
affine,0.015235772356390953,0.029950523748993874,0.5800855150878136,0.8202080237741456,0.8528974739970282,0.8573551263001485,0.7310549777117384,0.8246656760772659,0.8439821693907875,eng_latn-deu_latn,eng_latn,deu_latn,flores+opus+tatoeba+bouquet,1000mb,5,2690,673,8.85,,,,,,,
ridge,0.02057979628443718,0.02321065217256546,0.6584779039727062,0.8023774145616642,0.8469539375928677,0.8573551263001485,0.7295690936106983,0.8083209509658247,0.8306092124814265,eng_latn-deu_latn,eng_latn,deu_latn,flores+opus+tatoeba+bouquet,1000mb,5,2690,673,8.85,100.0,,,,,,
mlp,0.022830581292510033,0.02435292676091194,0.657216211812327,0.711738484398217,0.8202080237741456,0.8454680534918276,0.5572065378900446,0.7488855869242199,0.7860326894502229,eng_latn-deu_latn,eng_latn,deu_latn,flores+opus+tatoeba+bouquet,1000mb,5,2690,673,8.85,,0.022479703943980366,0.02690740115940571,0.024369951337575912,0.026850629597902298,156.0,177.0
identity,0.24466374516487122,0.23847144842147827,0.6583843874701545,0.0014858841010401188,0.005943536404160475,0.010401188707280832,0.0,0.0,0.0,eng_latn-deu_latn,eng_latn,deu_latn,flores+opus+tatoeba+bouquet,1000mb,6,2690,673,7.45,,,,,,,
procrustes,0.038179926574230194,0.04797246307134628,0.6583843840596492,0.8528974739970282,0.861812778603269,0.8632986627043091,0.8306092124814265,0.8573551263001485,0.861812778603269,eng_latn-deu_latn,eng_latn,deu_latn,flores+opus+tatoeba+bouquet,1000mb,6,2690,673,7.45,,,,,,,
affine,0.0210398118942976,0.04114896059036255,0.5949614331033772,0.8291233283803864,0.8573551263001485,0.861812778603269,0.7563150074294205,0.8380386329866271,0.8514115898959881,eng_latn-deu_latn,eng_latn,deu_latn,flores+opus+tatoeba+bouquet,1000mb,6,2690,673,7.46,,,,,,,
ridge,0.027383681386709213,0.03192519396543503,0.6660736271921195,0.8231797919762258,0.8573551263001485,0.8603268945022289,0.7622585438335809,0.8350668647845468,0.8484398216939079,eng_latn-deu_latn,eng_latn,deu_latn,flores+opus+tatoeba+bouquet,1000mb,6,2690,673,7.46,100.0,,,,,,
mlp,0.029936667531728745,0.03304483741521835,0.6634427391049601,0.7682020802377415,0.8484398216939079,0.8588410104011887,0.6731054977711739,0.7919762258543833,0.8142644873699851,eng_latn-deu_latn,eng_latn,deu_latn,flores+opus+tatoeba+bouquet,1000mb,6,2690,673,7.46,,0.029463451355695724,0.03477901220321655,0.03308559209108353,0.03474969044327736,116.0,137.0
identity,0.3013070523738861,0.2940140962600708,0.6662473060756965,0.0014858841010401188,0.007429420505200594,0.01337295690936107,0.0,0.0014858841010401188,0.0014858841010401188,eng_latn-deu_latn,eng_latn,deu_latn,flores+opus+tatoeba+bouquet,1000mb,7,2690,673,7.67,,,,,,,
procrustes,0.05179812014102936,0.06605052202939987,0.6662473034876878,0.8558692421991084,0.861812778603269,0.8662704309063893,0.8320950965824666,0.8573551263001485,0.861812778603269,eng_latn-deu_latn,eng_latn,deu_latn,flores+opus+tatoeba+bouquet,1000mb,7,2690,673,7.67,,,,,,,
affine,0.02932063303887844,0.05702420324087143,0.6121266964024757,0.836552748885587,0.8632986627043091,0.8662704309063893,0.7711738484398217,0.8380386329866271,0.8558692421991084,eng_latn-deu_latn,eng_latn,deu_latn,flores+opus+tatoeba+bouquet,1000mb,7,2690,673,7.67,,,,,,,
ridge,0.03670024126768112,0.044540245085954666,0.672599899103354,0.8291233283803864,0.861812778603269,0.8647845468053492,0.7815750371471025,0.8410104011887073,0.8484398216939079,eng_latn-deu_latn,eng_latn,deu_latn,flores+opus+tatoeba+bouquet,1000mb,7,2690,673,7.67,100.0,,,,,,
mlp,0.03885892778635025,0.04543614014983177,0.6694818569845007,0.8023774145616642,0.8528974739970282,0.861812778603269,0.7176820208023774,0.812778603268945,0.8350668647845468,eng_latn-deu_latn,eng_latn,deu_latn,flores+opus+tatoeba+bouquet,1000mb,7,2690,673,7.67,,0.03808413044010338,0.0457441583275795,0.04541841521859169,0.04565391317009926,123.0,144.0
identity,0.400931715965271,0.391067773103714,0.6738326441062593,0.0014858841010401188,0.007429420505200594,0.010401188707280832,0.0,0.0,0.0029717682020802376,eng_latn-deu_latn,eng_latn,deu_latn,flores+opus+tatoeba+bouquet,1000mb,8,2690,673,7.43,,,,,,,
procrustes,0.07855609059333801,0.10020608454942703,0.6738326420185805,0.8543833580980683,0.8662704309063893,0.8677563150074294,0.8350668647845468,0.8558692421991084,0.861812778603269,eng_latn-deu_latn,eng_latn,deu_latn,flores+opus+tatoeba+bouquet,1000mb,8,2690,673,7.43,,,,,,,
affine,0.04362712800502777,0.08493099361658096,0.6223144728553014,0.8335809806835067,0.8603268945022289,0.8662704309063893,0.7786032689450223,0.8424962852897474,0.8543833580980683,eng_latn-deu_latn,eng_latn,deu_latn,flores+opus+tatoeba+bouquet,1000mb,8,2690,673,7.43,,,,,,,
ridge,0.052297402173280716,0.06656244397163391,0.6838134188470028,0.8410104011887073,0.8603268945022289,0.8662704309063893,0.8098068350668648,0.8439821693907875,0.8514115898959881,eng_latn-deu_latn,eng_latn,deu_latn,flores+opus+tatoeba+bouquet,1000mb,8,2690,673,7.43,100.0,,,,,,
mlp,0.053170982748270035,0.0670488253235817,0.6821657792447259,0.8320950965824666,0.8573551263001485,0.8632986627043091,0.7682020802377415,0.836552748885587,0.8469539375928677,eng_latn-deu_latn,eng_latn,deu_latn,flores+opus+tatoeba+bouquet,1000mb,8,2690,673,7.43,,0.05052605790919379,0.07307866215705872,0.0670454353094101,0.07298025488853455,118.0,139.0
identity,0.5484843254089355,0.5366915464401245,0.6769042095818323,0.0,0.008915304606240713,0.01634472511144131,0.0,0.0,0.0014858841010401188,eng_latn-deu_latn,eng_latn,deu_latn,flores+opus+tatoeba+bouquet,1000mb,9,2690,673,5.9,,,,,,,
procrustes,0.10812937468290329,0.1380378007888794,0.6769042092356116,0.8514115898959881,0.8603268945022289,0.8662704309063893,0.8410104011887073,0.8543833580980683,0.8588410104011887,eng_latn-deu_latn,eng_latn,deu_latn,flores+opus+tatoeba+bouquet,1000mb,9,2690,673,5.9,,,,,,,
affine,0.05908401682972908,0.11537482589483261,0.6225766218038032,0.8410104011887073,0.8603268945022289,0.8662704309063893,0.7890044576523031,0.8454680534918276,0.8528974739970282,eng_latn-deu_latn,eng_latn,deu_latn,flores+opus+tatoeba+bouquet,1000mb,9,2690,673,5.9,,,,,,,
ridge,0.06861387193202972,0.09132102876901627,0.683803716409149,0.8439821693907875,0.861812778603269,0.8662704309063893,0.799405646359584,0.8484398216939079,0.8573551263001485,eng_latn-deu_latn,eng_latn,deu_latn,flores+opus+tatoeba+bouquet,1000mb,9,2690,673,5.9,100.0,,,,,,
mlp,0.07170161604881287,0.09164056181907654,0.6839558342559039,0.8335809806835067,0.8588410104011887,0.8647845468053492,0.7548291233283804,0.8335809806835067,0.8528974739970282,eng_latn-deu_latn,eng_latn,deu_latn,flores+opus+tatoeba+bouquet,1000mb,9,2690,673,5.9,,0.06744455761815372,0.09242314845323563,0.0916978046298027,0.09223125874996185,74.0,95.0
identity,0.7959187626838684,0.7814158201217651,0.6723660677995207,0.0,0.010401188707280832,0.020802377414561663,0.0,0.0014858841010401188,0.0029717682020802376,eng_latn-deu_latn,eng_latn,deu_latn,flores+opus+tatoeba+bouquet,1000mb,10,2690,673,5.62,,,,,,,
procrustes,0.15910397469997406,0.20120495557785034,0.6723660665701853,0.8543833580980683,0.8603268945022289,0.8647845468053492,0.8291233283803864,0.8528974739970282,0.8558692421991084,eng_latn-deu_latn,eng_latn,deu_latn,flores+opus+tatoeba+bouquet,1000mb,10,2690,673,5.62,,,,,,,
affine,0.08592959493398666,0.16815389692783356,0.6173411023209165,0.8306092124814265,0.8588410104011887,0.8603268945022289,0.7592867756315007,0.8380386329866271,0.8439821693907875,eng_latn-deu_latn,eng_latn,deu_latn,flores+opus+tatoeba+bouquet,1000mb,10,2690,673,5.62,,,,,,,
ridge,0.12096545845270157,0.13335959613323212,0.6837129349409934,0.7845468053491828,0.8439821693907875,0.8573551263001485,0.6760772659732541,0.799405646359584,0.8246656760772659,eng_latn-deu_latn,eng_latn,deu_latn,flores+opus+tatoeba+bouquet,1000mb,10,2690,673,5.62,1000.0,,,,,,
mlp,0.10192520171403885,0.1335398256778717,0.6820359626184508,0.8112927191679049,0.8573551263001485,0.8603268945022289,0.7265973254086181,0.826151560178306,0.8424962852897474,eng_latn-deu_latn,eng_latn,deu_latn,flores+opus+tatoeba+bouquet,1000mb,10,2690,673,5.62,,0.09359929553772274,0.13759902119636536,0.13382793962955475,0.13731426000595093,66.0,87.0
identity,1.099450945854187,1.081713080406189,0.6595369232812739,0.0,0.01188707280832095,0.0237741456166419,0.0,0.0014858841010401188,0.007429420505200594,eng_latn-deu_latn,eng_latn,deu_latn,flores+opus+tatoeba+bouquet,1000mb,11,2690,673,5.2,,,,,,,
procrustes,0.21474610269069672,0.2707495093345642,0.6595369271703125,0.8484398216939079,0.861812778603269,0.8632986627043091,0.812778603268945,0.8484398216939079,0.8543833580980683,eng_latn-deu_latn,eng_latn,deu_latn,flores+opus+tatoeba+bouquet,1000mb,11,2690,673,5.2,,,,,,,
affine,0.11964456737041473,0.23301519453525543,0.6063776858029958,0.8098068350668648,0.849925705794948,0.8588410104011887,0.7310549777117384,0.8172362555720654,0.8335809806835067,eng_latn-deu_latn,eng_latn,deu_latn,flores+opus+tatoeba+bouquet,1000mb,11,2690,673,5.2,,,,,,,
ridge,0.16390687227249146,0.18374960124492645,0.6773767853956445,0.7265973254086181,0.8291233283803864,0.8439821693907875,0.6062407132243685,0.7518573551263001,0.7919762258543833,eng_latn-deu_latn,eng_latn,deu_latn,flores+opus+tatoeba+bouquet,1000mb,11,2690,673,5.2,1000.0,,,,,,
mlp,0.14446239173412323,0.18679457902908325,0.6740467327110238,0.7890044576523031,0.8454680534918276,0.8543833580980683,0.6775631500742942,0.8038632986627043,0.8172362555720654,eng_latn-deu_latn,eng_latn,deu_latn,flores+opus+tatoeba+bouquet,1000mb,11,2690,673,5.2,,0.12961546292430476,0.20028486847877502,0.18729987740516663,0.19998608529567719,54.0,75.0
identity,2.2677664756774902,2.253141403198242,0.6526288757877073,0.0029717682020802376,0.01188707280832095,0.020802377414561663,0.0,0.005943536404160475,0.008915304606240713,eng_latn-deu_latn,eng_latn,deu_latn,flores+opus+tatoeba+bouquet,1000mb,12,2690,673,4.85,,,,,,,
procrustes,0.5701640248298645,0.72809237241745,0.6526288776752274,0.8410104011887073,0.8603268945022289,0.861812778603269,0.7964338781575037,0.849925705794948,0.8543833580980683,eng_latn-deu_latn,eng_latn,deu_latn,flores+opus+tatoeba+bouquet,1000mb,12,2690,673,4.85,,,,,,,
affine,0.3279944062232971,0.6346112489700317,0.6021904227533346,0.8023774145616642,0.8528974739970282,0.8573551263001485,0.7191679049034175,0.8231797919762258,0.8454680534918276,eng_latn-deu_latn,eng_latn,deu_latn,flores+opus+tatoeba+bouquet,1000mb,12,2690,673,4.85,,,,,,,
ridge,0.4030328691005707,0.4935285747051239,0.670209910377884,0.7845468053491828,0.8439821693907875,0.8588410104011887,0.6894502228826151,0.8008915304606241,0.8231797919762258,eng_latn-deu_latn,eng_latn,deu_latn,flores+opus+tatoeba+bouquet,1000mb,12,2690,673,4.85,1000.0,,,,,,
mlp,0.396555632352829,0.5113825798034668,0.6686049510610752,0.763744427934621,0.8439821693907875,0.8528974739970282,0.674591381872214,0.7919762258543833,0.8172362555720654,eng_latn-deu_latn,eng_latn,deu_latn,flores+opus+tatoeba+bouquet,1000mb,12,2690,673,4.85,,0.349675180880647,0.5278359651565552,0.5139570832252502,0.5243759751319885,44.0,65.0
identity,0.00016490515554323792,0.00016586775018367916,0.5689524662164877,0.0029717682020802376,0.014858841010401188,0.03714710252600297,0.0,0.0014858841010401188,0.004457652303120356,eng_latn-jpn_jpan,eng_latn,jpn_jpan,flores+opus+tatoeba+bouquet,1000mb,0,2690,673,6.27,,,,,,,
procrustes,6.127208325779065e-05,8.458701631752774e-05,0.568952461968746,0.41901931649331353,0.6017830609212481,0.6582466567607727,0.22288261515601784,0.413075780089153,0.5052005943536404,eng_latn-jpn_jpan,eng_latn,jpn_jpan,flores+opus+tatoeba+bouquet,1000mb,0,2690,673,6.27,,,,,,,
affine,3.35065669787582e-05,6.728947482770309e-05,0.572129052019524,0.30460624071322434,0.5052005943536404,0.5854383358098069,0.12035661218424963,0.30460624071322434,0.3774145616641902,eng_latn-jpn_jpan,eng_latn,jpn_jpan,flores+opus+tatoeba+bouquet,1000mb,0,2690,673,6.27,,,,,,,
ridge,4.0798087866278365e-05,5.11317775817588e-05,0.6541334676480763,0.2600297176820208,0.4710252600297177,0.5542347696879644,0.11144130757800892,0.2511144130757801,0.337295690936107,eng_latn-jpn_jpan,eng_latn,jpn_jpan,flores+opus+tatoeba+bouquet,1000mb,0,2690,673,6.27,0.1,,,,,,
mlp,6.670322909485549e-05,6.659077916992828e-05,0.4939771307427548,0.0014858841010401188,0.007429420505200594,0.014858841010401188,0.0,0.0014858841010401188,0.0014858841010401188,eng_latn-jpn_jpan,eng_latn,jpn_jpan,flores+opus+tatoeba+bouquet,1000mb,0,2690,673,6.27,,6.671514692195495e-05,6.73121030558832e-05,6.658917118329555e-05,6.729498272761703e-05,81.0,102.0
identity,0.03702105954289436,0.03704000636935234,0.5808754850936507,0.0014858841010401188,0.010401188707280832,0.019316493313521546,0.0,0.0,0.005943536404160475,eng_latn-jpn_jpan,eng_latn,jpn_jpan,flores+opus+tatoeba+bouquet,1000mb,1,2690,673,4.21,,,,,,,
procrustes,0.006409896072000265,0.008065246045589447,0.5808754860174279,0.6567607726597325,0.787518573551263,0.812778603268945,0.4933135215453195,0.6968796433878157,0.7340267459138187,eng_latn-jpn_jpan,eng_latn,jpn_jpan,flores+opus+tatoeba+bouquet,1000mb,1,2690,673,4.21,,,,,,,
affine,0.003428136929869652,0.006841546390205622,0.5612768237619689,0.48588410104011887,0.687964338781575,0.7548291233283804,0.2689450222882615,0.5022288261515602,0.5884101040118871,eng_latn-jpn_jpan,eng_latn,jpn_jpan,flores+opus+tatoeba+bouquet,1000mb,1,2690,673,4.21,,,,,,,
ridge,0.004439107142388821,0.00528738833963871,0.6261869776670628,0.4442793462109955,0.6597325408618128,0.7310549777117384,0.2540861812778603,0.4650817236255572,0.5661218424962853,eng_latn-jpn_jpan,eng_latn,jpn_jpan,flores+opus+tatoeba+bouquet,1000mb,1,2690,673,4.21,10.0,,,,,,
mlp,0.005999692250043154,0.005999402143061161,0.589074718049655,0.02823179791976226,0.12035661218424963,0.1723625557206538,0.008915304606240713,0.03268945022288262,0.06240713224368499,eng_latn-jpn_jpan,eng_latn,jpn_jpan,flores+opus+tatoeba+bouquet,1000mb,1,2690,673,4.21,,0.006017710609165461,0.006077770609408617,0.006017209496349096,0.006024985108524561,25.0,46.0
identity,0.08374270051717758,0.0834585651755333,0.605171152376158,0.004457652303120356,0.01634472511144131,0.022288261515601784,0.0,0.0029717682020802376,0.007429420505200594,eng_latn-jpn_jpan,eng_latn,jpn_jpan,flores+opus+tatoeba+bouquet,1000mb,2,2690,673,5.5,,,,,,,
procrustes,0.010250541381537914,0.012558734975755215,0.6051711537139733,0.7057949479940565,0.8083209509658247,0.8350668647845468,0.563150074294205,0.7459138187221397,0.7845468053491828,eng_latn-jpn_jpan,eng_latn,jpn_jpan,flores+opus+tatoeba+bouquet,1000mb,2,2690,673,5.5,,,,,,,
affine,0.005303800571709871,0.010543587617576122,0.5841789060548793,0.524517087667162,0.7236255572065379,0.7800891530460624,0.33580980683506684,0.5586924219910847,0.6359583952451708,eng_latn-jpn_jpan,eng_latn,jpn_jpan,flores+opus+tatoeba+bouquet,1000mb,2,2690,673,5.5,,,,,,,
ridge,0.006682203616946936,0.008226568810641766,0.6463754629569731,0.5482912332838039,0.736998514115899,0.7904903417533432,0.35958395245170877,0.5943536404160475,0.674591381872214,eng_latn-jpn_jpan,eng_latn,jpn_jpan,flores+opus+tatoeba+bouquet,1000mb,2,2690,673,5.5,10.0,,,,,,
mlp,0.008783794939517975,0.008908244781196117,0.6479543758106104,0.12035661218424963,0.30460624071322434,0.4264487369985141,0.03714710252600297,0.1352154531946508,0.20059435364041606,eng_latn-jpn_jpan,eng_latn,jpn_jpan,flores+opus+tatoeba+bouquet,1000mb,2,2690,673,5.5,,0.008759057039002838,0.009368885308504105,0.00892611127346754,0.009322001598775387,61.0,82.0
identity,0.12312311679124832,0.12271279841661453,0.6037272527828987,0.0014858841010401188,0.01634472511144131,0.029717682020802376,0.0,0.0029717682020802376,0.004457652303120356,eng_latn-jpn_jpan,eng_latn,jpn_jpan,flores+opus+tatoeba+bouquet,1000mb,3,2690,673,5.08,,,,,,,
procrustes,0.016556963324546814,0.020441900938749313,0.603727245287745,0.7622585438335809,0.8395245170876672,0.8573551263001485,0.6478454680534919,0.7830609212481426,0.8172362555720654,eng_latn-jpn_jpan,eng_latn,jpn_jpan,flores+opus+tatoeba+bouquet,1000mb,3,2690,673,5.08,,,,,,,
affine,0.008696576580405235,0.01754915527999401,0.5767719011761993,0.6151560178306092,0.7815750371471025,0.8276374442793462,0.43833580980683506,0.6463595839524517,0.7191679049034175,eng_latn-jpn_jpan,eng_latn,jpn_jpan,flores+opus+tatoeba+bouquet,1000mb,3,2690,673,5.08,,,,,,,
ridge,0.012489333748817444,0.013611520640552044,0.6533695385288149,0.5066864784546805,0.7102526002971769,0.7786032689450223,0.32392273402674593,0.5586924219910847,0.6359583952451708,eng_latn-jpn_jpan,eng_latn,jpn_jpan,flores+opus+tatoeba+bouquet,1000mb,3,2690,673,5.08,100.0,,,,,,
mlp,0.013815131038427353,0.014355666935443878,0.6563550406090608,0.28826151560178304,0.5364041604754829,0.649331352154532,0.1352154531946508,0.32838038632986627,0.4175334323922734,eng_latn-jpn_jpan,eng_latn,jpn_jpan,flores+opus+tatoeba+bouquet,1000mb,3,2690,673,5.08,,0.013824919581805406,0.01358816958963871,0.014325044117867947,0.013576154597103596,49.0,70.0
identity,0.16539762914180756,0.16498468816280365,0.6113330891960167,0.0029717682020802376,0.014858841010401188,0.020802377414561663,0.0029717682020802376,0.0029717682020802376,0.007429420505200594,eng_latn-jpn_jpan,eng_latn,jpn_jpan,flores+opus+tatoeba+bouquet,1000mb,4,2690,673,8.18,,,,,,,
procrustes,0.025007927790284157,0.031386833637952805,0.6113330701633873,0.799405646359584,0.8514115898959881,0.8603268945022289,0.7102526002971769,0.8187221396731055,0.8395245170876672,eng_latn-jpn_jpan,eng_latn,jpn_jpan,flores+opus+tatoeba+bouquet,1000mb,4,2690,673,8.18,,,,,,,
affine,0.013341262936592102,0.02693234197795391,0.5786732640149211,0.6731054977711739,0.8068350668647846,0.8410104011887073,0.524517087667162,0.7087667161961367,0.7711738484398217,eng_latn-jpn_jpan,eng_latn,jpn_jpan,flores+opus+tatoeba+bouquet,1000mb,4,2690,673,8.18,,,,,,,
ridge,0.018479591235518456,0.02082206681370735,0.6600154444180149,0.649331352154532,0.8068350668647846,0.8469539375928677,0.4888558692421991,0.6849925705794948,0.7563150074294205,eng_latn-jpn_jpan,eng_latn,jpn_jpan,flores+opus+tatoeba+bouquet,1000mb,4,2690,673,8.18,100.0,,,,,,
mlp,0.019799644127488136,0.021499058231711388,0.6672172601469895,0.4784546805349183,0.725111441307578,0.799405646359584,0.32838038632986627,0.549777117384844,0.6404160475482912,eng_latn-jpn_jpan,eng_latn,jpn_jpan,flores+opus+tatoeba+bouquet,1000mb,4,2690,673,8.18,,0.019699058691529853,0.02130158245563507,0.021514594554901123,0.021229740232229233,136.0,157.0
identity,0.2019614726305008,0.2014918029308319,0.6132264898450396,0.0029717682020802376,0.014858841010401188,0.022288261515601784,0.0014858841010401188,0.004457652303120356,0.01188707280832095,eng_latn-jpn_jpan,eng_latn,jpn_jpan,flores+opus+tatoeba+bouquet,1000mb,5,2690,673,6.86,,,,,,,
procrustes,0.032853759825229645,0.041857149451971054,0.6132264600968284,0.8083209509658247,0.8514115898959881,0.8632986627043091,0.7310549777117384,0.8306092124814265,0.8410104011887073,eng_latn-jpn_jpan,eng_latn,jpn_jpan,flores+opus+tatoeba+bouquet,1000mb,5,2690,673,6.86,,,,,,,
affine,0.017225664108991623,0.03467434272170067,0.5892751250942252,0.7057949479940565,0.8172362555720654,0.8439821693907875,0.5735512630014858,0.736998514115899,0.7786032689450223,eng_latn-jpn_jpan,eng_latn,jpn_jpan,flores+opus+tatoeba+bouquet,1000mb,5,2690,673,6.86,,,,,,,
ridge,0.02311629243195057,0.026770440861582756,0.6640420051587882,0.6924219910846954,0.8350668647845468,0.8603268945022289,0.5393759286775631,0.736998514115899,0.7890044576523031,eng_latn-jpn_jpan,eng_latn,jpn_jpan,flores+opus+tatoeba+bouquet,1000mb,5,2690,673,6.86,100.0,,,,,,
mlp,0.024634255096316338,0.02743353694677353,0.667208841811882,0.5705794947994056,0.7860326894502229,0.826151560178306,0.41901931649331353,0.62555720653789,0.7057949479940565,eng_latn-jpn_jpan,eng_latn,jpn_jpan,flores+opus+tatoeba+bouquet,1000mb,5,2690,673,6.86,,0.024269047438314085,0.028079058974981308,0.02744789607822895,0.028009984642267227,99.0,120.0
identity,0.2519094944000244,0.2514926493167877,0.610759911579363,0.004457652303120356,0.014858841010401188,0.022288261515601784,0.0014858841010401188,0.007429420505200594,0.008915304606240713,eng_latn-jpn_jpan,eng_latn,jpn_jpan,flores+opus+tatoeba+bouquet,1000mb,6,2690,673,9.64,,,,,,,
procrustes,0.042357660830020905,0.054682232439517975,0.6107599404059914,0.826151560178306,0.8573551263001485,0.8632986627043091,0.7652303120356612,0.836552748885587,0.8454680534918276,eng_latn-jpn_jpan,eng_latn,jpn_jpan,flores+opus+tatoeba+bouquet,1000mb,6,2690,673,9.64,,,,,,,
affine,0.0213608518242836,0.042676519602537155,0.6009861383727774,0.7206537890044576,0.8350668647845468,0.8469539375928677,0.5928677563150074,0.7563150074294205,0.8068350668647846,eng_latn-jpn_jpan,eng_latn,jpn_jpan,flores+opus+tatoeba+bouquet,1000mb,6,2690,673,9.64,,,,,,,
ridge,0.027660852298140526,0.032983869314193726,0.6698475802648091,0.7384843982169391,0.8439821693907875,0.861812778603269,0.600297176820208,0.7786032689450223,0.812778603268945,eng_latn-jpn_jpan,eng_latn,jpn_jpan,flores+opus+tatoeba+bouquet,1000mb,6,2690,673,9.64,100.0,,,,,,
mlp,0.028250224888324738,0.033278271555900574,0.6728685429969631,0.6597325408618128,0.8172362555720654,0.8469539375928677,0.48291233283803864,0.7072808320950966,0.763744427934621,eng_latn-jpn_jpan,eng_latn,jpn_jpan,flores+opus+tatoeba+bouquet,1000mb,6,2690,673,9.64,,0.027417388499567385,0.03678496181964874,0.03333960101008415,0.036743681877851486,185.0,200.0
identity,0.3199823498725891,0.3196728527545929,0.6050131588742079,0.0014858841010401188,0.01634472511144131,0.019316493313521546,0.0,0.004457652303120356,0.005943536404160475,eng_latn-jpn_jpan,eng_latn,jpn_jpan,flores+opus+tatoeba+bouquet,1000mb,7,2690,673,7.38,,,,,,,
procrustes,0.056681156158447266,0.07417730242013931,0.6050131615294435,0.8320950965824666,0.8588410104011887,0.8662704309063893,0.774145616641902,0.8410104011887073,0.8514115898959881,eng_latn-jpn_jpan,eng_latn,jpn_jpan,flores+opus+tatoeba+bouquet,1000mb,7,2690,673,7.38,,,,,,,
affine,0.02873099222779274,0.05782964080572128,0.5954707407081992,0.736998514115899,0.8380386329866271,0.8573551263001485,0.5928677563150074,0.7592867756315007,0.8112927191679049,eng_latn-jpn_jpan,eng_latn,jpn_jpan,flores+opus+tatoeba+bouquet,1000mb,7,2690,673,7.38,,,,,,,
ridge,0.03589808940887451,0.04456045851111412,0.6699111097149025,0.7414561664190193,0.8469539375928677,0.8632986627043091,0.6285289747399703,0.7711738484398217,0.8157503714710252,eng_latn-jpn_jpan,eng_latn,jpn_jpan,flores+opus+tatoeba+bouquet,1000mb,7,2690,673,7.38,100.0,,,,,,
mlp,0.03617945685982704,0.044913504272699356,0.6663414401449265,0.6849925705794948,0.8320950965824666,0.8603268945022289,0.5423476968796433,0.7236255572065379,0.7800891530460624,eng_latn-jpn_jpan,eng_latn,jpn_jpan,flores+opus+tatoeba+bouquet,1000mb,7,2690,673,7.38,,0.03480373156305991,0.04601595550775528,0.04482985660433769,0.04586026817560196,115.0,136.0
identity,0.4319705665111542,0.43042686581611633,0.6034765639543901,0.0014858841010401188,0.010401188707280832,0.019316493313521546,0.0,0.004457652303120356,0.004457652303120356,eng_latn-jpn_jpan,eng_latn,jpn_jpan,flores+opus+tatoeba+bouquet,1000mb,8,2690,673,7.62,,,,,,,
procrustes,0.08662419766187668,0.11344504356384277,0.603476568239543,0.8306092124814265,0.8603268945022289,0.8647845468053492,0.7771173848439822,0.8439821693907875,0.8528974739970282,eng_latn-jpn_jpan,eng_latn,jpn_jpan,flores+opus+tatoeba+bouquet,1000mb,8,2690,673,7.62,,,,,,,
affine,0.04370127245783806,0.08678865432739258,0.5840027403719757,0.7340267459138187,0.8439821693907875,0.8632986627043091,0.6032689450222882,0.7622585438335809,0.8053491827637445,eng_latn-jpn_jpan,eng_latn,jpn_jpan,flores+opus+tatoeba+bouquet,1000mb,8,2690,673,7.62,,,,,,,
ridge,0.05226981267333031,0.06776130944490433,0.6587157464312596,0.7473997028231798,0.8469539375928677,0.8692421991084696,0.6404160475482912,0.7815750371471025,0.8142644873699851,eng_latn-jpn_jpan,eng_latn,jpn_jpan,flores+opus+tatoeba+bouquet,1000mb,8,2690,673,7.62,100.0,,,,,,
mlp,0.0490318201482296,0.06769157946109772,0.652683897674177,0.7221396731054978,0.836552748885587,0.8662704309063893,0.5943536404160475,0.75037147102526,0.8008915304606241,eng_latn-jpn_jpan,eng_latn,jpn_jpan,flores+opus+tatoeba+bouquet,1000mb,8,2690,673,7.62,,0.04643288313558227,0.06745641678571701,0.06791411340236664,0.06725921481847763,123.0,144.0
identity,0.631044864654541,0.6287099719047546,0.5888484433883507,0.0014858841010401188,0.005943536404160475,0.01188707280832095,0.0014858841010401188,0.004457652303120356,0.005943536404160475,eng_latn-jpn_jpan,eng_latn,jpn_jpan,flores+opus+tatoeba+bouquet,1000mb,9,2690,673,4.95,,,,,,,
procrustes,0.130913645029068,0.16884617507457733,0.5888484333134187,0.8276374442793462,0.8632986627043091,0.8677563150074294,0.7578008915304606,0.836552748885587,0.8514115898959881,eng_latn-jpn_jpan,eng_latn,jpn_jpan,flores+opus+tatoeba+bouquet,1000mb,9,2690,673,4.95,,,,,,,
affine,0.06631672382354736,0.13086287677288055,0.5732685362012993,0.7310549777117384,0.8410104011887073,0.8573551263001485,0.575037147102526,0.7578008915304606,0.8038632986627043,eng_latn-jpn_jpan,eng_latn,jpn_jpan,flores+opus+tatoeba+bouquet,1000mb,9,2690,673,4.95,,,,,,,
ridge,0.09538929164409637,0.10444093495607376,0.6402049052284223,0.5720653789004457,0.7726597325408618,0.8187221396731055,0.4160475482912333,0.6344725111441307,0.7043090638930164,eng_latn-jpn_jpan,eng_latn,jpn_jpan,flores+opus+tatoeba+bouquet,1000mb,9,2690,673,4.95,1000.0,,,,,,
mlp,0.08137841522693634,0.10310658067464828,0.649472324807918,0.6731054977711739,0.8246656760772659,0.8484398216939079,0.5289747399702823,0.7310549777117384,0.7771173848439822,eng_latn-jpn_jpan,eng_latn,jpn_jpan,flores+opus+tatoeba+bouquet,1000mb,9,2690,673,4.95,,0.07298694903913297,0.11231539398431778,0.1030058041214943,0.11202873289585114,46.0,67.0
identity,0.9525691270828247,0.9513413906097412,0.5778699727923956,0.0,0.005943536404160475,0.01337295690936107,0.0,0.0014858841010401188,0.0029717682020802376,eng_latn-jpn_jpan,eng_latn,jpn_jpan,flores+opus+tatoeba+bouquet,1000mb,10,2690,673,5.2,,,,,,,
procrustes,0.2034555971622467,0.25852811336517334,0.5778699727438121,0.8142644873699851,0.8647845468053492,0.8662704309063893,0.7280832095096582,0.8335809806835067,0.849925705794948,eng_latn-jpn_jpan,eng_latn,jpn_jpan,flores+opus+tatoeba+bouquet,1000mb,10,2690,673,5.2,,,,,,,
affine,0.10346636921167374,0.20383290946483612,0.5533332586205952,0.6790490341753344,0.8172362555720654,0.8469539375928677,0.5274888558692422,0.7236255572065379,0.7800891530460624,eng_latn-jpn_jpan,eng_latn,jpn_jpan,flores+opus+tatoeba+bouquet,1000mb,10,2690,673,5.2,,,,,,,
ridge,0.14377102255821228,0.16071347892284393,0.6253004061248969,0.5319465081723626,0.7429420505200595,0.8157503714710252,0.3863298662704309,0.5988112927191679,0.674591381872214,eng_latn-jpn_jpan,eng_latn,jpn_jpan,flores+opus+tatoeba+bouquet,1000mb,10,2690,673,5.2,1000.0,,,,,,
mlp,0.11929217725992203,0.16248907148838043,0.6223154591215336,0.6285289747399703,0.7964338781575037,0.8350668647845468,0.46953937592867756,0.6894502228826151,0.7473997028231798,eng_latn-jpn_jpan,eng_latn,jpn_jpan,flores+opus+tatoeba+bouquet,1000mb,10,2690,673,5.2,,0.10707476362586021,0.159856379032135,0.16345661878585815,0.1592232882976532,54.0,75.0
identity,1.3941223621368408,1.395915150642395,0.5623148621914323,0.0,0.004457652303120356,0.008915304606240713,0.0,0.0014858841010401188,0.0029717682020802376,eng_latn-jpn_jpan,eng_latn,jpn_jpan,flores+opus+tatoeba+bouquet,1000mb,11,2690,673,4.7,,,,,,,
procrustes,0.2976323962211609,0.3708537220954895,0.5623148578538596,0.8023774145616642,0.8603268945022289,0.8662704309063893,0.7161961367013373,0.8276374442793462,0.8454680534918276,eng_latn-jpn_jpan,eng_latn,jpn_jpan,flores+opus+tatoeba+bouquet,1000mb,11,2690,673,4.7,,,,,,,
affine,0.14807912707328796,0.2924591302871704,0.5332596320490723,0.6463595839524517,0.7949479940564635,0.826151560178306,0.4814264487369985,0.6864784546805349,0.7473997028231798,eng_latn-jpn_jpan,eng_latn,jpn_jpan,flores+opus+tatoeba+bouquet,1000mb,11,2690,673,4.7,,,,,,,
ridge,0.2010541409254074,0.2292681783437729,0.6115605729720474,0.475482912332838,0.7013372956909361,0.7696879643387816,0.3476968796433878,0.549777117384844,0.6285289747399703,eng_latn-jpn_jpan,eng_latn,jpn_jpan,flores+opus+tatoeba+bouquet,1000mb,11,2690,673,4.7,1000.0,,,,,,
mlp,0.1828799992799759,0.23538708686828613,0.6096521919349074,0.5586924219910847,0.7548291233283804,0.8023774145616642,0.37444279346210996,0.6077265973254086,0.6805349182763745,eng_latn-jpn_jpan,eng_latn,jpn_jpan,flores+opus+tatoeba+bouquet,1000mb,11,2690,673,4.7,,0.15838048567897395,0.24033470451831818,0.2358294427394867,0.23913295567035675,39.0,60.0
identity,2.2162082195281982,2.205667734146118,0.5318464219510386,0.0,0.005943536404160475,0.008915304606240713,0.0,0.0,0.0014858841010401188,eng_latn-jpn_jpan,eng_latn,jpn_jpan,flores+opus+tatoeba+bouquet,1000mb,12,2690,673,4.43,,,,,,,
procrustes,0.6278159022331238,0.8131997585296631,0.5318464218636231,0.7934621099554234,0.8573551263001485,0.8632986627043091,0.6820208023774146,0.8231797919762258,0.8424962852897474,eng_latn-jpn_jpan,eng_latn,jpn_jpan,flores+opus+tatoeba+bouquet,1000mb,12,2690,673,4.43,,,,,,,
affine,0.34813183546066284,0.6803713440895081,0.505978620710184,0.6953937592867756,0.8068350668647846,0.8246656760772659,0.5393759286775631,0.7236255572065379,0.7682020802377415,eng_latn-jpn_jpan,eng_latn,jpn_jpan,flores+opus+tatoeba+bouquet,1000mb,12,2690,673,4.43,,,,,,,
ridge,0.42695170640945435,0.5311821103096008,0.5796889901055513,0.6760772659732541,0.8157503714710252,0.8484398216939079,0.5215453194650818,0.7325408618127786,0.7771173848439822,eng_latn-jpn_jpan,eng_latn,jpn_jpan,flores+opus+tatoeba+bouquet,1000mb,12,2690,673,4.43,1000.0,,,,,,
mlp,0.4255722463130951,0.5493825078010559,0.5763030815073101,0.649331352154532,0.7904903417533432,0.826151560178306,0.4814264487369985,0.6790490341753344,0.7429420505200595,eng_latn-jpn_jpan,eng_latn,jpn_jpan,flores+opus+tatoeba+bouquet,1000mb,12,2690,673,4.43,,0.35805770127396835,0.5921543836593628,0.5525553226470947,0.5846371054649353,32.0,53.0
identity,0.00018823648861143738,0.0001858733594417572,0.6766581787847831,0.006980802792321117,0.020942408376963352,0.04013961605584642,0.0,0.0034904013961605585,0.008726003490401396,zho_hans-spa_latn,zho_hans,spa_latn,flores+opus+tatoeba+bouquet,1000mb,0,2290,573,5.06,,,,,,,
procrustes,5.5340100516332313e-05,7.976446795510128e-05,0.6766581726206711,0.5898778359511344,0.7888307155322862,0.849912739965096,0.3647469458987784,0.6230366492146597,0.7033158813263525,zho_hans-spa_latn,zho_hans,spa_latn,flores+opus+tatoeba+bouquet,1000mb,0,2290,573,5.06,,,,,,,
affine,2.2092624931246974e-05,5.229577800491825e-05,0.6701268272194698,0.2914485165794066,0.5130890052356021,0.5898778359511344,0.16055846422338568,0.3106457242582897,0.38394415357766143,zho_hans-spa_latn,zho_hans,spa_latn,flores+opus+tatoeba+bouquet,1000mb,0,2290,573,5.06,,,,,,,
ridge,2.7864134608535096e-05,3.721392204170115e-05,0.7309617762501762,0.24781849912739964,0.45898778359511344,0.5392670157068062,0.1343804537521815,0.26352530541012215,0.3647469458987784,zho_hans-spa_latn,zho_hans,spa_latn,flores+opus+tatoeba+bouquet,1000mb,0,2290,573,5.06,0.1,,,,,,
mlp,5.2415030950214714e-05,5.119305569678545e-05,0.5280072276487593,0.0017452006980802793,0.008726003490401396,0.017452006980802792,0.0017452006980802793,0.0017452006980802793,0.0017452006980802793,zho_hans-spa_latn,zho_hans,spa_latn,flores+opus+tatoeba+bouquet,1000mb,0,2290,573,5.06,,5.2591444149253554e-05,5.302401041262783e-05,5.1206545322202146e-05,5.2996587328379974e-05,71.0,92.0
identity,0.03535652905702591,0.03516235202550888,0.7374517993013584,0.0017452006980802793,0.012216404886561954,0.031413612565445025,0.0017452006980802793,0.005235602094240838,0.006980802792321117,zho_hans-spa_latn,zho_hans,spa_latn,flores+opus+tatoeba+bouquet,1000mb,1,2290,573,3.88,,,,,,,
procrustes,0.0053039793856441975,0.0070081185549497604,0.7374517995793429,0.7853403141361257,0.9092495636998255,0.9424083769633508,0.6195462478184991,0.8324607329842932,0.8760907504363001,zho_hans-spa_latn,zho_hans,spa_latn,flores+opus+tatoeba+bouquet,1000mb,1,2290,573,3.88,,,,,,,
affine,0.002181628020480275,0.005211581476032734,0.7123529994144179,0.5445026178010471,0.7853403141361257,0.8464223385689355,0.3787085514834206,0.5776614310645725,0.6701570680628273,zho_hans-spa_latn,zho_hans,spa_latn,flores+opus+tatoeba+bouquet,1000mb,1,2290,573,3.88,,,,,,,
ridge,0.0030250740237534046,0.0037306970916688442,0.7709369387774696,0.5218150087260035,0.7521815008726004,0.8202443280977313,0.34205933682373474,0.5584642233856894,0.643979057591623,zho_hans-spa_latn,zho_hans,spa_latn,flores+opus+tatoeba+bouquet,1000mb,1,2290,573,3.88,10.0,,,,,,
mlp,0.004352145362645388,0.004406963475048542,0.7214093821240342,0.07678883071553229,0.18673647469458987,0.24607329842931938,0.027923211169284468,0.06282722513089005,0.09773123909249563,zho_hans-spa_latn,zho_hans,spa_latn,flores+opus+tatoeba+bouquet,1000mb,1,2290,573,3.88,,0.004383477932688865,0.004291649907827377,0.004419059958308935,0.004276794381439686,34.0,55.0
identity,0.08419370651245117,0.08358389884233475,0.786864819712902,0.0034904013961605585,0.008726003490401396,0.019197207678883072,0.0,0.0034904013961605585,0.005235602094240838,zho_hans-spa_latn,zho_hans,spa_latn,flores+opus+tatoeba+bouquet,1000mb,2,2290,573,4.66,,,,,,,
procrustes,0.008900214917957783,0.01152052916586399,0.7868648217547438,0.8272251308900523,0.9389179755671903,0.9755671902268761,0.6910994764397905,0.8638743455497382,0.8970331588132635,zho_hans-spa_latn,zho_hans,spa_latn,flores+opus+tatoeba+bouquet,1000mb,2,2290,573,4.66,,,,,,,
affine,0.003341809380799532,0.00788175780326128,0.7792435529257127,0.7068062827225131,0.8795811518324608,0.9179755671902269,0.4677137870855148,0.7277486910994765,0.7905759162303665,zho_hans-spa_latn,zho_hans,spa_latn,flores+opus+tatoeba+bouquet,1000mb,2,2290,573,4.66,,,,,,,
ridge,0.004459482152014971,0.005759083200246096,0.8217397175328013,0.680628272251309,0.849912739965096,0.9057591623036649,0.47643979057591623,0.7225130890052356,0.7835951134380453,zho_hans-spa_latn,zho_hans,spa_latn,flores+opus+tatoeba+bouquet,1000mb,2,2290,573,4.66,10.0,,,,,,
mlp,0.0063147954642772675,0.006464162841439247,0.8064920380722729,0.21291448516579406,0.43106457242582896,0.5340314136125655,0.09598603839441536,0.21291448516579406,0.2931937172774869,zho_hans-spa_latn,zho_hans,spa_latn,flores+opus+tatoeba+bouquet,1000mb,2,2290,573,4.66,,0.0063695985908535395,0.006069152150303125,0.006468318868428469,0.006047278176993132,60.0,81.0
identity,0.12472114711999893,0.12381714582443237,0.771910065822703,0.0,0.006980802792321117,0.02443280977312391,0.0,0.0034904013961605585,0.005235602094240838,zho_hans-spa_latn,zho_hans,spa_latn,flores+opus+tatoeba+bouquet,1000mb,3,2290,573,5.06,,,,,,,
procrustes,0.01519610546529293,0.019583366811275482,0.7719100645018068,0.8691099476439791,0.9598603839441536,0.9825479930191972,0.731239092495637,0.8883071553228621,0.93717277486911,zho_hans-spa_latn,zho_hans,spa_latn,flores+opus+tatoeba+bouquet,1000mb,3,2290,573,5.06,,,,,,,
affine,0.005290402099490166,0.012391766533255577,0.7642207002234792,0.7399650959860384,0.8917975567190227,0.9406631762652705,0.537521815008726,0.7452006980802792,0.8167539267015707,zho_hans-spa_latn,zho_hans,spa_latn,flores+opus+tatoeba+bouquet,1000mb,3,2290,573,5.06,,,,,,,
ridge,0.0081507982686162,0.009064449928700924,0.8071663227749576,0.612565445026178,0.8272251308900523,0.8917975567190227,0.41012216404886565,0.6771378708551483,0.7452006980802792,zho_hans-spa_latn,zho_hans,spa_latn,flores+opus+tatoeba+bouquet,1000mb,3,2290,573,5.06,100.0,,,,,,
mlp,0.009336506947875023,0.009721311740577221,0.8018316867735266,0.4118673647469459,0.675392670157068,0.7766143106457243,0.2268760907504363,0.4293193717277487,0.5287958115183246,zho_hans-spa_latn,zho_hans,spa_latn,flores+opus+tatoeba+bouquet,1000mb,3,2290,573,5.06,,0.009322071081083832,0.009737204760313034,0.009752153418958187,0.009702078066766262,73.0,94.0
identity,0.1677381694316864,0.16604305803775787,0.7667640120930803,0.0017452006980802793,0.008726003490401396,0.020942408376963352,0.0017452006980802793,0.0017452006980802793,0.005235602094240838,zho_hans-spa_latn,zho_hans,spa_latn,flores+opus+tatoeba+bouquet,1000mb,4,2290,573,5.33,,,,,,,
procrustes,0.022106219083070755,0.0290581863373518,0.7667640051524226,0.8952879581151832,0.9790575916230366,0.9895287958115183,0.7731239092495636,0.9197207678883071,0.9616055846422339,zho_hans-spa_latn,zho_hans,spa_latn,flores+opus+tatoeba+bouquet,1000mb,4,2290,573,5.33,,,,,,,
affine,0.008337920531630516,0.019418833777308464,0.7611838251540809,0.806282722513089,0.9406631762652705,0.9668411867364747,0.6230366492146597,0.8237347294938918,0.8900523560209425,zho_hans-spa_latn,zho_hans,spa_latn,flores+opus+tatoeba+bouquet,1000mb,4,2290,573,5.33,,,,,,,
ridge,0.012303291819989681,0.0141494981944561,0.8026362731676706,0.7626527050610821,0.9214659685863874,0.9493891797556719,0.5759162303664922,0.7958115183246073,0.8656195462478184,zho_hans-spa_latn,zho_hans,spa_latn,flores+opus+tatoeba+bouquet,1000mb,4,2290,573,5.33,100.0,,,,,,
mlp,0.013890078291296959,0.014871671795845032,0.7993504933224737,0.6160558464223386,0.8429319371727748,0.9022687609075044,0.3856893542757417,0.6527050610820244,0.7556719022687609,zho_hans-spa_latn,zho_hans,spa_latn,flores+opus+tatoeba+bouquet,1000mb,4,2290,573,5.33,,0.01376220973377878,0.015482568182051182,0.014881020411849022,0.015447735786437988,82.0,103.0
identity,0.20856332778930664,0.20641066133975983,0.7706107278082073,0.0017452006980802793,0.010471204188481676,0.017452006980802792,0.0,0.0017452006980802793,0.005235602094240838,zho_hans-spa_latn,zho_hans,spa_latn,flores+opus+tatoeba+bouquet,1000mb,5,2290,573,5.92,,,,,,,
procrustes,0.026678964495658875,0.035778701305389404,0.7706107320272726,0.8987783595113438,0.9773123909249564,0.9842931937172775,0.7835951134380453,0.924956369982548,0.9633507853403142,zho_hans-spa_latn,zho_hans,spa_latn,flores+opus+tatoeba+bouquet,1000mb,5,2290,573,5.92,,,,,,,
affine,0.011276531964540482,0.026372680440545082,0.7587527476590775,0.8307155322862129,0.9546247818499127,0.9738219895287958,0.6614310645724258,0.8516579406631762,0.9162303664921466,zho_hans-spa_latn,zho_hans,spa_latn,flores+opus+tatoeba+bouquet,1000mb,5,2290,573,5.92,,,,,,,
ridge,0.01631433144211769,0.019128287211060524,0.8015950766600067,0.7923211169284468,0.9389179755671903,0.9546247818499127,0.6282722513089005,0.8394415357766143,0.8987783595113438,zho_hans-spa_latn,zho_hans,spa_latn,flores+opus+tatoeba+bouquet,1000mb,5,2290,573,5.92,100.0,,,,,,
mlp,0.01819586008787155,0.019880453124642372,0.8012835397572735,0.6736474694589878,0.881326352530541,0.9267015706806283,0.47643979057591623,0.7399650959860384,0.8202443280977313,zho_hans-spa_latn,zho_hans,spa_latn,flores+opus+tatoeba+bouquet,1000mb,5,2290,573,5.92,,0.01806762825810548,0.02021561749279499,0.019854821264743805,0.020206086337566376,101.0,122.0
identity,0.25074270367622375,0.24813035130500793,0.7428670517413842,0.0,0.005235602094240838,0.017452006980802792,0.0,0.0017452006980802793,0.0017452006980802793,zho_hans-spa_latn,zho_hans,spa_latn,flores+opus+tatoeba+bouquet,1000mb,6,2290,573,8.31,,,,,,,
procrustes,0.034657955169677734,0.047599367797374725,0.742867060129745,0.912739965095986,0.9790575916230366,0.987783595113438,0.8097731239092496,0.9424083769633508,0.9650959860383944,zho_hans-spa_latn,zho_hans,spa_latn,flores+opus+tatoeba+bouquet,1000mb,6,2290,573,8.31,,,,,,,
affine,0.017164571210741997,0.04015897214412689,0.7399208867206758,0.8586387434554974,0.9685863874345549,0.9825479930191972,0.7033158813263525,0.9092495636998255,0.93717277486911,zho_hans-spa_latn,zho_hans,spa_latn,flores+opus+tatoeba+bouquet,1000mb,6,2290,573,8.31,,,,,,,
ridge,0.024089468643069267,0.029010355472564697,0.7879530774425106,0.8411867364746946,0.956369982547993,0.9808027923211169,0.7068062827225131,0.8917975567190227,0.9267015706806283,zho_hans-spa_latn,zho_hans,spa_latn,flores+opus+tatoeba+bouquet,1000mb,6,2290,573,8.31,100.0,,,,,,
mlp,0.02591542713344097,0.029767818748950958,0.7856791318156991,0.7923211169284468,0.944153577661431,0.9703315881326352,0.5916230366492147,0.849912739965096,0.8987783595113438,zho_hans-spa_latn,zho_hans,spa_latn,flores+opus+tatoeba+bouquet,1000mb,6,2290,573,8.31,,0.02570083968792901,0.030197223648428917,0.029767826199531555,0.030197223648428917,199.0,200.0
identity,0.3198109567165375,0.3165457844734192,0.7433647028111107,0.0,0.006980802792321117,0.02268760907504363,0.0,0.0,0.0,zho_hans-spa_latn,zho_hans,spa_latn,flores+opus+tatoeba+bouquet,1000mb,7,2290,573,6.46,,,,,,,
procrustes,0.049204982817173004,0.0679362416267395,0.7433647020440155,0.9284467713787086,0.9860383944153578,0.9912739965095986,0.8254799301919721,0.9493891797556719,0.9720767888307156,zho_hans-spa_latn,zho_hans,spa_latn,flores+opus+tatoeba+bouquet,1000mb,7,2290,573,6.46,,,,,,,
affine,0.02429324761033058,0.0562267042696476,0.7372696762588546,0.8987783595113438,0.9808027923211169,0.9895287958115183,0.7469458987783595,0.9179755671902269,0.9598603839441536,zho_hans-spa_latn,zho_hans,spa_latn,flores+opus+tatoeba+bouquet,1000mb,7,2290,573,6.46,,,,,,,
ridge,0.03256957232952118,0.0409645214676857,0.7838423884318905,0.8952879581151832,0.9842931937172775,0.9930191972076788,0.7626527050610821,0.9197207678883071,0.944153577661431,zho_hans-spa_latn,zho_hans,spa_latn,flores+opus+tatoeba+bouquet,1000mb,7,2290,573,6.46,100.0,,,,,,
mlp,0.03476376086473465,0.04160580784082413,0.7801377279099092,0.849912739965096,0.9650959860383944,0.9895287958115183,0.6858638743455497,0.8917975567190227,0.9319371727748691,zho_hans-spa_latn,zho_hans,spa_latn,flores+opus+tatoeba+bouquet,1000mb,7,2290,573,6.46,,0.033795013459342896,0.042839016765356064,0.04165837913751602,0.042670510709285736,115.0,136.0
identity,0.43033185601234436,0.42737603187561035,0.7515614013102774,0.0,0.012216404886561954,0.015706806282722512,0.0,0.0,0.0017452006980802793,zho_hans-spa_latn,zho_hans,spa_latn,flores+opus+tatoeba+bouquet,1000mb,8,2290,573,7.08,,,,,,,
procrustes,0.07574093341827393,0.10394597798585892,0.7515613899005282,0.944153577661431,0.9912739965095986,0.9930191972076788,0.8307155322862129,0.956369982547993,0.9808027923211169,zho_hans-spa_latn,zho_hans,spa_latn,flores+opus+tatoeba+bouquet,1000mb,8,2290,573,7.08,,,,,,,
affine,0.036029621958732605,0.0826990157365799,0.7404273934997974,0.9109947643979057,0.9842931937172775,0.9912739965095986,0.7556719022687609,0.9389179755671903,0.9598603839441536,zho_hans-spa_latn,zho_hans,spa_latn,flores+opus+tatoeba+bouquet,1000mb,8,2290,573,7.08,,,,,,,
ridge,0.045962631702423096,0.061129286885261536,0.7845109967240501,0.9179755671902269,0.987783595113438,0.9930191972076788,0.8045375218150087,0.9319371727748691,0.9616055846422339,zho_hans-spa_latn,zho_hans,spa_latn,flores+opus+tatoeba+bouquet,1000mb,8,2290,573,7.08,100.0,,,,,,
mlp,0.046346720308065414,0.06139051169157028,0.7824322349860314,0.8952879581151832,0.9773123909249564,0.9930191972076788,0.7539267015706806,0.9179755671902269,0.9493891797556719,zho_hans-spa_latn,zho_hans,spa_latn,flores+opus+tatoeba+bouquet,1000mb,8,2290,573,7.08,,0.04443535886027596,0.06057116761803627,0.06129983812570572,0.060472480952739716,137.0,158.0
identity,0.6063686013221741,0.6028106808662415,0.7718703526083321,0.0017452006980802793,0.012216404886561954,0.02443280977312391,0.0017452006980802793,0.0034904013961605585,0.006980802792321117,zho_hans-spa_latn,zho_hans,spa_latn,flores+opus+tatoeba+bouquet,1000mb,9,2290,573,5.52,,,,,,,
procrustes,0.11286935955286026,0.15314610302448273,0.7718703509512154,0.9458987783595113,0.9860383944153578,0.9930191972076788,0.8586387434554974,0.956369982547993,0.9755671902268761,zho_hans-spa_latn,zho_hans,spa_latn,flores+opus+tatoeba+bouquet,1000mb,9,2290,573,5.52,,,,,,,
affine,0.05009019747376442,0.11560630798339844,0.7509857948369191,0.9284467713787086,0.9895287958115183,0.9912739965095986,0.774869109947644,0.9458987783595113,0.9633507853403142,zho_hans-spa_latn,zho_hans,spa_latn,flores+opus+tatoeba+bouquet,1000mb,9,2290,573,5.52,,,,,,,
ridge,0.06151049584150314,0.0864887461066246,0.7987086954026027,0.9109947643979057,0.9860383944153578,0.9895287958115183,0.806282722513089,0.944153577661431,0.9598603839441536,zho_hans-spa_latn,zho_hans,spa_latn,flores+opus+tatoeba+bouquet,1000mb,9,2290,573,5.52,100.0,,,,,,
mlp,0.06399895250797272,0.08657105267047882,0.7985104588302939,0.912739965095986,0.9842931937172775,0.987783595113438,0.7661431064572426,0.924956369982548,0.956369982547993,zho_hans-spa_latn,zho_hans,spa_latn,flores+opus+tatoeba+bouquet,1000mb,9,2290,573,5.52,,0.0598142005954728,0.08601091057062149,0.08654113858938217,0.08581686019897461,86.0,107.0
identity,0.8729777336120605,0.8686093091964722,0.7690514663239301,0.0017452006980802793,0.013961605584642234,0.019197207678883072,0.0,0.0017452006980802793,0.0017452006980802793,zho_hans-spa_latn,zho_hans,spa_latn,flores+opus+tatoeba+bouquet,1000mb,10,2290,573,5.11,,,,,,,
procrustes,0.1671558916568756,0.22349955141544342,0.7690514650298333,0.9354275741710296,0.9842931937172775,0.9912739965095986,0.8272251308900523,0.9546247818499127,0.9633507853403142,zho_hans-spa_latn,zho_hans,spa_latn,flores+opus+tatoeba+bouquet,1000mb,10,2290,573,5.11,,,,,,,
affine,0.07074961811304092,0.16344211995601654,0.7525411518097801,0.9075043630017452,0.9790575916230366,0.987783595113438,0.7260034904013961,0.9336823734729494,0.9581151832460733,zho_hans-spa_latn,zho_hans,spa_latn,flores+opus+tatoeba+bouquet,1000mb,10,2290,573,5.11,,,,,,,
ridge,0.1084228977560997,0.12342065572738647,0.7897492224914594,0.8481675392670157,0.9650959860383944,0.9825479930191972,0.6771378708551483,0.8586387434554974,0.9162303664921466,zho_hans-spa_latn,zho_hans,spa_latn,flores+opus+tatoeba+bouquet,1000mb,10,2290,573,5.11,1000.0,,,,,,
mlp,0.0895034670829773,0.12330237776041031,0.7957086567816841,0.9040139616055847,0.9790575916230366,0.9860383944153578,0.7329842931937173,0.912739965095986,0.9476439790575916,zho_hans-spa_latn,zho_hans,spa_latn,flores+opus+tatoeba+bouquet,1000mb,10,2290,573,5.11,,0.08199368010867726,0.12466771900653839,0.12352541834115982,0.12445706129074097,72.0,93.0
identity,1.2517058849334717,1.2476518154144287,0.7546698417291317,0.0,0.006980802792321117,0.015706806282722512,0.0,0.0,0.0,zho_hans-spa_latn,zho_hans,spa_latn,flores+opus+tatoeba+bouquet,1000mb,11,2290,573,5.04,,,,,,,
procrustes,0.2433283030986786,0.31883248686790466,0.7546698391072401,0.9162303664921466,0.9703315881326352,0.9860383944153578,0.7783595113438045,0.9232111692844677,0.9458987783595113,zho_hans-spa_latn,zho_hans,spa_latn,flores+opus+tatoeba+bouquet,1000mb,11,2290,573,5.04,,,,,,,
affine,0.09663712978363037,0.22461912035942078,0.7423274602346064,0.8830715532286213,0.9720767888307156,0.9842931937172775,0.6963350785340314,0.9092495636998255,0.9389179755671903,zho_hans-spa_latn,zho_hans,spa_latn,flores+opus+tatoeba+bouquet,1000mb,11,2290,573,5.04,,,,,,,
ridge,0.14362400770187378,0.16722634434700012,0.7878177083013014,0.8202443280977313,0.944153577661431,0.9685863874345549,0.6282722513089005,0.8289703315881326,0.8917975567190227,zho_hans-spa_latn,zho_hans,spa_latn,flores+opus+tatoeba+bouquet,1000mb,11,2290,573,5.04,1000.0,,,,,,
mlp,0.12069791555404663,0.1702837347984314,0.7871934968595241,0.8795811518324608,0.9685863874345549,0.9825479930191972,0.6893542757417103,0.8987783595113438,0.9301919720767888,zho_hans-spa_latn,zho_hans,spa_latn,flores+opus+tatoeba+bouquet,1000mb,11,2290,573,5.04,,0.10952222663344759,0.16475564241409302,0.17096488177776337,0.1641504019498825,70.0,91.0
identity,2.413724660873413,2.416105031967163,0.7467634979991722,0.0,0.008726003490401396,0.019197207678883072,0.0,0.0,0.0017452006980802793,zho_hans-spa_latn,zho_hans,spa_latn,flores+opus+tatoeba+bouquet,1000mb,12,2290,573,4.64,,,,,,,
procrustes,0.5105483531951904,0.6989886164665222,0.7467634974890578,0.912739965095986,0.9738219895287958,0.9825479930191972,0.7731239092495636,0.924956369982548,0.9528795811518325,zho_hans-spa_latn,zho_hans,spa_latn,flores+opus+tatoeba+bouquet,1000mb,12,2290,573,4.64,,,,,,,
affine,0.2440655678510666,0.5646035671234131,0.7213084118437786,0.849912739965096,0.9703315881326352,0.9825479930191972,0.6649214659685864,0.893542757417103,0.9232111692844677,zho_hans-spa_latn,zho_hans,spa_latn,flores+opus+tatoeba+bouquet,1000mb,12,2290,573,4.64,,,,,,,
ridge,0.32352033257484436,0.41374877095222473,0.7745052252472375,0.8638743455497382,0.9633507853403142,0.9738219895287958,0.699825479930192,0.8795811518324608,0.9214659685863874,zho_hans-spa_latn,zho_hans,spa_latn,flores+opus+tatoeba+bouquet,1000mb,12,2290,573,4.64,1000.0,,,,,,
mlp,0.30716994404792786,0.43161800503730774,0.7720106248509963,0.8603839441535777,0.9633507853403142,0.9738219895287958,0.6788830715532286,0.8778359511343804,0.9232111692844677,zho_hans-spa_latn,zho_hans,spa_latn,flores+opus+tatoeba+bouquet,1000mb,12,2290,573,4.64,,0.27267602718237677,0.4306885004043579,0.43434420228004456,0.4274357855319977,57.0,78.0
identity,0.0001777351280907169,0.00017734861467033625,0.70533159344703,0.0029717682020802376,0.03268945022288262,0.05349182763744428,0.0,0.0029717682020802376,0.01337295690936107,zho_hans-arb_arab,zho_hans,arb_arab,flores+opus+tatoeba+bouquet,1000mb,0,2690,673,4.99,,,,,,,
procrustes,5.8653986343415454e-05,8.429412264376879e-05,0.7053315860886447,0.4799405646359584,0.6790490341753344,0.7444279346210996,0.31946508172362553,0.5156017830609212,0.5824665676077266,zho_hans-arb_arab,zho_hans,arb_arab,flores+opus+tatoeba+bouquet,1000mb,0,2690,673,4.99,,,,,,,
affine,3.0762399546802044e-05,6.339828541968018e-05,0.7150312856615617,0.2674591381872214,0.46953937592867756,0.5646359583952452,0.1515601783060921,0.3075780089153046,0.37444279346210996,zho_hans-arb_arab,zho_hans,arb_arab,flores+opus+tatoeba+bouquet,1000mb,0,2690,673,4.99,,,,,,,
ridge,3.660793663584627e-05,4.817104490939528e-05,0.7611288228693515,0.22585438335809807,0.43536404160475484,0.5007429420505201,0.1277860326894502,0.274888558692422,0.3462109955423477,zho_hans-arb_arab,zho_hans,arb_arab,flores+opus+tatoeba+bouquet,1000mb,0,2690,673,4.99,0.1,,,,,,
mlp,6.750521424692124e-05,6.605985254282132e-05,0.6237980643639837,0.0014858841010401188,0.007429420505200594,0.014858841010401188,0.0,0.0,0.0,zho_hans-arb_arab,zho_hans,arb_arab,flores+opus+tatoeba+bouquet,1000mb,0,2690,673,4.99,,6.742563365198868e-05,6.872325320728123e-05,6.606828537769616e-05,6.87122592353262e-05,43.0,64.0
identity,0.03317832946777344,0.03295500949025154,0.74263168956036,0.0029717682020802376,0.01337295690936107,0.031203566121842496,0.0014858841010401188,0.005943536404160475,0.007429420505200594,zho_hans-arb_arab,zho_hans,arb_arab,flores+opus+tatoeba+bouquet,1000mb,1,2690,673,4.29,,,,,,,
procrustes,0.005688779056072235,0.007285689003765583,0.7426316890852702,0.7043090638930164,0.8588410104011887,0.9063893016344725,0.5408618127786032,0.7384843982169391,0.8083209509658247,zho_hans-arb_arab,zho_hans,arb_arab,flores+opus+tatoeba+bouquet,1000mb,1,2690,673,4.29,,,,,,,
affine,0.002602790016680956,0.005377210211008787,0.7368967729764005,0.5185735512630015,0.7295690936106983,0.8053491827637445,0.32540861812778604,0.5705794947994056,0.637444279346211,zho_hans-arb_arab,zho_hans,arb_arab,flores+opus+tatoeba+bouquet,1000mb,1,2690,673,4.29,,,,,,,
ridge,0.0034136315807700157,0.004090451635420322,0.784769360015191,0.48588410104011887,0.7176820208023774,0.7949479940564635,0.3075780089153046,0.5349182763744428,0.6225854383358098,zho_hans-arb_arab,zho_hans,arb_arab,flores+opus+tatoeba+bouquet,1000mb,1,2690,673,4.29,10.0,,,,,,
mlp,0.0047607324086129665,0.004674981348216534,0.7598741954812411,0.0475482912332838,0.1485884101040119,0.237741456166419,0.01337295690936107,0.05052005943536404,0.0713224368499257,zho_hans-arb_arab,zho_hans,arb_arab,flores+opus+tatoeba+bouquet,1000mb,1,2690,673,4.29,,0.004767191535057991,0.004885952454060316,0.004683623556047678,0.004877741914242506,25.0,46.0
identity,0.07516317814588547,0.07479959726333618,0.7786182483329911,0.0014858841010401188,0.01188707280832095,0.019316493313521546,0.0,0.0014858841010401188,0.0029717682020802376,zho_hans-arb_arab,zho_hans,arb_arab,flores+opus+tatoeba+bouquet,1000mb,2,2690,673,4.61,,,,,,,
procrustes,0.009525537490844727,0.012043969705700874,0.7786182526513818,0.7578008915304606,0.8796433878157504,0.9167904903417533,0.5854383358098069,0.7845468053491828,0.8395245170876672,zho_hans-arb_arab,zho_hans,arb_arab,flores+opus+tatoeba+bouquet,1000mb,2,2690,673,4.61,,,,,,,
affine,0.003934943582862616,0.008152790367603302,0.77265179507357,0.5468053491827637,0.7488855869242199,0.8142644873699851,0.37592867756315007,0.6032689450222882,0.6701337295690936,zho_hans-arb_arab,zho_hans,arb_arab,flores+opus+tatoeba+bouquet,1000mb,2,2690,673,4.61,,,,,,,
ridge,0.004972090013325214,0.006290620658546686,0.8201686259813875,0.5542347696879644,0.7786032689450223,0.836552748885587,0.3848439821693908,0.612184249628529,0.7043090638930164,zho_hans-arb_arab,zho_hans,arb_arab,flores+opus+tatoeba+bouquet,1000mb,2,2690,673,4.61,10.0,,,,,,
mlp,0.006775996182113886,0.006852895952761173,0.8135085764966792,0.13967310549777118,0.337295690936107,0.462109955423477,0.06686478454680535,0.16196136701337296,0.24962852897473997,zho_hans-arb_arab,zho_hans,arb_arab,flores+opus+tatoeba+bouquet,1000mb,2,2690,673,4.61,,0.006782950269744585,0.007029056083410978,0.006857580970972776,0.007012255489826202,34.0,55.0
identity,0.11343998461961746,0.11288999021053314,0.7556807557398978,0.004457652303120356,0.010401188707280832,0.017830609212481426,0.0014858841010401188,0.004457652303120356,0.008915304606240713,zho_hans-arb_arab,zho_hans,arb_arab,flores+opus+tatoeba+bouquet,1000mb,3,2690,673,9.02,,,,,,,
procrustes,0.01686658337712288,0.021496035158634186,0.7556807583917383,0.8008915304606241,0.8945022288261516,0.9346210995542348,0.6419019316493314,0.826151560178306,0.8722139673105498,zho_hans-arb_arab,zho_hans,arb_arab,flores+opus+tatoeba+bouquet,1000mb,3,2690,673,9.02,,,,,,,
affine,0.006879022344946861,0.014313536696135998,0.7518863411232821,0.6300148588410104,0.8291233283803864,0.8766716196136701,0.43536404160475484,0.6686478454680534,0.7667161961367014,zho_hans-arb_arab,zho_hans,arb_arab,flores+opus+tatoeba+bouquet,1000mb,3,2690,673,9.02,,,,,,,
ridge,0.009832351468503475,0.011048254556953907,0.7951470377218506,0.5408618127786032,0.7860326894502229,0.8454680534918276,0.3447251114413076,0.600297176820208,0.7028231797919762,zho_hans-arb_arab,zho_hans,arb_arab,flores+opus+tatoeba+bouquet,1000mb,3,2690,673,9.02,100.0,,,,,,
mlp,0.011068088933825493,0.011620544828474522,0.7968664247127292,0.3164933135215453,0.6092124814264487,0.7132243684992571,0.1575037147102526,0.3655274888558692,0.4725111441307578,zho_hans-arb_arab,zho_hans,arb_arab,flores+opus+tatoeba+bouquet,1000mb,3,2690,673,9.02,,0.011006635662756468,0.012321352027356625,0.011656100861728191,0.012260244227945805,160.0,181.0
identity,0.15180547535419464,0.15098971128463745,0.756016260063134,0.005943536404160475,0.01337295690936107,0.01634472511144131,0.0,0.007429420505200594,0.008915304606240713,zho_hans-arb_arab,zho_hans,arb_arab,flores+opus+tatoeba+bouquet,1000mb,4,2690,673,7.73,,,,,,,
procrustes,0.024511059746146202,0.03178415447473526,0.756016262347079,0.8484398216939079,0.9301634472511144,0.9524517087667161,0.7161961367013373,0.8662704309063893,0.9063893016344725,zho_hans-arb_arab,zho_hans,arb_arab,flores+opus+tatoeba+bouquet,1000mb,4,2690,673,7.73,,,,,,,
affine,0.011112918145954609,0.023067735135555267,0.7518946532754895,0.75037147102526,0.9049034175334324,0.9286775631500743,0.5676077265973254,0.7800891530460624,0.8484398216939079,zho_hans-arb_arab,zho_hans,arb_arab,flores+opus+tatoeba+bouquet,1000mb,4,2690,673,7.73,,,,,,,
ridge,0.01535155437886715,0.017768539488315582,0.7907001263049461,0.7013372956909361,0.8781575037147102,0.924219910846954,0.5156017830609212,0.7518573551263001,0.8142644873699851,zho_hans-arb_arab,zho_hans,arb_arab,flores+opus+tatoeba+bouquet,1000mb,4,2690,673,7.73,100.0,,,,,,
mlp,0.017020676285028458,0.018478775396943092,0.7906703819503251,0.5156017830609212,0.799405646359584,0.8662704309063893,0.3224368499257058,0.5735512630014858,0.6849925705794948,zho_hans-arb_arab,zho_hans,arb_arab,flores+opus+tatoeba+bouquet,1000mb,4,2690,673,7.73,,0.01698690263162318,0.01804177463054657,0.018505604937672615,0.01799757592380047,127.0,148.0
identity,0.1867380291223526,0.18600699305534363,0.7544223424488933,0.004457652303120356,0.01188707280832095,0.017830609212481426,0.0,0.004457652303120356,0.007429420505200594,zho_hans-arb_arab,zho_hans,arb_arab,flores+opus+tatoeba+bouquet,1000mb,5,2690,673,9.54,,,,,,,
procrustes,0.03062129020690918,0.040466707199811935,0.7544223447751455,0.861812778603269,0.9420505200594353,0.9643387815750372,0.725111441307578,0.8647845468053492,0.9093610698365527,zho_hans-arb_arab,zho_hans,arb_arab,flores+opus+tatoeba+bouquet,1000mb,5,2690,673,9.54,,,,,,,
affine,0.015503195114433765,0.03206467628479004,0.749861674132091,0.8023774145616642,0.9019316493313522,0.9435364041604755,0.6047548291233283,0.8083209509658247,0.8588410104011887,zho_hans-arb_arab,zho_hans,arb_arab,flores+opus+tatoeba+bouquet,1000mb,5,2690,673,9.54,,,,,,,
ridge,0.021012932062149048,0.02478460967540741,0.7905658814249154,0.7533432392273403,0.888558692421991,0.9390787518573551,0.5572065378900446,0.774145616641902,0.8291233283803864,zho_hans-arb_arab,zho_hans,arb_arab,flores+opus+tatoeba+bouquet,1000mb,5,2690,673,9.54,100.0,,,,,,
mlp,0.022754160687327385,0.02543533220887184,0.7935663507189139,0.5988112927191679,0.8276374442793462,0.8974739970282318,0.3967310549777117,0.6537890044576523,0.7518573551263001,zho_hans-arb_arab,zho_hans,arb_arab,flores+opus+tatoeba+bouquet,1000mb,5,2690,673,9.54,,0.022662389631334105,0.025067903101444244,0.025460464879870415,0.02493532933294773,193.0,200.0
identity,0.2270156890153885,0.22627800703048706,0.7548497647186253,0.005943536404160475,0.01188707280832095,0.019316493313521546,0.0,0.005943536404160475,0.008915304606240713,zho_hans-arb_arab,zho_hans,arb_arab,flores+opus+tatoeba+bouquet,1000mb,6,2690,673,6.69,,,,,,,
procrustes,0.037615567445755005,0.05068562552332878,0.7548497598266307,0.8662704309063893,0.950965824665676,0.9717682020802377,0.7295690936106983,0.8841010401188707,0.9167904903417533,zho_hans-arb_arab,zho_hans,arb_arab,flores+opus+tatoeba+bouquet,1000mb,6,2690,673,6.69,,,,,,,
affine,0.02015441469848156,0.04145432263612747,0.753156459947687,0.8038632986627043,0.9316493313521546,0.9613670133729569,0.6315007429420505,0.8395245170876672,0.888558692421991,zho_hans-arb_arab,zho_hans,arb_arab,flores+opus+tatoeba+bouquet,1000mb,6,2690,673,6.69,,,,,,,
ridge,0.02650829590857029,0.03216405585408211,0.7919194772518892,0.7800891530460624,0.9182763744427934,0.9569093610698366,0.6077265973254086,0.8112927191679049,0.8692421991084696,zho_hans-arb_arab,zho_hans,arb_arab,flores+opus+tatoeba+bouquet,1000mb,6,2690,673,6.69,100.0,,,,,,
mlp,0.028884639963507652,0.032819997519254684,0.7932583888315946,0.6760772659732541,0.8811292719167905,0.924219910846954,0.46805349182763745,0.7057949479940565,0.7979197622585439,zho_hans-arb_arab,zho_hans,arb_arab,flores+opus+tatoeba+bouquet,1000mb,6,2690,673,6.69,,0.02849580474982136,0.03293588384985924,0.03278240188956261,0.03290320932865143,94.0,115.0
identity,0.30053550004959106,0.30012908577919006,0.7583060424029159,0.004457652303120356,0.01188707280832095,0.019316493313521546,0.0014858841010401188,0.004457652303120356,0.005943536404160475,zho_hans-arb_arab,zho_hans,arb_arab,flores+opus+tatoeba+bouquet,1000mb,7,2690,673,8.72,,,,,,,
procrustes,0.0527358241379261,0.0715501457452774,0.7583060550677275,0.8945022288261516,0.9569093610698366,0.9762258543833581,0.7607726597325408,0.8974739970282318,0.9316493313521546,zho_hans-arb_arab,zho_hans,arb_arab,flores+opus+tatoeba+bouquet,1000mb,7,2690,673,8.72,,,,,,,
affine,0.02815774828195572,0.057732272893190384,0.7551758045445663,0.8410104011887073,0.9361069836552749,0.9673105497771174,0.6523031203566122,0.8484398216939079,0.8989598811292719,zho_hans-arb_arab,zho_hans,arb_arab,flores+opus+tatoeba+bouquet,1000mb,7,2690,673,8.72,,,,,,,
ridge,0.035494446754455566,0.04485447704792023,0.7947403650430923,0.8157503714710252,0.9361069836552749,0.962852897473997,0.6582466567607727,0.8350668647845468,0.8915304606240714,zho_hans-arb_arab,zho_hans,arb_arab,flores+opus+tatoeba+bouquet,1000mb,7,2690,673,8.72,100.0,,,,,,
mlp,0.03658383712172508,0.0449739508330822,0.7986249864938649,0.7607726597325408,0.9153046062407132,0.9494799405646359,0.5646359583952452,0.7919762258543833,0.849925705794948,zho_hans-arb_arab,zho_hans,arb_arab,flores+opus+tatoeba+bouquet,1000mb,7,2690,673,8.72,,0.0357648531269086,0.04377632215619087,0.04493197426199913,0.043692223727703094,156.0,177.0
identity,0.41287556290626526,0.4132315218448639,0.745411027817338,0.0014858841010401188,0.010401188707280832,0.01634472511144131,0.0014858841010401188,0.004457652303120356,0.005943536404160475,zho_hans-arb_arab,zho_hans,arb_arab,flores+opus+tatoeba+bouquet,1000mb,8,2690,673,6.95,,,,,,,
procrustes,0.07894819974899292,0.10727997869253159,0.7454110264526074,0.8930163447251115,0.9643387815750372,0.9791976225854383,0.7890044576523031,0.9093610698365527,0.9361069836552749,zho_hans-arb_arab,zho_hans,arb_arab,flores+opus+tatoeba+bouquet,1000mb,8,2690,673,6.95,,,,,,,
affine,0.040022458881139755,0.0819074958562851,0.7393075809268165,0.8216939078751857,0.9494799405646359,0.9613670133729569,0.6597325408618128,0.8514115898959881,0.9019316493313522,zho_hans-arb_arab,zho_hans,arb_arab,flores+opus+tatoeba+bouquet,1000mb,8,2690,673,6.95,,,,,,,
ridge,0.04830145835876465,0.06453065574169159,0.7794671429179069,0.8380386329866271,0.9361069836552749,0.9539375928677564,0.6835066864784547,0.8692421991084696,0.9093610698365527,zho_hans-arb_arab,zho_hans,arb_arab,flores+opus+tatoeba+bouquet,1000mb,8,2690,673,6.95,100.0,,,,,,
mlp,0.048738859593868256,0.06441701203584671,0.7789560993410005,0.7890044576523031,0.924219910846954,0.9494799405646359,0.6062407132243685,0.8172362555720654,0.8677563150074294,zho_hans-arb_arab,zho_hans,arb_arab,flores+opus+tatoeba+bouquet,1000mb,8,2690,673,6.95,,0.04651726860749094,0.0637005865573883,0.06438601016998291,0.063697449862957,102.0,123.0
identity,0.6042185425758362,0.604637861251831,0.7118388751394551,0.004457652303120356,0.010401188707280832,0.014858841010401188,0.0,0.004457652303120356,0.008915304606240713,zho_hans-arb_arab,zho_hans,arb_arab,flores+opus+tatoeba+bouquet,1000mb,9,2690,673,5.98,,,,,,,
procrustes,0.12500931322574615,0.16775275766849518,0.7118388745563794,0.8692421991084696,0.9583952451708767,0.9732540861812778,0.7414561664190193,0.8959881129271917,0.9286775631500743,zho_hans-arb_arab,zho_hans,arb_arab,flores+opus+tatoeba+bouquet,1000mb,9,2690,673,5.98,,,,,,,
affine,0.06243599206209183,0.12758587300777435,0.7038953994512104,0.8068350668647846,0.9316493313521546,0.9465081723625557,0.6240713224368499,0.8320950965824666,0.8766716196136701,zho_hans-arb_arab,zho_hans,arb_arab,flores+opus+tatoeba+bouquet,1000mb,9,2690,673,5.98,,,,,,,
ridge,0.07274188846349716,0.10207323729991913,0.7484854617825352,0.8157503714710252,0.9227340267459139,0.950965824665676,0.6478454680534919,0.8454680534918276,0.8826151560178306,zho_hans-arb_arab,zho_hans,arb_arab,flores+opus+tatoeba+bouquet,1000mb,9,2690,673,5.98,100.0,,,,,,
mlp,0.07308263331651688,0.10145363956689835,0.7487678627508276,0.774145616641902,0.8974739970282318,0.9331352154531947,0.5824665676077266,0.7904903417533432,0.8558692421991084,zho_hans-arb_arab,zho_hans,arb_arab,flores+opus+tatoeba+bouquet,1000mb,9,2690,673,5.98,,0.06777437090089447,0.09937050938606262,0.10167382657527924,0.09899087250232697,74.0,95.0
identity,0.8917938470840454,0.8948528170585632,0.6914268723410153,0.0,0.010401188707280832,0.017830609212481426,0.0,0.0014858841010401188,0.0014858841010401188,zho_hans-arb_arab,zho_hans,arb_arab,flores+opus+tatoeba+bouquet,1000mb,10,2690,673,5.39,,,,,,,
procrustes,0.18721769750118256,0.2479284554719925,0.6914268699104696,0.8543833580980683,0.9539375928677564,0.9687964338781575,0.711738484398217,0.8736998514115899,0.9108469539375929,zho_hans-arb_arab,zho_hans,arb_arab,flores+opus+tatoeba+bouquet,1000mb,10,2690,673,5.39,,,,,,,
affine,0.09124324470758438,0.1872914582490921,0.6890156691276885,0.7756315007429421,0.9167904903417533,0.9420505200594353,0.6062407132243685,0.8008915304606241,0.8558692421991084,zho_hans-arb_arab,zho_hans,arb_arab,flores+opus+tatoeba+bouquet,1000mb,10,2690,673,5.39,,,,,,,
ridge,0.1285623013973236,0.14886122941970825,0.74079440874288,0.6939078751857355,0.8692421991084696,0.9182763744427934,0.512630014858841,0.7325408618127786,0.799405646359584,zho_hans-arb_arab,zho_hans,arb_arab,flores+opus+tatoeba+bouquet,1000mb,10,2690,673,5.39,1000.0,,,,,,
mlp,0.10765436291694641,0.1497543305158615,0.7456345182535725,0.7310549777117384,0.8870728083209509,0.9346210995542348,0.5482912332838039,0.763744427934621,0.826151560178306,zho_hans-arb_arab,zho_hans,arb_arab,flores+opus+tatoeba+bouquet,1000mb,10,2690,673,5.39,,0.09762751918874289,0.1475326120853424,0.14975477755069733,0.14728179574012756,57.0,78.0
identity,1.2799009084701538,1.2884507179260254,0.6735201300449002,0.0014858841010401188,0.005943536404160475,0.014858841010401188,0.0,0.0014858841010401188,0.0014858841010401188,zho_hans-arb_arab,zho_hans,arb_arab,flores+opus+tatoeba+bouquet,1000mb,11,2690,673,5.32,,,,,,,
procrustes,0.2681126892566681,0.34954777359962463,0.6735201271217768,0.7904903417533432,0.9167904903417533,0.950965824665676,0.6329866270430906,0.8157503714710252,0.8647845468053492,zho_hans-arb_arab,zho_hans,arb_arab,flores+opus+tatoeba+bouquet,1000mb,11,2690,673,5.32,,,,,,,
affine,0.12157492339611053,0.25060364603996277,0.6792873964050085,0.7488855869242199,0.8945022288261516,0.9227340267459139,0.5572065378900446,0.774145616641902,0.8291233283803864,zho_hans-arb_arab,zho_hans,arb_arab,flores+opus+tatoeba+bouquet,1000mb,11,2690,673,5.32,,,,,,,
ridge,0.16696922481060028,0.19858424365520477,0.733241608344969,0.6478454680534919,0.8335809806835067,0.8870728083209509,0.4591381872213967,0.6835066864784547,0.7518573551263001,zho_hans-arb_arab,zho_hans,arb_arab,flores+opus+tatoeba+bouquet,1000mb,11,2690,673,5.32,1000.0,,,,,,
mlp,0.14230194687843323,0.2026815116405487,0.7321030769156065,0.6998514115898959,0.8692421991084696,0.9078751857355126,0.4769687964338782,0.725111441307578,0.7919762258543833,zho_hans-arb_arab,zho_hans,arb_arab,flores+opus+tatoeba+bouquet,1000mb,11,2690,673,5.32,,0.12757791029779533,0.19089482724666595,0.20338550209999084,0.19070403277873993,55.0,76.0
identity,2.5594587326049805,2.5673258304595947,0.6703222272494977,0.0014858841010401188,0.007429420505200594,0.017830609212481426,0.0,0.0014858841010401188,0.0014858841010401188,zho_hans-arb_arab,zho_hans,arb_arab,flores+opus+tatoeba+bouquet,1000mb,12,2690,673,5.21,,,,,,,
procrustes,0.5892510414123535,0.7886356115341187,0.6703222278700248,0.8172362555720654,0.9301634472511144,0.9524517087667161,0.649331352154532,0.8410104011887073,0.8841010401188707,zho_hans-arb_arab,zho_hans,arb_arab,flores+opus+tatoeba+bouquet,1000mb,12,2690,673,5.21,,,,,,,
affine,0.3120472729206085,0.6352238655090332,0.6722189460299167,0.7340267459138187,0.8989598811292719,0.9316493313521546,0.5572065378900446,0.763744427934621,0.8395245170876672,zho_hans-arb_arab,zho_hans,arb_arab,flores+opus+tatoeba+bouquet,1000mb,12,2690,673,5.21,,,,,,,
ridge,0.3882715702056885,0.49992871284484863,0.726805548366239,0.7132243684992571,0.8707280832095097,0.9182763744427934,0.5141158989598811,0.7459138187221397,0.8038632986627043,zho_hans-arb_arab,zho_hans,arb_arab,flores+opus+tatoeba+bouquet,1000mb,12,2690,673,5.21,1000.0,,,,,,
mlp,0.36115512251853943,0.5169286131858826,0.7228590796683216,0.6983655274888558,0.8588410104011887,0.9034175334323923,0.48439821693907875,0.7340267459138187,0.8023774145616642,zho_hans-arb_arab,zho_hans,arb_arab,flores+opus+tatoeba+bouquet,1000mb,12,2690,673,5.21,,0.3190215433898725,0.4973107576370239,0.5213585495948792,0.4934432804584503,52.0,73.0
identity,0.00019866893126163632,0.00019592535682022572,0.6975607596976423,0.0017452006980802793,0.012216404886561954,0.04013961605584642,0.0,0.0017452006980802793,0.0017452006980802793,zho_hans-hin_deva,zho_hans,hin_deva,flores+opus+tatoeba+bouquet,1000mb,0,2290,573,6.46,,,,,,,
procrustes,5.7481327530695125e-05,8.137209806591272e-05,0.6975607577829428,0.5619546247818499,0.7521815008726004,0.8254799301919721,0.3542757417102967,0.5881326352530541,0.6631762652705061,zho_hans-hin_deva,zho_hans,hin_deva,flores+opus+tatoeba+bouquet,1000mb,0,2290,573,6.46,,,,,,,
affine,2.4039729396463372e-05,5.7104582083411515e-05,0.6727280728515903,0.2547993019197208,0.44153577661431065,0.5340314136125655,0.13961605584642234,0.24781849912739964,0.32111692844677137,zho_hans-hin_deva,zho_hans,hin_deva,flores+opus+tatoeba+bouquet,1000mb,0,2290,573,6.46,,,,,,,
ridge,3.030187144759111e-05,4.042487489641644e-05,0.7427444237126085,0.2181500872600349,0.4083769633507853,0.493891797556719,0.1082024432809773,0.22338568935427575,0.2931937172774869,zho_hans-hin_deva,zho_hans,hin_deva,flores+opus+tatoeba+bouquet,1000mb,0,2290,573,6.46,0.1,,,,,,
mlp,5.705769581254572e-05,5.618357681669295e-05,0.5775044801876823,0.0017452006980802793,0.008726003490401396,0.017452006980802792,0.0,0.0034904013961605585,0.005235602094240838,zho_hans-hin_deva,zho_hans,hin_deva,flores+opus+tatoeba+bouquet,1000mb,0,2290,573,6.46,,5.740805070011199e-05,5.631777457892895e-05,5.6207147281384096e-05,5.6267967011081055e-05,113.0,134.0
identity,0.03827322646975517,0.038081806153059006,0.7311631203551061,0.008726003490401396,0.02617801047120419,0.03664921465968586,0.0017452006980802793,0.005235602094240838,0.008726003490401396,zho_hans-hin_deva,zho_hans,hin_deva,flores+opus+tatoeba+bouquet,1000mb,1,2290,573,3.87,,,,,,,
procrustes,0.005801865365356207,0.007551385555416346,0.7311631214092814,0.7382198952879581,0.912739965095986,0.944153577661431,0.5287958115183246,0.7835951134380453,0.8586387434554974,zho_hans-hin_deva,zho_hans,hin_deva,flores+opus+tatoeba+bouquet,1000mb,1,2290,573,3.87,,,,,,,
affine,0.0024039277341216803,0.005727867130190134,0.7062019483675844,0.44502617801047123,0.6614310645724258,0.7556719022687609,0.24956369982547993,0.44851657940663175,0.5322862129144852,zho_hans-hin_deva,zho_hans,hin_deva,flores+opus+tatoeba+bouquet,1000mb,1,2290,573,3.87,,,,,,,
ridge,0.0033273743465542793,0.004089834168553352,0.7731705718012247,0.4467713787085515,0.6474694589877836,0.7190226876090751,0.23734729493891799,0.43455497382198954,0.5270506108202443,zho_hans-hin_deva,zho_hans,hin_deva,flores+opus+tatoeba+bouquet,1000mb,1,2290,573,3.87,10.0,,,,,,
mlp,0.004641320090740919,0.004685881081968546,0.7407640740292092,0.03315881326352531,0.13263525305410123,0.1849912739965096,0.008726003490401396,0.041884816753926704,0.06457242582897033,zho_hans-hin_deva,zho_hans,hin_deva,flores+opus+tatoeba+bouquet,1000mb,1,2290,573,3.87,,0.004658477437315565,0.00478613143786788,0.004702767822891474,0.004774659406393766,32.0,53.0
identity,0.08615387976169586,0.08578619360923767,0.7787873103852678,0.0034904013961605585,0.013961605584642234,0.029668411867364748,0.0,0.0034904013961605585,0.005235602094240838,zho_hans-hin_deva,zho_hans,hin_deva,flores+opus+tatoeba+bouquet,1000mb,2,2290,573,4.09,,,,,,,
procrustes,0.009541315957903862,0.01212562620639801,0.7787873099149273,0.8150087260034904,0.9301919720767888,0.9650959860383944,0.6404886561954625,0.8446771378708552,0.8952879581151832,zho_hans-hin_deva,zho_hans,hin_deva,flores+opus+tatoeba+bouquet,1000mb,2,2290,573,4.09,,,,,,,
affine,0.003658301429823041,0.00856165960431099,0.7670849065105693,0.581151832460733,0.7818499127399651,0.8534031413612565,0.35776614310645727,0.5933682373472949,0.6666666666666666,zho_hans-hin_deva,zho_hans,hin_deva,flores+opus+tatoeba+bouquet,1000mb,2,2290,573,4.09,,,,,,,
ridge,0.004863412119448185,0.006215262692421675,0.8164348863242776,0.6143106457242583,0.8010471204188482,0.8830715532286213,0.38394415357766143,0.6212914485165794,0.6980802792321117,zho_hans-hin_deva,zho_hans,hin_deva,flores+opus+tatoeba+bouquet,1000mb,2,2290,573,4.09,10.0,,,,,,
mlp,0.006718224845826626,0.006862333044409752,0.8042484714440296,0.16055846422338568,0.36649214659685864,0.49912739965095987,0.059336823734729496,0.14659685863874344,0.2164048865619546,zho_hans-hin_deva,zho_hans,hin_deva,flores+opus+tatoeba+bouquet,1000mb,2,2290,573,4.09,,0.00680451641197909,0.006516837980598211,0.006855652201920748,0.0064920708537101746,39.0,60.0
identity,0.13008978962898254,0.12980754673480988,0.7590304699865589,0.0034904013961605585,0.015706806282722512,0.03664921465968586,0.0,0.0017452006980802793,0.005235602094240838,zho_hans-hin_deva,zho_hans,hin_deva,flores+opus+tatoeba+bouquet,1000mb,3,2290,573,4.89,,,,,,,
procrustes,0.016580112278461456,0.021398963406682014,0.7590304728501692,0.8726003490401396,0.9581151832460733,0.9808027923211169,0.7329842931937173,0.8865619546247818,0.9319371727748691,zho_hans-hin_deva,zho_hans,hin_deva,flores+opus+tatoeba+bouquet,1000mb,3,2290,573,4.89,,,,,,,
affine,0.006843723822385073,0.015963679179549217,0.7399936892417863,0.7068062827225131,0.9040139616055847,0.9458987783595113,0.4886561954624782,0.7329842931937173,0.8115183246073299,zho_hans-hin_deva,zho_hans,hin_deva,flores+opus+tatoeba+bouquet,1000mb,3,2290,573,4.89,,,,,,,
ridge,0.010490082204341888,0.011666500009596348,0.7852944804506337,0.6387434554973822,0.8411867364746946,0.9022687609075044,0.3856893542757417,0.6404886561954625,0.7521815008726004,zho_hans-hin_deva,zho_hans,hin_deva,flores+opus+tatoeba+bouquet,1000mb,3,2290,573,4.89,100.0,,,,,,
mlp,0.01186486054211855,0.012385644018650055,0.7825736446267547,0.43106457242582896,0.7068062827225131,0.7993019197207679,0.20767888307155322,0.43106457242582896,0.5636998254799301,zho_hans-hin_deva,zho_hans,hin_deva,flores+opus+tatoeba+bouquet,1000mb,3,2290,573,4.89,,0.011816512115977028,0.012578476220369339,0.012369293719530106,0.012560192495584488,65.0,86.0
identity,0.17607475817203522,0.17528042197227478,0.7462976724656892,0.005235602094240838,0.019197207678883072,0.027923211169284468,0.0,0.0,0.005235602094240838,zho_hans-hin_deva,zho_hans,hin_deva,flores+opus+tatoeba+bouquet,1000mb,4,2290,573,6.47,,,,,,,
procrustes,0.02473721280694008,0.03273064270615578,0.7462976739018706,0.8900523560209425,0.9755671902268761,0.9895287958115183,0.7678883071553229,0.9109947643979057,0.9511343804537522,zho_hans-hin_deva,zho_hans,hin_deva,flores+opus+tatoeba+bouquet,1000mb,4,2290,573,6.47,,,,,,,
affine,0.011420950293540955,0.026551859453320503,0.7209288604186567,0.7975567190226877,0.9476439790575916,0.9738219895287958,0.5828970331588132,0.8289703315881326,0.8900523560209425,zho_hans-hin_deva,zho_hans,hin_deva,flores+opus+tatoeba+bouquet,1000mb,4,2290,573,6.47,,,,,,,
ridge,0.01686740666627884,0.019328542053699493,0.7707738445488256,0.7574171029668412,0.9214659685863874,0.9668411867364747,0.5357766143106457,0.7923211169284468,0.8568935427574171,zho_hans-hin_deva,zho_hans,hin_deva,flores+opus+tatoeba+bouquet,1000mb,4,2290,573,6.47,100.0,,,,,,
mlp,0.018697071820497513,0.020049570128321648,0.7703170506362387,0.6404886561954625,0.8708551483420593,0.9301919720767888,0.39965095986038396,0.6701570680628273,0.7696335078534031,zho_hans-hin_deva,zho_hans,hin_deva,flores+opus+tatoeba+bouquet,1000mb,4,2290,573,6.47,,0.018577837018352566,0.02066950686275959,0.020115097984671593,0.020591869950294495,116.0,137.0
identity,0.22233371436595917,0.22079837322235107,0.7180681021783927,0.0034904013961605585,0.012216404886561954,0.02617801047120419,0.0,0.005235602094240838,0.005235602094240838,zho_hans-hin_deva,zho_hans,hin_deva,flores+opus+tatoeba+bouquet,1000mb,5,2290,573,5.35,,,,,,,
procrustes,0.03224458545446396,0.04332601651549339,0.7180680993693772,0.8970331588132635,0.9825479930191972,0.987783595113438,0.7626527050610821,0.912739965095986,0.9476439790575916,zho_hans-hin_deva,zho_hans,hin_deva,flores+opus+tatoeba+bouquet,1000mb,5,2290,573,5.35,,,,,,,
affine,0.01686163991689682,0.03931156545877457,0.7052448344851671,0.8411867364746946,0.9528795811518325,0.9703315881326352,0.6038394415357766,0.8481675392670157,0.9092495636998255,zho_hans-hin_deva,zho_hans,hin_deva,flores+opus+tatoeba+bouquet,1000mb,5,2290,573,5.35,,,,,,,
ridge,0.024434160441160202,0.028576651588082314,0.7558875297865322,0.7731239092495636,0.9458987783595113,0.9685863874345549,0.5410122164048866,0.8254799301919721,0.8848167539267016,zho_hans-hin_deva,zho_hans,hin_deva,flores+opus+tatoeba+bouquet,1000mb,5,2290,573,5.35,100.0,,,,,,
mlp,0.026914048939943314,0.02948187291622162,0.7558313007507553,0.675392670157068,0.9162303664921466,0.9528795811518325,0.4118673647469459,0.7085514834205934,0.8167539267015707,zho_hans-hin_deva,zho_hans,hin_deva,flores+opus+tatoeba+bouquet,1000mb,5,2290,573,5.35,,0.02641464171536041,0.031303733587265015,0.0294461939483881,0.031240055337548256,80.0,101.0
identity,0.2690781354904175,0.26727280020713806,0.7042827045370526,0.0034904013961605585,0.013961605584642234,0.02617801047120419,0.0017452006980802793,0.005235602094240838,0.005235602094240838,zho_hans-hin_deva,zho_hans,hin_deva,flores+opus+tatoeba+bouquet,1000mb,6,2290,573,6.38,,,,,,,
procrustes,0.04001484811306,0.05471624806523323,0.7042827011095593,0.8987783595113438,0.9825479930191972,0.9912739965095986,0.7696335078534031,0.9197207678883071,0.9511343804537522,zho_hans-hin_deva,zho_hans,hin_deva,flores+opus+tatoeba+bouquet,1000mb,6,2290,573,6.38,,,,,,,
affine,0.021832836791872978,0.050883542746305466,0.7038997676600789,0.8219895287958116,0.9616055846422339,0.9825479930191972,0.6055846422338569,0.8359511343804538,0.912739965095986,zho_hans-hin_deva,zho_hans,hin_deva,flores+opus+tatoeba+bouquet,1000mb,6,2290,573,6.38,,,,,,,
ridge,0.030660994350910187,0.036738429218530655,0.7576475997864955,0.8045375218150087,0.9650959860383944,0.9842931937172775,0.5933682373472949,0.849912739965096,0.900523560209424,zho_hans-hin_deva,zho_hans,hin_deva,flores+opus+tatoeba+bouquet,1000mb,6,2290,573,6.38,100.0,,,,,,
mlp,0.03308771923184395,0.03749201074242592,0.7565582165305363,0.7417102966841187,0.944153577661431,0.9685863874345549,0.5095986038394416,0.7888307155322862,0.8603839441535777,zho_hans-hin_deva,zho_hans,hin_deva,flores+opus+tatoeba+bouquet,1000mb,6,2290,573,6.38,,0.03250157009019996,0.03823373094201088,0.0374726764857769,0.0382302962243557,113.0,134.0
identity,0.3586924374103546,0.3559314012527466,0.7296284903088067,0.005235602094240838,0.017452006980802792,0.029668411867364748,0.0,0.0034904013961605585,0.006980802792321117,zho_hans-hin_deva,zho_hans,hin_deva,flores+opus+tatoeba+bouquet,1000mb,7,2290,573,7.97,,,,,,,
procrustes,0.056215208023786545,0.07679429650306702,0.7296285307551017,0.9197207678883071,0.9895287958115183,0.9912739965095986,0.7975567190226877,0.93717277486911,0.9685863874345549,zho_hans-hin_deva,zho_hans,hin_deva,flores+opus+tatoeba+bouquet,1000mb,7,2290,573,7.97,,,,,,,
affine,0.03008437156677246,0.06925725936889648,0.7225338156006594,0.8481675392670157,0.9703315881326352,0.9825479930191972,0.6544502617801047,0.8743455497382199,0.924956369982548,zho_hans-hin_deva,zho_hans,hin_deva,flores+opus+tatoeba+bouquet,1000mb,7,2290,573,7.97,,,,,,,
ridge,0.040254317224025726,0.050297025591135025,0.7726178408296505,0.8516579406631762,0.9773123909249564,0.9860383944153578,0.6544502617801047,0.8778359511343804,0.9336823734729494,zho_hans-hin_deva,zho_hans,hin_deva,flores+opus+tatoeba+bouquet,1000mb,7,2290,573,7.97,100.0,,,,,,
mlp,0.040987562388181686,0.050766944885253906,0.7704053653127477,0.8115183246073299,0.9685863874345549,0.9842931937172775,0.568935427574171,0.8411867364746946,0.9109947643979057,zho_hans-hin_deva,zho_hans,hin_deva,flores+opus+tatoeba+bouquet,1000mb,7,2290,573,7.97,,0.03972011488495451,0.051132529973983765,0.05074859410524368,0.0510719008743763,166.0,187.0
identity,0.4876660704612732,0.4841253459453583,0.7321047034516078,0.0034904013961605585,0.015706806282722512,0.027923211169284468,0.0,0.0017452006980802793,0.008726003490401396,zho_hans-hin_deva,zho_hans,hin_deva,flores+opus+tatoeba+bouquet,1000mb,8,2290,573,5.95,,,,,,,
procrustes,0.08475682884454727,0.11596368998289108,0.7321046966378731,0.9389179755671903,0.987783595113438,0.9895287958115183,0.7783595113438045,0.9528795811518325,0.9755671902268761,zho_hans-hin_deva,zho_hans,hin_deva,flores+opus+tatoeba+bouquet,1000mb,8,2290,573,5.95,,,,,,,
affine,0.043837770819664,0.10079678893089294,0.7034532508539836,0.837696335078534,0.9546247818499127,0.9808027923211169,0.6265270506108203,0.8603839441535777,0.9109947643979057,zho_hans-hin_deva,zho_hans,hin_deva,flores+opus+tatoeba+bouquet,1000mb,8,2290,573,5.95,,,,,,,
ridge,0.055878352373838425,0.07365866750478745,0.7590043100311766,0.8464223385689355,0.9685863874345549,0.9825479930191972,0.6369982547993019,0.8760907504363001,0.9197207678883071,zho_hans-hin_deva,zho_hans,hin_deva,flores+opus+tatoeba+bouquet,1000mb,8,2290,573,5.95,100.0,,,,,,
mlp,0.057090986520051956,0.07428228110074997,0.7559334239582898,0.7958115183246073,0.956369982547993,0.9755671902268761,0.5549738219895288,0.8202443280977313,0.893542757417103,zho_hans-hin_deva,zho_hans,hin_deva,flores+opus+tatoeba+bouquet,1000mb,8,2290,573,5.95,,0.05384278681242105,0.07643742859363556,0.074338898062706,0.07632007449865341,101.0,122.0
identity,0.7113844156265259,0.7062708735466003,0.7324462089772,0.0,0.015706806282722512,0.031413612565445025,0.0,0.0017452006980802793,0.005235602094240838,zho_hans-hin_deva,zho_hans,hin_deva,flores+opus+tatoeba+bouquet,1000mb,9,2290,573,5.23,,,,,,,
procrustes,0.1274663507938385,0.17250314354896545,0.7324462118778768,0.9197207678883071,0.987783595113438,0.9930191972076788,0.7661431064572426,0.93717277486911,0.9720767888307156,zho_hans-hin_deva,zho_hans,hin_deva,flores+opus+tatoeba+bouquet,1000mb,9,2290,573,5.23,,,,,,,
affine,0.0634990781545639,0.1459657996892929,0.7005730855015418,0.8045375218150087,0.9511343804537522,0.9773123909249564,0.5898778359511344,0.8167539267015707,0.8970331588132635,zho_hans-hin_deva,zho_hans,hin_deva,flores+opus+tatoeba+bouquet,1000mb,9,2290,573,5.23,,,,,,,
ridge,0.07779041677713394,0.10813218355178833,0.7549006635483485,0.8324607329842932,0.9633507853403142,0.9755671902268761,0.6492146596858639,0.8394415357766143,0.9057591623036649,zho_hans-hin_deva,zho_hans,hin_deva,flores+opus+tatoeba+bouquet,1000mb,9,2290,573,5.23,100.0,,,,,,
mlp,0.08120997250080109,0.10885550826787949,0.7517975647260378,0.774869109947644,0.9511343804537522,0.9755671902268761,0.5706806282722513,0.7888307155322862,0.881326352530541,zho_hans-hin_deva,zho_hans,hin_deva,flores+opus+tatoeba+bouquet,1000mb,9,2290,573,5.23,,0.07530054314569994,0.10621172189712524,0.1091986820101738,0.10573509335517883,76.0,97.0
identity,1.0604406595230103,1.0536223649978638,0.7284859339397103,0.0017452006980802793,0.013961605584642234,0.019197207678883072,0.0,0.0,0.0034904013961605585,zho_hans-hin_deva,zho_hans,hin_deva,flores+opus+tatoeba+bouquet,1000mb,10,2290,573,4.97,,,,,,,
procrustes,0.18477144837379456,0.24959291517734528,0.7284859343276521,0.900523560209424,0.9790575916230366,0.9895287958115183,0.7329842931937173,0.9267015706806283,0.9546247818499127,zho_hans-hin_deva,zho_hans,hin_deva,flores+opus+tatoeba+bouquet,1000mb,10,2290,573,4.97,,,,,,,
affine,0.09506811946630478,0.21819698810577393,0.697614340302716,0.7818499127399651,0.924956369982548,0.956369982547993,0.5759162303664922,0.8045375218150087,0.8726003490401396,zho_hans-hin_deva,zho_hans,hin_deva,flores+opus+tatoeba+bouquet,1000mb,10,2290,573,4.97,,,,,,,
ridge,0.14312569797039032,0.16135422885417938,0.7433446858620766,0.6579406631762653,0.8411867364746946,0.9179755671902269,0.4397905759162304,0.6527050610820244,0.7452006980802792,zho_hans-hin_deva,zho_hans,hin_deva,flores+opus+tatoeba+bouquet,1000mb,10,2290,573,4.97,1000.0,,,,,,
mlp,0.12139729410409927,0.1642332822084427,0.7464365923276217,0.7504363001745201,0.9232111692844677,0.9581151832460733,0.5357766143106457,0.7626527050610821,0.8516579406631762,zho_hans-hin_deva,zho_hans,hin_deva,flores+opus+tatoeba+bouquet,1000mb,10,2290,573,4.97,,0.11032493502804727,0.16939902305603027,0.16504527628421783,0.16808763146400452,68.0,89.0
identity,1.5095750093460083,1.5031989812850952,0.7235163865004816,0.0034904013961605585,0.012216404886561954,0.020942408376963352,0.0017452006980802793,0.0017452006980802793,0.0017452006980802793,zho_hans-hin_deva,zho_hans,hin_deva,flores+opus+tatoeba+bouquet,1000mb,11,2290,573,4.89,,,,,,,
procrustes,0.2428959310054779,0.329345166683197,0.7235163780876772,0.8656195462478184,0.9685863874345549,0.9808027923211169,0.6893542757417103,0.8917975567190227,0.9301919720767888,zho_hans-hin_deva,zho_hans,hin_deva,flores+opus+tatoeba+bouquet,1000mb,11,2290,573,4.89,,,,,,,
affine,0.12446873635053635,0.2857968211174011,0.7010090738946353,0.7452006980802792,0.912739965095986,0.9476439790575916,0.5322862129144852,0.7521815008726004,0.8272251308900523,zho_hans-hin_deva,zho_hans,hin_deva,flores+opus+tatoeba+bouquet,1000mb,11,2290,573,4.89,,,,,,,
ridge,0.18181243538856506,0.21045276522636414,0.7468551490817076,0.612565445026178,0.8254799301919721,0.8917975567190227,0.4083769633507853,0.6335078534031413,0.7172774869109948,zho_hans-hin_deva,zho_hans,hin_deva,flores+opus+tatoeba+bouquet,1000mb,11,2290,573,4.89,1000.0,,,,,,
mlp,0.1573309600353241,0.21690940856933594,0.7446676497851313,0.6771378708551483,0.8673647469458988,0.9214659685863874,0.4607329842931937,0.6945898778359512,0.7678883071553229,zho_hans-hin_deva,zho_hans,hin_deva,flores+opus+tatoeba+bouquet,1000mb,11,2290,573,4.89,,0.14216324506383954,0.21395297348499298,0.21804389357566833,0.2127319574356079,65.0,86.0
identity,2.605461359024048,2.6169471740722656,0.720629988257314,0.005235602094240838,0.012216404886561954,0.02268760907504363,0.0,0.0034904013961605585,0.005235602094240838,zho_hans-hin_deva,zho_hans,hin_deva,flores+opus+tatoeba+bouquet,1000mb,12,2290,573,4.22,,,,,,,
procrustes,0.5488123297691345,0.7549534440040588,0.7206299874074132,0.8568935427574171,0.9598603839441536,0.9808027923211169,0.6544502617801047,0.8691099476439791,0.924956369982548,zho_hans-hin_deva,zho_hans,hin_deva,flores+opus+tatoeba+bouquet,1000mb,12,2290,573,4.22,,,,,,,
affine,0.2835441529750824,0.655657947063446,0.6828886104839764,0.7678883071553229,0.9267015706806283,0.9598603839441536,0.5392670157068062,0.7574171029668412,0.8534031413612565,zho_hans-hin_deva,zho_hans,hin_deva,flores+opus+tatoeba+bouquet,1000mb,12,2290,573,4.22,,,,,,,
ridge,0.37311333417892456,0.47575387358665466,0.7406014385744478,0.7452006980802792,0.9075043630017452,0.9511343804537522,0.5445026178010471,0.7626527050610821,0.8429319371727748,zho_hans-hin_deva,zho_hans,hin_deva,flores+opus+tatoeba+bouquet,1000mb,12,2290,573,4.22,1000.0,,,,,,
mlp,0.37597033381462097,0.49839526414871216,0.7347902017143771,0.731239092495637,0.8952879581151832,0.9493891797556719,0.4851657940663176,0.7277486910994765,0.8202443280977313,zho_hans-hin_deva,zho_hans,hin_deva,flores+opus+tatoeba+bouquet,1000mb,12,2290,573,4.22,,0.3303018031698285,0.49843478202819824,0.5020444393157959,0.4949307143688202,43.0,64.0
identity,0.00018644545343704522,0.00018883489246945828,0.699357184123946,0.0103397341211226,0.022156573116691284,0.04579025110782865,0.0029542097488921715,0.011816838995568686,0.011816838995568686,zho_hans-fra_latn,zho_hans,fra_latn,flores+opus+tatoeba+bouquet,1000mb,0,2707,677,5.35,,,,,,,
procrustes,5.6173947086790577e-05,7.920181087683886e-05,0.6993571846537396,0.5672082717872969,0.7725258493353028,0.8330871491875923,0.3870014771048744,0.6011816838995568,0.670605612998523,zho_hans-fra_latn,zho_hans,fra_latn,flores+opus+tatoeba+bouquet,1000mb,0,2707,677,5.35,,,,,,,
affine,2.326979119970929e-05,4.906465619569644e-05,0.7495538405124267,0.2776957163958641,0.48005908419497784,0.5775480059084195,0.13884785819793205,0.28508124076809455,0.3604135893648449,zho_hans-fra_latn,zho_hans,fra_latn,flores+opus+tatoeba+bouquet,1000mb,0,2707,677,5.35,,,,,,,
ridge,2.7805899662780575e-05,3.763045242521912e-05,0.7908986426590896,0.23485967503692762,0.4032496307237814,0.5110782865583456,0.12998522895125553,0.2466765140324963,0.30280649926144754,zho_hans-fra_latn,zho_hans,fra_latn,flores+opus+tatoeba+bouquet,1000mb,0,2707,677,5.35,0.1,,,,,,
mlp,5.406405762187205e-05,5.5324337154161185e-05,0.594978657049032,0.0014771048744460858,0.007385524372230428,0.014771048744460856,0.0,0.0014771048744460858,0.0029542097488921715,zho_hans-fra_latn,zho_hans,fra_latn,flores+opus+tatoeba+bouquet,1000mb,0,2707,677,5.35,,5.417909191097491e-05,5.5581011110916734e-05,5.5364514992106706e-05,5.55627302674111e-05,51.0,72.0
identity,0.039485201239585876,0.039761848747730255,0.7494462031780236,0.008862629246676515,0.014771048744460856,0.033973412112259974,0.0014771048744460858,0.007385524372230428,0.011816838995568686,zho_hans-fra_latn,zho_hans,fra_latn,flores+opus+tatoeba+bouquet,1000mb,1,2707,677,4.38,,,,,,,
procrustes,0.005897373426705599,0.0074938274919986725,0.7494461944141488,0.7813884785819794,0.9261447562776958,0.9571639586410635,0.6159527326440177,0.810930576070901,0.880354505169867,zho_hans-fra_latn,zho_hans,fra_latn,flores+opus+tatoeba+bouquet,1000mb,1,2707,677,4.38,,,,,,,
affine,0.002338729565963149,0.004907474387437105,0.7856672128276411,0.55096011816839,0.7621861152141802,0.8257016248153619,0.3766617429837518,0.568685376661743,0.6514032496307238,zho_hans-fra_latn,zho_hans,fra_latn,flores+opus+tatoeba+bouquet,1000mb,1,2707,677,4.38,,,,,,,
ridge,0.0030619779136031866,0.0037999425549060106,0.8216548666901894,0.4874446085672083,0.7104874446085672,0.7784342688330872,0.31610044313146235,0.5199409158050221,0.6056129985228951,zho_hans-fra_latn,zho_hans,fra_latn,flores+opus+tatoeba+bouquet,1000mb,1,2707,677,4.38,10.0,,,,,,
mlp,0.004370688460767269,0.004488449543714523,0.7924955092449011,0.06499261447562776,0.16838995568685378,0.24076809453471196,0.01624815361890694,0.059084194977843424,0.08862629246676514,zho_hans-fra_latn,zho_hans,fra_latn,flores+opus+tatoeba+bouquet,1000mb,1,2707,677,4.38,,0.0043497448966193656,0.004595404956489801,0.0045088548213243484,0.004582691006362438,26.0,47.0
identity,0.08654268085956573,0.08744508773088455,0.7815545776951328,0.004431314623338257,0.013293943870014771,0.025110782865583457,0.0014771048744460858,0.0014771048744460858,0.004431314623338257,zho_hans-fra_latn,zho_hans,fra_latn,flores+opus+tatoeba+bouquet,1000mb,2,2707,677,5.96,,,,,,,
procrustes,0.009501534514129162,0.011999771930277348,0.7815545738893334,0.8197932053175776,0.948301329394387,0.9675036927621861,0.6824224519940916,0.8522895125553914,0.9113737075332349,zho_hans-fra_latn,zho_hans,fra_latn,flores+opus+tatoeba+bouquet,1000mb,2,2707,677,5.96,,,,,,,
affine,0.0035094486083835363,0.007411491591483355,0.8170518776299445,0.621861152141802,0.8227474150664698,0.8788774002954209,0.4224519940915805,0.6484490398818316,0.7341211225997046,zho_hans-fra_latn,zho_hans,fra_latn,flores+opus+tatoeba+bouquet,1000mb,2,2707,677,5.96,,,,,,,
ridge,0.004442907404154539,0.005787865724414587,0.8497029523111811,0.6277695716395865,0.8197932053175776,0.8774002954209749,0.4446085672082718,0.6587887740029542,0.7282127031019202,zho_hans-fra_latn,zho_hans,fra_latn,flores+opus+tatoeba+bouquet,1000mb,2,2707,677,5.96,10.0,,,,,,
mlp,0.006182731594890356,0.006468878127634525,0.8382690810234863,0.14771048744460857,0.36927621861152143,0.4844903988183161,0.06646971935007386,0.14918759231905465,0.23485967503692762,zho_hans-fra_latn,zho_hans,fra_latn,flores+opus+tatoeba+bouquet,1000mb,2,2707,677,5.96,,0.006254998787951011,0.006118482910096645,0.006481777410954237,0.006083330605179071,69.0,90.0
identity,0.12997357547283173,0.13146866858005524,0.7648855109639685,0.0014771048744460858,0.008862629246676515,0.01624815361890694,0.0,0.0014771048744460858,0.005908419497784343,zho_hans-fra_latn,zho_hans,fra_latn,flores+opus+tatoeba+bouquet,1000mb,3,2707,677,5.21,,,,,,,
procrustes,0.01615753211081028,0.02077793888747692,0.764885510101322,0.8522895125553914,0.96602658788774,0.9807976366322009,0.7341211225997046,0.8788774002954209,0.9335302806499262,zho_hans-fra_latn,zho_hans,fra_latn,flores+opus+tatoeba+bouquet,1000mb,3,2707,677,5.21,,,,,,,
affine,0.006522427778691053,0.013621579855680466,0.7929987752874884,0.6883308714918759,0.880354505169867,0.9290989660265879,0.5096011816838996,0.7385524372230429,0.810930576070901,zho_hans-fra_latn,zho_hans,fra_latn,flores+opus+tatoeba+bouquet,1000mb,3,2707,677,5.21,,,,,,,
ridge,0.007756505627185106,0.010823019780218601,0.8220754194296039,0.7296898079763663,0.9025110782865583,0.9394387001477105,0.5450516986706057,0.7695716395864106,0.8257016248153619,zho_hans-fra_latn,zho_hans,fra_latn,flores+opus+tatoeba+bouquet,1000mb,3,2707,677,5.21,10.0,,,,,,
mlp,0.010648864321410656,0.011439799331128597,0.8147491660374178,0.3500738552437223,0.638109305760709,0.7341211225997046,0.1654357459379616,0.3766617429837518,0.48892171344165436,zho_hans-fra_latn,zho_hans,fra_latn,flores+opus+tatoeba+bouquet,1000mb,3,2707,677,5.21,,0.010617358156312734,0.011349683627486229,0.011456621810793877,0.011347181163728237,49.0,70.0
identity,0.1740810126066208,0.1766771525144577,0.7604314990902717,0.0,0.004431314623338257,0.01624815361890694,0.0,0.0,0.0029542097488921715,zho_hans-fra_latn,zho_hans,fra_latn,flores+opus+tatoeba+bouquet,1000mb,4,2707,677,5.86,,,,,,,
procrustes,0.02372417040169239,0.03150377795100212,0.7604314956851793,0.8995568685376661,0.9763663220088626,0.9852289512555391,0.793205317577548,0.9246676514032496,0.9527326440177253,zho_hans-fra_latn,zho_hans,fra_latn,flores+opus+tatoeba+bouquet,1000mb,4,2707,677,5.86,,,,,,,
affine,0.011003097519278526,0.02317531779408455,0.7856288636903628,0.8138847858197932,0.9438700147710487,0.96602658788774,0.6336779911373708,0.8522895125553914,0.8980797636632201,zho_hans-fra_latn,zho_hans,fra_latn,flores+opus+tatoeba+bouquet,1000mb,4,2707,677,5.86,,,,,,,
ridge,0.015238332562148571,0.01806054078042507,0.8069330945995131,0.7518463810930576,0.9261447562776958,0.9571639586410635,0.5553914327917282,0.810930576070901,0.8729689807976366,zho_hans-fra_latn,zho_hans,fra_latn,flores+opus+tatoeba+bouquet,1000mb,4,2707,677,5.86,100.0,,,,,,
mlp,0.017188606783747673,0.0190107524394989,0.8049961144374636,0.6011816838995568,0.8685376661742984,0.914327917282127,0.3988183161004431,0.6395864106351551,0.757754800590842,zho_hans-fra_latn,zho_hans,fra_latn,flores+opus+tatoeba+bouquet,1000mb,4,2707,677,5.86,,0.017121609228734787,0.019229266792535782,0.01902696304023266,0.01917470432817936,67.0,88.0
identity,0.20939551293849945,0.2128387987613678,0.7468595822363334,0.0,0.0029542097488921715,0.0103397341211226,0.0,0.0,0.0,zho_hans-fra_latn,zho_hans,fra_latn,flores+opus+tatoeba+bouquet,1000mb,5,2707,677,8.42,,,,,,,
procrustes,0.02917199395596981,0.03979228064417839,0.7468595769575244,0.9084194977843427,0.9719350073855244,0.9852289512555391,0.8035450516986706,0.9246676514032496,0.946824224519941,zho_hans-fra_latn,zho_hans,fra_latn,flores+opus+tatoeba+bouquet,1000mb,5,2707,677,8.42,,,,,,,
affine,0.01521117240190506,0.03200291842222214,0.775096177605218,0.843426883308715,0.9512555391432792,0.9689807976366323,0.6779911373707533,0.8670605612998523,0.914327917282127,zho_hans-fra_latn,zho_hans,fra_latn,flores+opus+tatoeba+bouquet,1000mb,5,2707,677,8.42,,,,,,,
ridge,0.020704250782728195,0.02486106939613819,0.8010938027089131,0.7902511078286558,0.9438700147710487,0.9601181683899557,0.6011816838995568,0.8478581979320532,0.9039881831610044,zho_hans-fra_latn,zho_hans,fra_latn,flores+opus+tatoeba+bouquet,1000mb,5,2707,677,8.42,100.0,,,,,,
mlp,0.022899048402905464,0.025860559195280075,0.8013634673609649,0.6573116691285081,0.8921713441654358,0.9409158050221565,0.43131462333825704,0.6986706056129985,0.8050221565731167,zho_hans-fra_latn,zho_hans,fra_latn,flores+opus+tatoeba+bouquet,1000mb,5,2707,677,8.42,,0.022691833523985665,0.025872277095913887,0.025913484394550323,0.0257659200578928,141.0,162.0
identity,0.2547272741794586,0.25832489132881165,0.7385850807645965,0.0014771048744460858,0.008862629246676515,0.013293943870014771,0.0,0.0,0.0014771048744460858,zho_hans-fra_latn,zho_hans,fra_latn,flores+opus+tatoeba+bouquet,1000mb,6,2707,677,7.67,,,,,,,
procrustes,0.03762075677514076,0.05193794146180153,0.7385850726257811,0.9113737075332349,0.9778434268833087,0.9881831610044313,0.810930576070901,0.9379615952732644,0.9556868537666174,zho_hans-fra_latn,zho_hans,fra_latn,flores+opus+tatoeba+bouquet,1000mb,6,2707,677,7.67,,,,,,,
affine,0.02154649794101715,0.04471822828054428,0.7774201988794301,0.8744460856720827,0.9645494830132939,0.9793205317577548,0.7474150664697193,0.9158050221565731,0.9453471196454948,zho_hans-fra_latn,zho_hans,fra_latn,flores+opus+tatoeba+bouquet,1000mb,6,2707,677,7.67,,,,,,,
ridge,0.028417089954018593,0.034933075308799744,0.8035787045548699,0.8552437223042836,0.9571639586410635,0.9793205317577548,0.707533234859675,0.8980797636632201,0.9350073855243722,zho_hans-fra_latn,zho_hans,fra_latn,flores+opus+tatoeba+bouquet,1000mb,6,2707,677,7.67,100.0,,,,,,
mlp,0.031147684901952744,0.035970624536275864,0.8030238049198108,0.7695716395864106,0.9409158050221565,0.9689807976366323,0.5760709010339734,0.8286558345642541,0.8906942392909897,zho_hans-fra_latn,zho_hans,fra_latn,flores+opus+tatoeba+bouquet,1000mb,6,2707,677,7.67,,0.03083709326501076,0.034624356776475906,0.03594990447163582,0.034576840698719025,118.0,139.0
identity,0.3256664276123047,0.329428106546402,0.7339135095443036,0.0,0.005908419497784343,0.011816838995568686,0.0,0.0,0.0014771048744460858,zho_hans-fra_latn,zho_hans,fra_latn,flores+opus+tatoeba+bouquet,1000mb,7,2707,677,9.84,,,,,,,
procrustes,0.05549820140004158,0.07622030377388,0.7339134882352952,0.9231905465288035,0.982274741506647,0.9911373707533235,0.8330871491875923,0.9453471196454948,0.9586410635155096,zho_hans-fra_latn,zho_hans,fra_latn,flores+opus+tatoeba+bouquet,1000mb,7,2707,677,9.84,,,,,,,
affine,0.03267756476998329,0.06718004494905472,0.7706383510246304,0.8892171344165436,0.9704579025110783,0.9852289512555391,0.7592319054652881,0.9231905465288035,0.946824224519941,zho_hans-fra_latn,zho_hans,fra_latn,flores+opus+tatoeba+bouquet,1000mb,7,2707,677,9.84,,,,,,,
ridge,0.04134593904018402,0.05254468694329262,0.8000466730106344,0.8833087149187593,0.9719350073855244,0.9867060561299852,0.7680945347119645,0.9231905465288035,0.946824224519941,zho_hans-fra_latn,zho_hans,fra_latn,flores+opus+tatoeba+bouquet,1000mb,7,2707,677,9.84,100.0,,,,,,
mlp,0.04298967495560646,0.05303660407662392,0.8035526177890686,0.8419497784342689,0.9630723781388478,0.982274741506647,0.6735598227474151,0.8906942392909897,0.930576070901034,zho_hans-fra_latn,zho_hans,fra_latn,flores+opus+tatoeba+bouquet,1000mb,7,2707,677,9.84,,0.04194728762675554,0.053442034870386124,0.05301741510629654,0.05339905619621277,188.0,200.0
identity,0.4371672570705414,0.44092026352882385,0.7448129500065754,0.0014771048744460858,0.005908419497784343,0.01624815361890694,0.0,0.0,0.004431314623338257,zho_hans-fra_latn,zho_hans,fra_latn,flores+opus+tatoeba+bouquet,1000mb,8,2707,677,7.28,,,,,,,
procrustes,0.08063793927431107,0.11032771319150925,0.7448129525322216,0.9409158050221565,0.9896602658788775,0.9926144756277696,0.8700147710487445,0.9542097488921714,0.9704579025110783,zho_hans-fra_latn,zho_hans,fra_latn,flores+opus+tatoeba+bouquet,1000mb,8,2707,677,7.28,,,,,,,
affine,0.04512781649827957,0.09225798398256302,0.7649807426048322,0.896602658788774,0.9748892171344166,0.9867060561299852,0.7725258493353028,0.9320531757754801,0.9571639586410635,zho_hans-fra_latn,zho_hans,fra_latn,flores+opus+tatoeba+bouquet,1000mb,8,2707,677,7.28,,,,,,,
ridge,0.05458498001098633,0.07293526828289032,0.7981952395326363,0.9025110782865583,0.9778434268833087,0.9896602658788775,0.7843426883308715,0.9394387001477105,0.9571639586410635,zho_hans-fra_latn,zho_hans,fra_latn,flores+opus+tatoeba+bouquet,1000mb,8,2707,677,7.28,100.0,,,,,,
mlp,0.056715674698352814,0.07334446907043457,0.7987784285887577,0.8788774002954209,0.96602658788774,0.9896602658788775,0.7311669128508124,0.9172821270310192,0.9453471196454948,zho_hans-fra_latn,zho_hans,fra_latn,flores+opus+tatoeba+bouquet,1000mb,8,2707,677,7.28,,0.05501010116094198,0.07028321176767349,0.07323382049798965,0.07025475800037384,107.0,128.0
identity,0.6327472925186157,0.6374300718307495,0.7574842426876987,0.0029542097488921715,0.0103397341211226,0.019202363367799114,0.0,0.004431314623338257,0.004431314623338257,zho_hans-fra_latn,zho_hans,fra_latn,flores+opus+tatoeba+bouquet,1000mb,9,2707,677,6.99,,,,,,,
procrustes,0.12089111655950546,0.1635352522134781,0.7574842400634959,0.9394387001477105,0.983751846381093,0.9926144756277696,0.8626292466765141,0.9556868537666174,0.9675036927621861,zho_hans-fra_latn,zho_hans,fra_latn,flores+opus+tatoeba+bouquet,1000mb,9,2707,677,6.99,,,,,,,
affine,0.06543662399053574,0.13408784568309784,0.7648443340719043,0.9025110782865583,0.9793205317577548,0.9896602658788775,0.7740029542097489,0.9335302806499262,0.9586410635155096,zho_hans-fra_latn,zho_hans,fra_latn,flores+opus+tatoeba+bouquet,1000mb,9,2707,677,6.99,,,,,,,
ridge,0.07642977684736252,0.10716743022203445,0.8004004810765148,0.9098966026587888,0.982274741506647,0.9896602658788775,0.7902511078286558,0.9379615952732644,0.9601181683899557,zho_hans-fra_latn,zho_hans,fra_latn,flores+opus+tatoeba+bouquet,1000mb,9,2707,677,6.99,100.0,,,,,,
mlp,0.07773453742265701,0.10694169998168945,0.8021834409956671,0.8833087149187593,0.9748892171344166,0.9881831610044313,0.7355982274741507,0.9172821270310192,0.9512555391432792,zho_hans-fra_latn,zho_hans,fra_latn,flores+opus+tatoeba+bouquet,1000mb,9,2707,677,6.99,,0.07403761377701393,0.10409802198410034,0.10723044723272324,0.10376856476068497,99.0,120.0
identity,0.9201990962028503,0.9288399815559387,0.7544380820035664,0.004431314623338257,0.0103397341211226,0.011816838995568686,0.0014771048744460858,0.005908419497784343,0.005908419497784343,zho_hans-fra_latn,zho_hans,fra_latn,flores+opus+tatoeba+bouquet,1000mb,10,2707,677,6.34,,,,,,,
procrustes,0.1718815565109253,0.22981788218021393,0.7544380791712538,0.9290989660265879,0.982274741506647,0.9926144756277696,0.8330871491875923,0.948301329394387,0.96602658788774,zho_hans-fra_latn,zho_hans,fra_latn,flores+opus+tatoeba+bouquet,1000mb,10,2707,677,6.34,,,,,,,
affine,0.08863189071416855,0.18078993260860443,0.7626277809177138,0.8936484490398818,0.9748892171344166,0.9852289512555391,0.7429837518463811,0.9335302806499262,0.9630723781388478,zho_hans-fra_latn,zho_hans,fra_latn,flores+opus+tatoeba+bouquet,1000mb,10,2707,677,6.34,,,,,,,
ridge,0.10029121488332748,0.14686785638332367,0.7943269194926884,0.9010339734121122,0.9734121122599705,0.9867060561299852,0.7695716395864106,0.9320531757754801,0.9601181683899557,zho_hans-fra_latn,zho_hans,fra_latn,flores+opus+tatoeba+bouquet,1000mb,10,2707,677,6.34,100.0,,,,,,
mlp,0.10527553409337997,0.14693640172481537,0.7959679354099812,0.8714918759231906,0.9704579025110783,0.9793205317577548,0.6957163958641064,0.896602658788774,0.9364844903988183,zho_hans-fra_latn,zho_hans,fra_latn,flores+opus+tatoeba+bouquet,1000mb,10,2707,677,6.34,,0.09746234118938446,0.1440204381942749,0.14724750816822052,0.14356045424938202,80.0,101.0
identity,1.3465553522109985,1.3658876419067383,0.7414779394578604,0.0029542097488921715,0.005908419497784343,0.014771048744460856,0.0029542097488921715,0.0029542097488921715,0.004431314623338257,zho_hans-fra_latn,zho_hans,fra_latn,flores+opus+tatoeba+bouquet,1000mb,11,2707,677,6.5,,,,,,,
procrustes,0.2334575057029724,0.30695635080337524,0.7414779424533284,0.9039881831610044,0.9734121122599705,0.9852289512555391,0.7902511078286558,0.9335302806499262,0.9586410635155096,zho_hans-fra_latn,zho_hans,fra_latn,flores+opus+tatoeba+bouquet,1000mb,11,2707,677,6.5,,,,,,,
affine,0.11417202651500702,0.23256893455982208,0.7541747331173428,0.880354505169867,0.9719350073855244,0.9867060561299852,0.7045790251107829,0.9246676514032496,0.9527326440177253,zho_hans-fra_latn,zho_hans,fra_latn,flores+opus+tatoeba+bouquet,1000mb,11,2707,677,6.5,,,,,,,
ridge,0.15767475962638855,0.18741865456104279,0.780724258319365,0.7725258493353028,0.9423929098966026,0.9630723781388478,0.5864106351550961,0.8212703101920237,0.8788774002954209,zho_hans-fra_latn,zho_hans,fra_latn,flores+opus+tatoeba+bouquet,1000mb,11,2707,677,6.5,1000.0,,,,,,
mlp,0.13217607140541077,0.1906067430973053,0.7879206485651155,0.844903988183161,0.9630723781388478,0.9763663220088626,0.6573116691285081,0.8759231905465288,0.9246676514032496,zho_hans-fra_latn,zho_hans,fra_latn,flores+opus+tatoeba+bouquet,1000mb,11,2707,677,6.5,,0.12073039282590915,0.18683069944381714,0.19108648598194122,0.18628522753715515,84.0,105.0
identity,2.358609676361084,2.36040997505188,0.7407146558514366,0.0029542097488921715,0.005908419497784343,0.019202363367799114,0.0029542097488921715,0.0029542097488921715,0.0029542097488921715,zho_hans-fra_latn,zho_hans,fra_latn,flores+opus+tatoeba+bouquet,1000mb,12,2707,677,5.5,,,,,,,
procrustes,0.5213582515716553,0.69096440076828,0.740714657011876,0.9069423929098966,0.9748892171344166,0.982274741506647,0.7784342688330872,0.9246676514032496,0.9542097488921714,zho_hans-fra_latn,zho_hans,fra_latn,flores+opus+tatoeba+bouquet,1000mb,12,2707,677,5.5,,,,,,,
affine,0.24584177136421204,0.49209439754486084,0.7513367234936699,0.8906942392909897,0.9748892171344166,0.983751846381093,0.7016248153618907,0.914327917282127,0.9497784342688331,zho_hans-fra_latn,zho_hans,fra_latn,flores+opus+tatoeba+bouquet,1000mb,12,2707,677,5.5,,,,,,,
ridge,0.3062781095504761,0.39002156257629395,0.7825856144569706,0.8537666174298375,0.9630723781388478,0.9748892171344166,0.6809453471196455,0.8906942392909897,0.9290989660265879,zho_hans-fra_latn,zho_hans,fra_latn,flores+opus+tatoeba+bouquet,1000mb,12,2707,677,5.5,1000.0,,,,,,
mlp,0.2899729311466217,0.4057401120662689,0.7825457949284685,0.8493353028064993,0.9645494830132939,0.9778434268833087,0.638109305760709,0.8862629246676514,0.9231905465288035,zho_hans-fra_latn,zho_hans,fra_latn,flores+opus+tatoeba+bouquet,1000mb,12,2707,677,5.5,,0.2602339398402434,0.3952786326408386,0.4079693853855133,0.39298495650291443,57.0,78.0
identity,0.00016775968833826482,0.00016785260231699795,0.7047863345602814,0.0044444444444444444,0.02074074074074074,0.04888888888888889,0.0,0.002962962962962963,0.008888888888888889,zho_hans-rus_cyrl,zho_hans,rus_cyrl,flores+opus+tatoeba+bouquet,1000mb,0,2699,675,5.06,,,,,,,
procrustes,5.4853484471095726e-05,7.826677756384015e-05,0.70478633549523,0.5274074074074074,0.7288888888888889,0.7822222222222223,0.3511111111111111,0.5674074074074074,0.64,zho_hans-rus_cyrl,zho_hans,rus_cyrl,flores+opus+tatoeba+bouquet,1000mb,0,2699,675,5.06,,,,,,,
affine,2.746194695646409e-05,5.64063448109664e-05,0.6921928412878134,0.31703703703703706,0.5333333333333333,0.6177777777777778,0.18666666666666668,0.3511111111111111,0.44,zho_hans-rus_cyrl,zho_hans,rus_cyrl,flores+opus+tatoeba+bouquet,1000mb,0,2699,675,5.06,,,,,,,
ridge,3.2740710594225675e-05,4.282690133550204e-05,0.7417575608561416,0.277037037037037,0.4651851851851852,0.5422222222222223,0.17185185185185184,0.3111111111111111,0.3896296296296296,zho_hans-rus_cyrl,zho_hans,rus_cyrl,flores+opus+tatoeba+bouquet,1000mb,0,2699,675,5.06,0.1,,,,,,
mlp,6.0532987845363095e-05,6.049508374417201e-05,0.618245570028373,0.0014814814814814814,0.007407407407407408,0.014814814814814815,0.0,0.0,0.002962962962962963,zho_hans-rus_cyrl,zho_hans,rus_cyrl,flores+opus+tatoeba+bouquet,1000mb,0,2699,675,5.06,,6.040134662486564e-05,6.214083259692416e-05,6.052992102922872e-05,6.209647108335048e-05,44.0,65.0
identity,0.036910004913806915,0.036991000175476074,0.7465051782244723,0.0044444444444444444,0.014814814814814815,0.02074074074074074,0.0,0.0044444444444444444,0.0044444444444444444,zho_hans-rus_cyrl,zho_hans,rus_cyrl,flores+opus+tatoeba+bouquet,1000mb,1,2699,675,4.46,,,,,,,
procrustes,0.005477739963680506,0.006997089833021164,0.7465051807354905,0.7585185185185185,0.8962962962962963,0.9362962962962963,0.6088888888888889,0.7925925925925926,0.845925925925926,zho_hans-rus_cyrl,zho_hans,rus_cyrl,flores+opus+tatoeba+bouquet,1000mb,1,2699,675,4.46,,,,,,,
affine,0.0026018365751951933,0.0053163375705480576,0.7385506803236859,0.5955555555555555,0.7955555555555556,0.8518518518518519,0.40444444444444444,0.6355555555555555,0.7125925925925926,zho_hans-rus_cyrl,zho_hans,rus_cyrl,flores+opus+tatoeba+bouquet,1000mb,1,2699,675,4.46,,,,,,,
ridge,0.00339944614097476,0.004090053495019674,0.7785904242380149,0.5318518518518518,0.7674074074074074,0.8281481481481482,0.36,0.5748148148148148,0.6622222222222223,zho_hans-rus_cyrl,zho_hans,rus_cyrl,flores+opus+tatoeba+bouquet,1000mb,1,2699,675,4.46,10.0,,,,,,
mlp,0.004799261689186096,0.004837139043956995,0.7458915002952482,0.05185185185185185,0.1688888888888889,0.27555555555555555,0.023703703703703703,0.06666666666666667,0.09481481481481481,zho_hans-rus_cyrl,zho_hans,rus_cyrl,flores+opus+tatoeba+bouquet,1000mb,1,2699,675,4.46,,0.004828837210018384,0.004729792010039091,0.004845266230404377,0.004720648750662804,29.0,50.0
identity,0.08740827441215515,0.087651327252388,0.7884939618320719,0.002962962962962963,0.013333333333333334,0.013333333333333334,0.0,0.0014814814814814814,0.0044444444444444444,zho_hans-rus_cyrl,zho_hans,rus_cyrl,flores+opus+tatoeba+bouquet,1000mb,2,2699,675,5.18,,,,,,,
procrustes,0.009217020124197006,0.011539356783032417,0.7884939672885419,0.8088888888888889,0.9303703703703704,0.9585185185185185,0.6711111111111111,0.8444444444444444,0.8918518518518519,zho_hans-rus_cyrl,zho_hans,rus_cyrl,flores+opus+tatoeba+bouquet,1000mb,2,2699,675,5.18,,,,,,,
affine,0.0041335453279316425,0.008351853117346764,0.7918504474617393,0.6607407407407407,0.8533333333333334,0.9007407407407407,0.4785185185185185,0.7125925925925926,0.7748148148148148,zho_hans-rus_cyrl,zho_hans,rus_cyrl,flores+opus+tatoeba+bouquet,1000mb,2,2699,675,5.18,,,,,,,
ridge,0.0052027627825737,0.00650106742978096,0.8280848977255465,0.6414814814814814,0.8414814814814815,0.8918518518518519,0.4918518518518519,0.6992592592592592,0.7748148148148148,zho_hans-rus_cyrl,zho_hans,rus_cyrl,flores+opus+tatoeba+bouquet,1000mb,2,2699,675,5.18,10.0,,,,,,
mlp,0.007137566804885864,0.007241622544825077,0.8220198230697296,0.1925925925925926,0.42814814814814817,0.5496296296296296,0.08148148148148149,0.20296296296296296,0.2874074074074074,zho_hans-rus_cyrl,zho_hans,rus_cyrl,flores+opus+tatoeba+bouquet,1000mb,2,2699,675,5.18,,0.007179128471761942,0.007258391007781029,0.007271836046129465,0.007215788587927818,50.0,71.0
identity,0.1273345947265625,0.1277357041835785,0.7777962147977786,0.0044444444444444444,0.011851851851851851,0.014814814814814815,0.0014814814814814814,0.002962962962962963,0.007407407407407408,zho_hans-rus_cyrl,zho_hans,rus_cyrl,flores+opus+tatoeba+bouquet,1000mb,3,2699,675,5.17,,,,,,,
procrustes,0.01502405945211649,0.018469970673322678,0.7777962247257463,0.84,0.9525925925925925,0.9688888888888889,0.725925925925926,0.8770370370370371,0.9214814814814815,zho_hans-rus_cyrl,zho_hans,rus_cyrl,flores+opus+tatoeba+bouquet,1000mb,3,2699,675,5.17,,,,,,,
affine,0.0053751515224576,0.010786736384034157,0.7956042911881899,0.72,0.8651851851851852,0.914074074074074,0.5318518518518518,0.7555555555555555,0.8074074074074075,zho_hans-rus_cyrl,zho_hans,rus_cyrl,flores+opus+tatoeba+bouquet,1000mb,3,2699,675,5.17,,,,,,,
ridge,0.006386289373040199,0.008538194000720978,0.8257784645705233,0.7185185185185186,0.882962962962963,0.917037037037037,0.5674074074074074,0.7555555555555555,0.8266666666666667,zho_hans-rus_cyrl,zho_hans,rus_cyrl,flores+opus+tatoeba+bouquet,1000mb,3,2699,675,5.17,10.0,,,,,,
mlp,0.008798141032457352,0.009076353162527084,0.8262604941313811,0.3540740740740741,0.642962962962963,0.7303703703703703,0.18962962962962962,0.3674074074074074,0.4918518518518519,zho_hans-rus_cyrl,zho_hans,rus_cyrl,flores+opus+tatoeba+bouquet,1000mb,3,2699,675,5.17,,0.008751384595311001,0.009675898589193821,0.009090248495340347,0.00965844001621008,50.0,71.0
identity,0.1637362539768219,0.16435490548610687,0.7764730708868709,0.0014814814814814814,0.011851851851851851,0.017777777777777778,0.0,0.0014814814814814814,0.0014814814814814814,zho_hans-rus_cyrl,zho_hans,rus_cyrl,flores+opus+tatoeba+bouquet,1000mb,4,2699,675,6.07,,,,,,,
procrustes,0.02167910523712635,0.027015697211027145,0.7764730740062494,0.8874074074074074,0.9644444444444444,0.9762962962962963,0.7703703703703704,0.9081481481481481,0.9451851851851852,zho_hans-rus_cyrl,zho_hans,rus_cyrl,flores+opus+tatoeba+bouquet,1000mb,4,2699,675,6.07,,,,,,,
affine,0.007911072112619877,0.015881195664405823,0.7899462105753359,0.7748148148148148,0.9111111111111111,0.9422222222222222,0.5985185185185186,0.7985185185185185,0.8577777777777778,zho_hans-rus_cyrl,zho_hans,rus_cyrl,flores+opus+tatoeba+bouquet,1000mb,4,2699,675,6.07,,,,,,,
ridge,0.010861638933420181,0.01234053447842598,0.8209809161349928,0.7096296296296296,0.8888888888888888,0.9333333333333333,0.5511111111111111,0.7614814814814815,0.8355555555555556,zho_hans-rus_cyrl,zho_hans,rus_cyrl,flores+opus+tatoeba+bouquet,1000mb,4,2699,675,6.07,100.0,,,,,,
mlp,0.012353286147117615,0.013065899722278118,0.821128220946179,0.52,0.8,0.8740740740740741,0.3125925925925926,0.5881481481481482,0.6755555555555556,zho_hans-rus_cyrl,zho_hans,rus_cyrl,flores+opus+tatoeba+bouquet,1000mb,4,2699,675,6.07,,0.01232382424763943,0.013311199843883514,0.013084309175610542,0.013247739523649216,75.0,96.0
identity,0.19719380140304565,0.19819216430187225,0.7842149103572283,0.0014814814814814814,0.013333333333333334,0.02074074074074074,0.0,0.0014814814814814814,0.0014814814814814814,zho_hans-rus_cyrl,zho_hans,rus_cyrl,flores+opus+tatoeba+bouquet,1000mb,5,2699,675,8.19,,,,,,,
procrustes,0.026502283290028572,0.034078024327754974,0.7842149153189726,0.9051851851851852,0.9688888888888889,0.9792592592592593,0.8088888888888889,0.9214814814814815,0.9555555555555556,zho_hans-rus_cyrl,zho_hans,rus_cyrl,flores+opus+tatoeba+bouquet,1000mb,5,2699,675,8.19,,,,,,,
affine,0.011881017126142979,0.023931333795189857,0.7865642936003212,0.8429629629629629,0.9451851851851852,0.9644444444444444,0.6844444444444444,0.8592592592592593,0.9066666666666666,zho_hans-rus_cyrl,zho_hans,rus_cyrl,flores+opus+tatoeba+bouquet,1000mb,5,2699,675,8.19,,,,,,,
ridge,0.016051072627305984,0.018608303740620613,0.8151818584349109,0.8133333333333334,0.9422222222222222,0.96,0.6622222222222223,0.8607407407407407,0.8992592592592593,zho_hans-rus_cyrl,zho_hans,rus_cyrl,flores+opus+tatoeba+bouquet,1000mb,5,2699,675,8.19,100.0,,,,,,
mlp,0.01789613999426365,0.0194249264895916,0.8160596649196193,0.68,0.8933333333333333,0.9362962962962963,0.46814814814814815,0.7288888888888889,0.8162962962962963,zho_hans-rus_cyrl,zho_hans,rus_cyrl,flores+opus+tatoeba+bouquet,1000mb,5,2699,675,8.19,,0.017886815886748463,0.018774358555674553,0.019434437155723572,0.018751289695501328,135.0,156.0
identity,0.23707331717014313,0.23868852853775024,0.7710121785097745,0.0044444444444444444,0.011851851851851851,0.022222222222222223,0.0014814814814814814,0.0044444444444444444,0.005925925925925926,zho_hans-rus_cyrl,zho_hans,rus_cyrl,flores+opus+tatoeba+bouquet,1000mb,6,2699,675,8.82,,,,,,,
procrustes,0.03468995541334152,0.04579687863588333,0.7710121855130991,0.9125925925925926,0.9733333333333334,0.9807407407407407,0.8207407407407408,0.9377777777777778,0.9629629629629629,zho_hans-rus_cyrl,zho_hans,rus_cyrl,flores+opus+tatoeba+bouquet,1000mb,6,2699,675,8.82,,,,,,,
affine,0.01806853897869587,0.03660830855369568,0.7687078317821382,0.8814814814814815,0.965925925925926,0.9822222222222222,0.7318518518518519,0.9081481481481481,0.9451851851851852,zho_hans-rus_cyrl,zho_hans,rus_cyrl,flores+opus+tatoeba+bouquet,1000mb,6,2699,675,8.82,,,,,,,
ridge,0.02375498227775097,0.02847970463335514,0.8042895705542016,0.8637037037037038,0.9614814814814815,0.9762962962962963,0.7407407407407407,0.8933333333333333,0.9288888888888889,zho_hans-rus_cyrl,zho_hans,rus_cyrl,flores+opus+tatoeba+bouquet,1000mb,6,2699,675,8.82,100.0,,,,,,
mlp,0.026048678904771805,0.02936611883342266,0.8028191114446016,0.794074074074074,0.9437037037037037,0.9644444444444444,0.6148148148148148,0.8311111111111111,0.8903703703703704,zho_hans-rus_cyrl,zho_hans,rus_cyrl,flores+opus+tatoeba+bouquet,1000mb,6,2699,675,8.82,,0.02564193455404357,0.03054186701774597,0.029358942061662674,0.030486855655908585,153.0,174.0
identity,0.29642292857170105,0.29851385951042175,0.7734977002531633,0.002962962962962963,0.008888888888888889,0.016296296296296295,0.0,0.002962962962962963,0.0044444444444444444,zho_hans-rus_cyrl,zho_hans,rus_cyrl,flores+opus+tatoeba+bouquet,1000mb,7,2699,675,8.45,,,,,,,
procrustes,0.048310890793800354,0.06415870040655136,0.7734977048683173,0.92,0.9762962962962963,0.9851851851851852,0.8311111111111111,0.9377777777777778,0.96,zho_hans-rus_cyrl,zho_hans,rus_cyrl,flores+opus+tatoeba+bouquet,1000mb,7,2699,675,8.45,,,,,,,
affine,0.023929158225655556,0.04842793196439743,0.762298621691319,0.8844444444444445,0.9674074074074074,0.9851851851851852,0.7525925925925926,0.9037037037037037,0.9437037037037037,zho_hans-rus_cyrl,zho_hans,rus_cyrl,flores+opus+tatoeba+bouquet,1000mb,7,2699,675,8.45,,,,,,,
ridge,0.030221331864595413,0.03780706599354744,0.801153371809481,0.8814814814814815,0.965925925925926,0.9837037037037037,0.7496296296296296,0.8948148148148148,0.9318518518518518,zho_hans-rus_cyrl,zho_hans,rus_cyrl,flores+opus+tatoeba+bouquet,1000mb,7,2699,675,8.45,100.0,,,,,,
mlp,0.0324428528547287,0.0383918322622776,0.7978970301674365,0.8237037037037037,0.9525925925925925,0.9688888888888889,0.6725925925925926,0.8503703703703703,0.9066666666666666,zho_hans-rus_cyrl,zho_hans,rus_cyrl,flores+opus+tatoeba+bouquet,1000mb,7,2699,675,8.45,,0.031683009019807765,0.040101032704114914,0.03838850557804108,0.039938993752002716,144.0,165.0
identity,0.39411461353302,0.39609870314598083,0.7817102458859818,0.002962962962962963,0.01037037037037037,0.016296296296296295,0.0014814814814814814,0.0044444444444444444,0.005925925925925926,zho_hans-rus_cyrl,zho_hans,rus_cyrl,flores+opus+tatoeba+bouquet,1000mb,8,2699,675,7.45,,,,,,,
procrustes,0.07020997256040573,0.09274027496576309,0.7817102469337281,0.9407407407407408,0.9807407407407407,0.9925925925925926,0.8592592592592593,0.9525925925925925,0.9688888888888889,zho_hans-rus_cyrl,zho_hans,rus_cyrl,flores+opus+tatoeba+bouquet,1000mb,8,2699,675,7.45,,,,,,,
affine,0.030768152326345444,0.06201455742120743,0.7712497663949148,0.9022222222222223,0.9703703703703703,0.9837037037037037,0.7659259259259259,0.92,0.9496296296296296,zho_hans-rus_cyrl,zho_hans,rus_cyrl,flores+opus+tatoeba+bouquet,1000mb,8,2699,675,7.45,,,,,,,
ridge,0.037206508219242096,0.04898161441087723,0.8066203979429887,0.9037037037037037,0.9733333333333334,0.9866666666666667,0.7881481481481482,0.9185185185185185,0.9437037037037037,zho_hans-rus_cyrl,zho_hans,rus_cyrl,flores+opus+tatoeba+bouquet,1000mb,8,2699,675,7.45,100.0,,,,,,
mlp,0.03891655057668686,0.04900888726115227,0.80814796264092,0.8725925925925926,0.9674074074074074,0.9822222222222222,0.7496296296296296,0.8933333333333333,0.9288888888888889,zho_hans-rus_cyrl,zho_hans,rus_cyrl,flores+opus+tatoeba+bouquet,1000mb,8,2699,675,7.45,,0.037687114783023536,0.04897397756576538,0.04905315488576889,0.04891552776098251,115.0,136.0
identity,0.5662713646888733,0.5693976879119873,0.7781933447805661,0.0044444444444444444,0.013333333333333334,0.01925925925925926,0.0,0.002962962962962963,0.0044444444444444444,zho_hans-rus_cyrl,zho_hans,rus_cyrl,flores+opus+tatoeba+bouquet,1000mb,9,2699,675,7.01,,,,,,,
procrustes,0.10981249064207077,0.14397744834423065,0.7781933413031682,0.9362962962962963,0.9822222222222222,0.9955555555555555,0.845925925925926,0.9496296296296296,0.9688888888888889,zho_hans-rus_cyrl,zho_hans,rus_cyrl,flores+opus+tatoeba+bouquet,1000mb,9,2699,675,7.01,,,,,,,
affine,0.04778967797756195,0.09663815796375275,0.7680445392381687,0.9081481481481481,0.9733333333333334,0.9851851851851852,0.7718518518518519,0.9214814814814815,0.9511111111111111,zho_hans-rus_cyrl,zho_hans,rus_cyrl,flores+opus+tatoeba+bouquet,1000mb,9,2699,675,7.01,,,,,,,
ridge,0.05574657768011093,0.07732009887695312,0.8010855757510236,0.9022222222222223,0.9718518518518519,0.9822222222222222,0.7659259259259259,0.9185185185185185,0.9422222222222222,zho_hans-rus_cyrl,zho_hans,rus_cyrl,flores+opus+tatoeba+bouquet,1000mb,9,2699,675,7.01,100.0,,,,,,
mlp,0.05641881376504898,0.0771237388253212,0.7993346907819859,0.8814814814814815,0.9703703703703703,0.9851851851851852,0.725925925925926,0.8977777777777778,0.9318518518518518,zho_hans-rus_cyrl,zho_hans,rus_cyrl,flores+opus+tatoeba+bouquet,1000mb,9,2699,675,7.01,,0.05346503677336793,0.07519830018281937,0.07720567286014557,0.07496245950460434,103.0,124.0
identity,0.8511249423027039,0.8558750748634338,0.7734191695130794,0.0014814814814814814,0.013333333333333334,0.017777777777777778,0.0014814814814814814,0.0014814814814814814,0.0014814814814814814,zho_hans-rus_cyrl,zho_hans,rus_cyrl,flores+opus+tatoeba+bouquet,1000mb,10,2699,675,6.09,,,,,,,
procrustes,0.16325511038303375,0.21268506348133087,0.7734191722615334,0.9185185185185185,0.9792592592592593,0.9866666666666667,0.8237037037037037,0.9422222222222222,0.9585185185185185,zho_hans-rus_cyrl,zho_hans,rus_cyrl,flores+opus+tatoeba+bouquet,1000mb,10,2699,675,6.09,,,,,,,
affine,0.07321824878454208,0.14832407236099243,0.768571254661555,0.8696296296296296,0.965925925925926,0.9822222222222222,0.7303703703703703,0.8962962962962963,0.9377777777777778,zho_hans-rus_cyrl,zho_hans,rus_cyrl,flores+opus+tatoeba+bouquet,1000mb,10,2699,675,6.09,,,,,,,
ridge,0.08282825350761414,0.11997835338115692,0.8008206119561341,0.8666666666666667,0.965925925925926,0.9792592592592593,0.7348148148148148,0.8977777777777778,0.9451851851851852,zho_hans-rus_cyrl,zho_hans,rus_cyrl,flores+opus+tatoeba+bouquet,1000mb,10,2699,675,6.09,100.0,,,,,,
mlp,0.08630843460559845,0.1192241832613945,0.8001216811153196,0.8488888888888889,0.9555555555555556,0.9792592592592593,0.6977777777777778,0.8696296296296296,0.914074074074074,zho_hans-rus_cyrl,zho_hans,rus_cyrl,flores+opus+tatoeba+bouquet,1000mb,10,2699,675,6.09,,0.07948062000306029,0.12046343088150024,0.11935559660196304,0.12008631229400635,76.0,97.0
identity,1.2561551332473755,1.2664210796356201,0.7637468530489437,0.002962962962962963,0.008888888888888889,0.013333333333333334,0.0,0.0014814814814814814,0.0014814814814814814,zho_hans-rus_cyrl,zho_hans,rus_cyrl,flores+opus+tatoeba+bouquet,1000mb,11,2699,675,5.73,,,,,,,
procrustes,0.22691409289836884,0.2919009327888489,0.7637468515598834,0.8977777777777778,0.9674074074074074,0.9792592592592593,0.7659259259259259,0.922962962962963,0.9407407407407408,zho_hans-rus_cyrl,zho_hans,rus_cyrl,flores+opus+tatoeba+bouquet,1000mb,11,2699,675,5.73,,,,,,,
affine,0.09929265826940536,0.20000118017196655,0.7615442193345521,0.8429629629629629,0.957037037037037,0.9718518518518519,0.6711111111111111,0.8696296296296296,0.9214814814814815,zho_hans-rus_cyrl,zho_hans,rus_cyrl,flores+opus+tatoeba+bouquet,1000mb,11,2699,675,5.73,,,,,,,
ridge,0.13685159385204315,0.16015303134918213,0.7965943220096612,0.7525925925925926,0.9007407407407407,0.9451851851851852,0.5688888888888889,0.7703703703703704,0.8488888888888889,zho_hans-rus_cyrl,zho_hans,rus_cyrl,flores+opus+tatoeba+bouquet,1000mb,11,2699,675,5.73,1000.0,,,,,,
mlp,0.1183186024427414,0.16262589395046234,0.7969489438366031,0.7985185185185185,0.9377777777777778,0.9674074074074074,0.6370370370370371,0.8325925925925926,0.8918518518518519,zho_hans-rus_cyrl,zho_hans,rus_cyrl,flores+opus+tatoeba+bouquet,1000mb,11,2699,675,5.73,,0.10784997183241342,0.16238409280776978,0.1630578488111496,0.16190074384212494,66.0,87.0
identity,2.3662984371185303,2.365813732147217,0.763384331270063,0.0014814814814814814,0.01037037037037037,0.011851851851851851,0.0,0.0014814814814814814,0.0014814814814814814,zho_hans-rus_cyrl,zho_hans,rus_cyrl,flores+opus+tatoeba+bouquet,1000mb,12,2699,675,5.11,,,,,,,
procrustes,0.5337060689926147,0.6970593333244324,0.7633843322098495,0.8859259259259259,0.965925925925926,0.9866666666666667,0.7644444444444445,0.9125925925925926,0.9437037037037037,zho_hans-rus_cyrl,zho_hans,rus_cyrl,flores+opus+tatoeba+bouquet,1000mb,12,2699,675,5.11,,,,,,,
affine,0.26715677976608276,0.5302035212516785,0.7527459524564519,0.8607407407407407,0.9688888888888889,0.9777777777777777,0.6948148148148148,0.8918518518518519,0.9259259259259259,zho_hans-rus_cyrl,zho_hans,rus_cyrl,flores+opus+tatoeba+bouquet,1000mb,12,2699,675,5.11,,,,,,,
ridge,0.3331146538257599,0.41801682114601135,0.7924538814201172,0.8325925925925926,0.957037037037037,0.9718518518518519,0.6785185185185185,0.8666666666666667,0.9125925925925926,zho_hans-rus_cyrl,zho_hans,rus_cyrl,flores+opus+tatoeba+bouquet,1000mb,12,2699,675,5.11,1000.0,,,,,,
mlp,0.32650116086006165,0.43437424302101135,0.791047316382623,0.8281481481481482,0.9511111111111111,0.9733333333333334,0.6533333333333333,0.8622222222222222,0.9081481481481481,zho_hans-rus_cyrl,zho_hans,rus_cyrl,flores+opus+tatoeba+bouquet,1000mb,12,2699,675,5.11,,0.291199549248344,0.4401293992996216,0.43582883477211,0.4381759464740753,48.0,69.0
identity,0.00017119046242441982,0.0001697746483841911,0.7341779437836067,0.006546644844517185,0.02618657937806874,0.05237315875613748,0.0,0.004909983633387889,0.011456628477905073,zho_hans-deu_latn,zho_hans,deu_latn,flores+opus+tatoeba+bouquet,1000mb,0,2440,611,5.82,,,,,,,
procrustes,5.320627678884193e-05,7.657382229808718e-05,0.7341779402641644,0.574468085106383,0.7757774140752864,0.839607201309329,0.3862520458265139,0.6121112929623568,0.6873977086743044,zho_hans-deu_latn,zho_hans,deu_latn,flores+opus+tatoeba+bouquet,1000mb,0,2440,611,5.82,,,,,,,
affine,2.412799403828103e-05,5.31508558196947e-05,0.7105773531880561,0.32733224222585927,0.5122749590834698,0.5941080196399345,0.18003273322422259,0.35515548281505727,0.41898527004909986,zho_hans-deu_latn,zho_hans,deu_latn,flores+opus+tatoeba+bouquet,1000mb,0,2440,611,5.82,,,,,,,
ridge,2.9751538022537716e-05,3.9066042518243194e-05,0.7641099669245927,0.29296235679214405,0.46153846153846156,0.5695581014729951,0.14566284779050737,0.2945990180032733,0.35515548281505727,zho_hans-deu_latn,zho_hans,deu_latn,flores+opus+tatoeba+bouquet,1000mb,0,2440,611,5.82,0.1,,,,,,
mlp,5.583681559073739e-05,5.4927339078858495e-05,0.6336950418718469,0.0016366612111292963,0.008183306055646482,0.016366612111292964,0.0,0.0016366612111292963,0.0032733224222585926,zho_hans-deu_latn,zho_hans,deu_latn,flores+opus+tatoeba+bouquet,1000mb,0,2440,611,5.82,,5.6067804377692353e-05,5.462933404487558e-05,5.4941134294494987e-05,5.4614200053038076e-05,81.0,102.0
identity,0.03780657798051834,0.037553898990154266,0.757384151509007,0.004909983633387889,0.016366612111292964,0.03764320785597381,0.0016366612111292963,0.004909983633387889,0.009819967266775777,zho_hans-deu_latn,zho_hans,deu_latn,flores+opus+tatoeba+bouquet,1000mb,1,2440,611,3.85,,,,,,,
procrustes,0.0055434065870940685,0.007011003792285919,0.7573841485167409,0.7937806873977087,0.9312602291325696,0.9607201309328969,0.6219312602291326,0.8346972176759411,0.88379705400982,zho_hans-deu_latn,zho_hans,deu_latn,flores+opus+tatoeba+bouquet,1000mb,1,2440,611,3.85,,,,,,,
affine,0.0023644634056836367,0.005170396529138088,0.7417082762281064,0.6088379705400983,0.7823240589198036,0.8576104746317512,0.3911620294599018,0.6333878887070377,0.7086743044189853,zho_hans-deu_latn,zho_hans,deu_latn,flores+opus+tatoeba+bouquet,1000mb,1,2440,611,3.85,,,,,,,
ridge,0.003215010743588209,0.0038353418931365013,0.7808179768601343,0.5253682487725041,0.7463175122749591,0.8314238952536824,0.32569558101472995,0.5384615384615384,0.6268412438625205,zho_hans-deu_latn,zho_hans,deu_latn,flores+opus+tatoeba+bouquet,1000mb,1,2440,611,3.85,10.0,,,,,,
mlp,0.004590017721056938,0.0045712231658399105,0.7364008152504237,0.057283142389525366,0.15875613747954173,0.23076923076923078,0.016366612111292964,0.05237315875613748,0.0867430441898527,zho_hans-deu_latn,zho_hans,deu_latn,flores+opus+tatoeba+bouquet,1000mb,1,2440,611,3.85,,0.004582186069871698,0.0048888074234128,0.0045663053169846535,0.004879068583250046,23.0,44.0
identity,0.08683080971240997,0.08592317253351212,0.7933010493010096,0.0016366612111292963,0.008183306055646482,0.024549918166939442,0.0,0.0016366612111292963,0.0016366612111292963,zho_hans-deu_latn,zho_hans,deu_latn,flores+opus+tatoeba+bouquet,1000mb,2,2440,611,5.41,,,,,,,
procrustes,0.00910637341439724,0.011257801204919815,0.7933010522962896,0.8412438625204582,0.9427168576104746,0.9590834697217676,0.6955810147299509,0.8772504091653028,0.9018003273322422,zho_hans-deu_latn,zho_hans,deu_latn,flores+opus+tatoeba+bouquet,1000mb,2,2440,611,5.41,,,,,,,
affine,0.0034330065827816725,0.007458514999598265,0.7848639417410324,0.6923076923076923,0.8707037643207856,0.9214402618657938,0.5122749590834698,0.723404255319149,0.7774140752864157,zho_hans-deu_latn,zho_hans,deu_latn,flores+opus+tatoeba+bouquet,1000mb,2,2440,611,5.41,,,,,,,
ridge,0.004484117962419987,0.0056082140654325485,0.8207682728846236,0.6563011456628478,0.8592471358428805,0.9018003273322422,0.46153846153846156,0.6972176759410802,0.7741407528641571,zho_hans-deu_latn,zho_hans,deu_latn,flores+opus+tatoeba+bouquet,1000mb,2,2440,611,5.41,10.0,,,,,,
mlp,0.0063431779853999615,0.0063334680162370205,0.8088684687436084,0.1751227495908347,0.37643207855973815,0.49754500818330605,0.07037643207855974,0.18166939443535188,0.24713584288052373,zho_hans-deu_latn,zho_hans,deu_latn,flores+opus+tatoeba+bouquet,1000mb,2,2440,611,5.41,,0.006263025597270046,0.007362095173448324,0.00634239474311471,0.00733387004584074,71.0,92.0
identity,0.12907151877880096,0.12764202058315277,0.7772368928859757,0.0016366612111292963,0.009819967266775777,0.01800327332242226,0.0016366612111292963,0.0016366612111292963,0.0032733224222585926,zho_hans-deu_latn,zho_hans,deu_latn,flores+opus+tatoeba+bouquet,1000mb,3,2440,611,5.41,,,,,,,
procrustes,0.015399686060845852,0.019151967018842697,0.7772368905724553,0.8707037643207856,0.9590834697217676,0.9770867430441899,0.7250409165302782,0.8968903436988543,0.9247135842880524,zho_hans-deu_latn,zho_hans,deu_latn,flores+opus+tatoeba+bouquet,1000mb,3,2440,611,5.41,,,,,,,
affine,0.005537032149732113,0.012005465105175972,0.7707605408973084,0.7184942716857611,0.9050736497545008,0.9443535188216039,0.5270049099836334,0.7577741407528642,0.8412438625204582,zho_hans-deu_latn,zho_hans,deu_latn,flores+opus+tatoeba+bouquet,1000mb,3,2440,611,5.41,,,,,,,
ridge,0.00830621737986803,0.009101825766265392,0.8042611978709664,0.6055646481178396,0.8281505728314239,0.8788870703764321,0.397708674304419,0.6415711947626841,0.7315875613747954,zho_hans-deu_latn,zho_hans,deu_latn,flores+opus+tatoeba+bouquet,1000mb,3,2440,611,5.41,100.0,,,,,,
mlp,0.00951186753809452,0.009769207797944546,0.8010373907281162,0.36824877250409166,0.6579378068739771,0.7610474631751227,0.19476268412438624,0.4075286415711948,0.5122749590834698,zho_hans-deu_latn,zho_hans,deu_latn,flores+opus+tatoeba+bouquet,1000mb,3,2440,611,5.41,,0.009469412320426532,0.010408878326416016,0.009792967699468136,0.010400922037661076,71.0,92.0
identity,0.16913706064224243,0.16682010889053345,0.77196090744104,0.004909983633387889,0.014729950900163666,0.02127659574468085,0.0,0.004909983633387889,0.008183306055646482,zho_hans-deu_latn,zho_hans,deu_latn,flores+opus+tatoeba+bouquet,1000mb,4,2440,611,7.5,,,,,,,
procrustes,0.022454306483268738,0.028515463694930077,0.7719609026620476,0.8739770867430442,0.9689034369885434,0.983633387888707,0.7561374795417348,0.9050736497545008,0.9410801963993454,zho_hans-deu_latn,zho_hans,deu_latn,flores+opus+tatoeba+bouquet,1000mb,4,2440,611,7.5,,,,,,,
affine,0.00861241202801466,0.01866154931485653,0.7665071584065971,0.7741407528641571,0.9198036006546645,0.9443535188216039,0.5908346972176759,0.8085106382978723,0.8608837970540099,zho_hans-deu_latn,zho_hans,deu_latn,flores+opus+tatoeba+bouquet,1000mb,4,2440,611,7.5,,,,,,,
ridge,0.012361451052129269,0.014038938097655773,0.7975879904552735,0.6939443535188216,0.8887070376432079,0.9328968903436988,0.5155482815057283,0.7446808510638298,0.8183306055646481,zho_hans-deu_latn,zho_hans,deu_latn,flores+opus+tatoeba+bouquet,1000mb,4,2440,611,7.5,100.0,,,,,,
mlp,0.013904438354074955,0.01473255455493927,0.7991393012901711,0.5400981996726678,0.7872340425531915,0.8625204582651391,0.34206219312602293,0.5810147299509002,0.6710310965630114,zho_hans-deu_latn,zho_hans,deu_latn,flores+opus+tatoeba+bouquet,1000mb,4,2440,611,7.5,,0.013941753841936588,0.014515012502670288,0.014745109714567661,0.014493920840322971,136.0,157.0
identity,0.20975275337696075,0.2069077342748642,0.7630547229964293,0.006546644844517185,0.014729950900163666,0.024549918166939442,0.0016366612111292963,0.0032733224222585926,0.006546644844517185,zho_hans-deu_latn,zho_hans,deu_latn,flores+opus+tatoeba+bouquet,1000mb,5,2440,611,5.7,,,,,,,
procrustes,0.028308261185884476,0.03689536452293396,0.7630547255771953,0.8919803600654664,0.9770867430441899,0.9901800327332242,0.7774140752864157,0.9214402618657938,0.9509001636661211,zho_hans-deu_latn,zho_hans,deu_latn,flores+opus+tatoeba+bouquet,1000mb,5,2440,611,5.7,,,,,,,
affine,0.01325211115181446,0.02876901440322399,0.7541182106008129,0.8183306055646481,0.9410801963993454,0.9689034369885434,0.6399345335515548,0.8363338788870703,0.8887070376432079,zho_hans-deu_latn,zho_hans,deu_latn,flores+opus+tatoeba+bouquet,1000mb,5,2440,611,5.7,,,,,,,
ridge,0.01862260513007641,0.02160438895225525,0.7847044356283197,0.7463175122749591,0.9181669394435352,0.955810147299509,0.5842880523731587,0.8085106382978723,0.855973813420622,zho_hans-deu_latn,zho_hans,deu_latn,flores+opus+tatoeba+bouquet,1000mb,5,2440,611,5.7,100.0,,,,,,
mlp,0.02080005593597889,0.022420736029744148,0.7846977251338677,0.630114566284779,0.8576104746317512,0.9198036006546645,0.44353518821603927,0.690671031096563,0.7741407528641571,zho_hans-deu_latn,zho_hans,deu_latn,flores+opus+tatoeba+bouquet,1000mb,5,2440,611,5.7,,0.020601227560213636,0.02331712283194065,0.022466186434030533,0.02321920171380043,80.0,101.0
identity,0.24996298551559448,0.24645397067070007,0.7527551332056374,0.006546644844517185,0.019639934533551555,0.03273322422258593,0.0016366612111292963,0.004909983633387889,0.01309328968903437,zho_hans-deu_latn,zho_hans,deu_latn,flores+opus+tatoeba+bouquet,1000mb,6,2440,611,8.46,,,,,,,
procrustes,0.035747870802879333,0.04776635766029358,0.7527551296451399,0.8968903436988543,0.983633387888707,0.9901800327332242,0.7741407528641571,0.9181669394435352,0.9607201309328969,zho_hans-deu_latn,zho_hans,deu_latn,flores+opus+tatoeba+bouquet,1000mb,6,2440,611,8.46,,,,,,,
affine,0.018541395664215088,0.04034750536084175,0.7425886332484644,0.8265139116202946,0.9492635024549918,0.9738134206219312,0.6693944353518821,0.8608837970540099,0.9050736497545008,zho_hans-deu_latn,zho_hans,deu_latn,flores+opus+tatoeba+bouquet,1000mb,6,2440,611,8.46,,,,,,,
ridge,0.025262461975216866,0.03003706783056259,0.7812481930373891,0.79050736497545,0.9361702127659575,0.967266775777414,0.6382978723404256,0.8346972176759411,0.8887070376432079,zho_hans-deu_latn,zho_hans,deu_latn,flores+opus+tatoeba+bouquet,1000mb,6,2440,611,8.46,100.0,,,,,,
mlp,0.02738959901034832,0.03073844313621521,0.781630843156121,0.7201309328968903,0.9034369885433715,0.9410801963993454,0.5155482815057283,0.7594108019639935,0.8346972176759411,zho_hans-deu_latn,zho_hans,deu_latn,flores+opus+tatoeba+bouquet,1000mb,6,2440,611,8.46,,0.026894622296094895,0.03217387944459915,0.030696097761392593,0.032149214297533035,165.0,186.0
identity,0.3174116313457489,0.3137638568878174,0.7531277543091609,0.004909983633387889,0.01309328968903437,0.02127659574468085,0.0032733224222585926,0.004909983633387889,0.008183306055646482,zho_hans-deu_latn,zho_hans,deu_latn,flores+opus+tatoeba+bouquet,1000mb,7,2440,611,7.12,,,,,,,
procrustes,0.05044890567660332,0.06789356470108032,0.7531277545774959,0.9083469721767594,0.9869067103109657,0.9934533551554828,0.7921440261865794,0.9378068739770867,0.9590834697217676,zho_hans-deu_latn,zho_hans,deu_latn,flores+opus+tatoeba+bouquet,1000mb,7,2440,611,7.12,,,,,,,
affine,0.025872953236103058,0.0557221956551075,0.7408866633671267,0.839607201309329,0.9525368248772504,0.9738134206219312,0.6890343698854338,0.8788870703764321,0.9181669394435352,zho_hans-deu_latn,zho_hans,deu_latn,flores+opus+tatoeba+bouquet,1000mb,7,2440,611,7.12,,,,,,,
ridge,0.03376951068639755,0.041847024112939835,0.7803089984167746,0.8363338788870703,0.955810147299509,0.9787234042553191,0.6988543371522095,0.8690671031096563,0.9034369885433715,zho_hans-deu_latn,zho_hans,deu_latn,flores+opus+tatoeba+bouquet,1000mb,7,2440,611,7.12,100.0,,,,,,
mlp,0.03589704632759094,0.04240215942263603,0.7800612857166189,0.7921440261865794,0.9279869067103109,0.9705400981996727,0.6104746317512275,0.8281505728314239,0.8657937806873978,zho_hans-deu_latn,zho_hans,deu_latn,flores+opus+tatoeba+bouquet,1000mb,7,2440,611,7.12,,0.035088217897074565,0.04239392653107643,0.04234218969941139,0.04231800511479378,124.0,145.0
identity,0.42908620834350586,0.42578092217445374,0.7613323548379984,0.0016366612111292963,0.01309328968903437,0.031096563011456628,0.0,0.0032733224222585926,0.006546644844517185,zho_hans-deu_latn,zho_hans,deu_latn,flores+opus+tatoeba+bouquet,1000mb,8,2440,611,6.47,,,,,,,
procrustes,0.07724901288747787,0.10350550711154938,0.7613323487842282,0.9296235679214403,0.9885433715220949,0.9967266775777414,0.823240589198036,0.939443535188216,0.9607201309328969,zho_hans-deu_latn,zho_hans,deu_latn,flores+opus+tatoeba+bouquet,1000mb,8,2440,611,6.47,,,,,,,
affine,0.03832288831472397,0.08189287781715393,0.7489701286727933,0.8788870703764321,0.972176759410802,0.983633387888707,0.7250409165302782,0.9018003273322422,0.9345335515548282,zho_hans-deu_latn,zho_hans,deu_latn,flores+opus+tatoeba+bouquet,1000mb,8,2440,611,6.47,,,,,,,
ridge,0.047715023159980774,0.062152016907930374,0.7863168635735924,0.8723404255319149,0.9770867430441899,0.9852700490998363,0.7495908346972177,0.8985270049099836,0.9361702127659575,zho_hans-deu_latn,zho_hans,deu_latn,flores+opus+tatoeba+bouquet,1000mb,8,2440,611,6.47,100.0,,,,,,
mlp,0.04926767945289612,0.06243541091680527,0.7858078766707384,0.839607201309329,0.955810147299509,0.9852700490998363,0.6923076923076923,0.8707037643207856,0.911620294599018,zho_hans-deu_latn,zho_hans,deu_latn,flores+opus+tatoeba+bouquet,1000mb,8,2440,611,6.47,,0.04715794388736997,0.06297298520803452,0.06242378056049347,0.06276484578847885,105.0,126.0
identity,0.6025816202163696,0.600166916847229,0.7692104757350925,0.0,0.014729950900163666,0.03436988543371522,0.0,0.0032733224222585926,0.006546644844517185,zho_hans-deu_latn,zho_hans,deu_latn,flores+opus+tatoeba+bouquet,1000mb,9,2440,611,6.24,,,,,,,
procrustes,0.11228321492671967,0.1490727812051773,0.7692104728382073,0.9427168576104746,0.9901800327332242,0.9983633387888707,0.8428805237315876,0.9476268412438625,0.9656301145662848,zho_hans-deu_latn,zho_hans,deu_latn,flores+opus+tatoeba+bouquet,1000mb,9,2440,611,6.24,,,,,,,
affine,0.05069705471396446,0.10862066596746445,0.75466286833714,0.8985270049099836,0.967266775777414,0.9885433715220949,0.7463175122749591,0.9198036006546645,0.9427168576104746,zho_hans-deu_latn,zho_hans,deu_latn,flores+opus+tatoeba+bouquet,1000mb,9,2440,611,6.24,,,,,,,
ridge,0.060852084308862686,0.0832972303032875,0.7945914884985048,0.9067103109656302,0.9770867430441899,0.9901800327332242,0.7692307692307693,0.9165302782324058,0.9509001636661211,zho_hans-deu_latn,zho_hans,deu_latn,flores+opus+tatoeba+bouquet,1000mb,9,2440,611,6.24,100.0,,,,,,
mlp,0.062014929950237274,0.08306531608104706,0.7951520233848215,0.8821603927986906,0.972176759410802,0.9885433715220949,0.7381342062193126,0.8936170212765957,0.9427168576104746,zho_hans-deu_latn,zho_hans,deu_latn,flores+opus+tatoeba+bouquet,1000mb,9,2440,611,6.24,,0.05821816804153579,0.08485902100801468,0.08307217806577682,0.08470211178064346,98.0,119.0
identity,0.8904629349708557,0.8882300853729248,0.7662717146366083,0.0016366612111292963,0.011456628477905073,0.022913256955810146,0.0,0.0032733224222585926,0.006546644844517185,zho_hans-deu_latn,zho_hans,deu_latn,flores+opus+tatoeba+bouquet,1000mb,10,2440,611,5.29,,,,,,,
procrustes,0.16479842364788055,0.2164769023656845,0.7662717122823343,0.9427168576104746,0.9885433715220949,0.9967266775777414,0.8085106382978723,0.9476268412438625,0.9656301145662848,zho_hans-deu_latn,zho_hans,deu_latn,flores+opus+tatoeba+bouquet,1000mb,10,2440,611,5.29,,,,,,,
affine,0.07341539859771729,0.15738606452941895,0.7542550407574299,0.8968903436988543,0.972176759410802,0.9918166939443536,0.7103109656301145,0.9067103109656302,0.9427168576104746,zho_hans-deu_latn,zho_hans,deu_latn,flores+opus+tatoeba+bouquet,1000mb,10,2440,611,5.29,,,,,,,
ridge,0.10834581404924393,0.12158568203449249,0.7835776848920926,0.795417348608838,0.9427168576104746,0.9738134206219312,0.5859247135842881,0.823240589198036,0.8739770867430442,zho_hans-deu_latn,zho_hans,deu_latn,flores+opus+tatoeba+bouquet,1000mb,10,2440,611,5.29,1000.0,,,,,,
mlp,0.09138649702072144,0.12176655977964401,0.7915056970378717,0.8739770867430442,0.9738134206219312,0.9852700490998363,0.6693944353518821,0.8821603927986906,0.9279869067103109,zho_hans-deu_latn,zho_hans,deu_latn,flores+opus+tatoeba+bouquet,1000mb,10,2440,611,5.29,,0.08386868408748081,0.12270621955394745,0.12186913937330246,0.12241505086421967,68.0,89.0
identity,1.2927048206329346,1.2924035787582397,0.7545497729148224,0.0016366612111292963,0.006546644844517185,0.02618657937806874,0.0,0.0016366612111292963,0.004909983633387889,zho_hans-deu_latn,zho_hans,deu_latn,flores+opus+tatoeba+bouquet,1000mb,11,2440,611,5.33,,,,,,,
procrustes,0.2344576120376587,0.3038252890110016,0.7545497746463216,0.9083469721767594,0.9803600654664485,0.9950900163666121,0.7528641571194763,0.9296235679214403,0.9541734860883797,zho_hans-deu_latn,zho_hans,deu_latn,flores+opus+tatoeba+bouquet,1000mb,11,2440,611,5.33,,,,,,,
affine,0.10145599395036697,0.21675480902194977,0.7477919262139541,0.8756137479541735,0.967266775777414,0.9869067103109657,0.67430441898527,0.8788870703764321,0.9312602291325696,zho_hans-deu_latn,zho_hans,deu_latn,flores+opus+tatoeba+bouquet,1000mb,11,2440,611,5.33,,,,,,,
ridge,0.14519236981868744,0.16691090166568756,0.7810263926710309,0.7528641571194763,0.9263502454991817,0.9623567921440261,0.5351882160392799,0.7774140752864157,0.8477905073649754,zho_hans-deu_latn,zho_hans,deu_latn,flores+opus+tatoeba+bouquet,1000mb,11,2440,611,5.33,1000.0,,,,,,
mlp,0.12341473996639252,0.1698959469795227,0.7860592697799015,0.8330605564648118,0.9590834697217676,0.9738134206219312,0.6170212765957447,0.8461538461538461,0.9099836333878887,zho_hans-deu_latn,zho_hans,deu_latn,flores+opus+tatoeba+bouquet,1000mb,11,2440,611,5.33,,0.11147890644414084,0.17507104575634003,0.17024976015090942,0.17431463301181793,69.0,90.0
identity,2.558701515197754,2.565314769744873,0.7528295325964285,0.0016366612111292963,0.011456628477905073,0.02127659574468085,0.0,0.0016366612111292963,0.0032733224222585926,zho_hans-deu_latn,zho_hans,deu_latn,flores+opus+tatoeba+bouquet,1000mb,12,2440,611,4.76,,,,,,,
procrustes,0.5256871581077576,0.7049813866615295,0.7528295310095707,0.8968903436988543,0.983633387888707,0.9918166939443536,0.7397708674304418,0.9214402618657938,0.9574468085106383,zho_hans-deu_latn,zho_hans,deu_latn,flores+opus+tatoeba+bouquet,1000mb,12,2440,611,4.76,,,,,,,
affine,0.2747494578361511,0.5837655663490295,0.7393962211162348,0.8543371522094927,0.972176759410802,0.9918166939443536,0.6513911620294599,0.88379705400982,0.9279869067103109,zho_hans-deu_latn,zho_hans,deu_latn,flores+opus+tatoeba+bouquet,1000mb,12,2440,611,4.76,,,,,,,
ridge,0.35398438572883606,0.44317594170570374,0.7788984190324466,0.8101472995090017,0.9509001636661211,0.9770867430441899,0.6252045826513911,0.851063829787234,0.8903436988543372,zho_hans-deu_latn,zho_hans,deu_latn,flores+opus+tatoeba+bouquet,1000mb,12,2440,611,4.76,1000.0,,,,,,
mlp,0.3464699387550354,0.4610077142715454,0.7794428426519249,0.8265139116202946,0.9541734860883797,0.9787234042553191,0.613747954173486,0.8494271685761048,0.9034369885433715,zho_hans-deu_latn,zho_hans,deu_latn,flores+opus+tatoeba+bouquet,1000mb,12,2440,611,4.76,,0.3078279503754207,0.47268933057785034,0.46264663338661194,0.46990782022476196,51.0,72.0
identity,0.00018598766473587602,0.00018307748541701585,0.7468100745485707,0.0,0.027923211169284468,0.04886561954624782,0.0,0.0017452006980802793,0.006980802792321117,zho_hans-jpn_jpan,zho_hans,jpn_jpan,flores+opus+tatoeba+bouquet,1000mb,0,2290,573,4.51,,,,,,,
procrustes,5.321833668858744e-05,8.094796794466674e-05,0.746810071645085,0.6335078534031413,0.8254799301919721,0.8778359511343804,0.40663176265270506,0.6282722513089005,0.7102966841186736,zho_hans-jpn_jpan,zho_hans,jpn_jpan,flores+opus+tatoeba+bouquet,1000mb,0,2290,573,4.51,,,,,,,
affine,2.7574340492719784e-05,6.47703927825205e-05,0.7404579319550018,0.4537521815008726,0.680628272251309,0.7678883071553229,0.24083769633507854,0.43804537521815007,0.5340314136125655,zho_hans-jpn_jpan,zho_hans,jpn_jpan,flores+opus+tatoeba+bouquet,1000mb,0,2290,573,4.51,,,,,,,
ridge,3.467697752057575e-05,4.628200986189768e-05,0.7942955368418543,0.4223385689354276,0.6335078534031413,0.7155322862129145,0.225130890052356,0.3961605584642234,0.4869109947643979,zho_hans-jpn_jpan,zho_hans,jpn_jpan,flores+opus+tatoeba+bouquet,1000mb,0,2290,573,4.51,0.1,,,,,,
mlp,6.684290565317497e-05,6.602916255360469e-05,0.646028695202713,0.0017452006980802793,0.008726003490401396,0.017452006980802792,0.0017452006980802793,0.0017452006980802793,0.0017452006980802793,zho_hans-jpn_jpan,zho_hans,jpn_jpan,flores+opus+tatoeba+bouquet,1000mb,0,2290,573,4.51,,6.68207385663691e-05,6.810892227804288e-05,6.604827649425715e-05,6.807015597587451e-05,50.0,71.0
identity,0.035611581057310104,0.03546855226159096,0.7407085172002467,0.0017452006980802793,0.017452006980802792,0.031413612565445025,0.0,0.0,0.005235602094240838,zho_hans-jpn_jpan,zho_hans,jpn_jpan,flores+opus+tatoeba+bouquet,1000mb,1,2290,573,4.37,,,,,,,
procrustes,0.005759191233664751,0.007631881162524223,0.7407085162487284,0.8324607329842932,0.9476439790575916,0.9703315881326352,0.6404886561954625,0.8481675392670157,0.900523560209424,zho_hans-jpn_jpan,zho_hans,jpn_jpan,flores+opus+tatoeba+bouquet,1000mb,1,2290,573,4.37,,,,,,,
affine,0.0027926163747906685,0.006624575238674879,0.7103315282728317,0.6893542757417103,0.8656195462478184,0.9057591623036649,0.462478184991274,0.7068062827225131,0.7731239092495636,zho_hans-jpn_jpan,zho_hans,jpn_jpan,flores+opus+tatoeba+bouquet,1000mb,1,2290,573,4.37,,,,,,,
ridge,0.003876367351040244,0.004784101154655218,0.7641922468598809,0.6631762652705061,0.8534031413612565,0.9162303664921466,0.4467713787085515,0.6736474694589878,0.7609075043630017,zho_hans-jpn_jpan,zho_hans,jpn_jpan,flores+opus+tatoeba+bouquet,1000mb,1,2290,573,4.37,10.0,,,,,,
mlp,0.005549655295908451,0.005667912773787975,0.710404429866626,0.11343804537521815,0.2774869109947644,0.3944153577661431,0.017452006980802792,0.07329842931937172,0.13089005235602094,zho_hans-jpn_jpan,zho_hans,jpn_jpan,flores+opus+tatoeba+bouquet,1000mb,1,2290,573,4.37,,0.005553678524765101,0.005595689173787832,0.005663186311721802,0.005576920695602894,47.0,68.0
identity,0.07716912776231766,0.0766620934009552,0.7954447250690759,0.0017452006980802793,0.020942408376963352,0.03664921465968586,0.0,0.0,0.012216404886561954,zho_hans-jpn_jpan,zho_hans,jpn_jpan,flores+opus+tatoeba+bouquet,1000mb,2,2290,573,4.92,,,,,,,
procrustes,0.009017879143357277,0.011726252734661102,0.7954447323770012,0.8778359511343804,0.9598603839441536,0.9808027923211169,0.7137870855148342,0.8952879581151832,0.9284467713787086,zho_hans-jpn_jpan,zho_hans,jpn_jpan,flores+opus+tatoeba+bouquet,1000mb,2,2290,573,4.92,,,,,,,
affine,0.00398944690823555,0.00940295122563839,0.7806271106196607,0.7643979057591623,0.9022687609075044,0.9528795811518325,0.5479930191972077,0.7696335078534031,0.8429319371727748,zho_hans-jpn_jpan,zho_hans,jpn_jpan,flores+opus+tatoeba+bouquet,1000mb,2,2290,573,4.92,,,,,,,
ridge,0.0053489007987082005,0.006858341861516237,0.8244490009378886,0.7713787085514834,0.9162303664921466,0.9546247818499127,0.5636998254799301,0.794066317626527,0.8446771378708552,zho_hans-jpn_jpan,zho_hans,jpn_jpan,flores+opus+tatoeba+bouquet,1000mb,2,2290,573,4.92,10.0,,,,,,
mlp,0.007504960056394339,0.00769763020798564,0.8102197218217263,0.31762652705061084,0.5898778359511344,0.7190226876090751,0.10471204188481675,0.29842931937172773,0.39092495636998253,zho_hans-jpn_jpan,zho_hans,jpn_jpan,flores+opus+tatoeba+bouquet,1000mb,2,2290,573,4.92,,0.007767898383352793,0.007519127801060677,0.007735134568065405,0.007469472475349903,65.0,86.0
identity,0.11880698055028915,0.11780741810798645,0.7917175156625463,0.006980802792321117,0.019197207678883072,0.03315881326352531,0.0,0.008726003490401396,0.012216404886561954,zho_hans-jpn_jpan,zho_hans,jpn_jpan,flores+opus+tatoeba+bouquet,1000mb,3,2290,573,5.13,,,,,,,
procrustes,0.015304449014365673,0.019800370559096336,0.7917175107783548,0.9214659685863874,0.9808027923211169,0.9912739965095986,0.787085514834206,0.9336823734729494,0.9581151832460733,zho_hans-jpn_jpan,zho_hans,jpn_jpan,flores+opus+tatoeba+bouquet,1000mb,3,2290,573,5.13,,,,,,,
affine,0.006564915180206299,0.015225611627101898,0.7739020011720658,0.7853403141361257,0.944153577661431,0.9773123909249564,0.5968586387434555,0.8254799301919721,0.8760907504363001,zho_hans-jpn_jpan,zho_hans,jpn_jpan,flores+opus+tatoeba+bouquet,1000mb,3,2290,573,5.13,,,,,,,
ridge,0.010144313797354698,0.0111921401694417,0.8167416235438681,0.7364746945898778,0.9179755671902269,0.9581151832460733,0.5427574171029669,0.7678883071553229,0.8411867364746946,zho_hans-jpn_jpan,zho_hans,jpn_jpan,flores+opus+tatoeba+bouquet,1000mb,3,2290,573,5.13,100.0,,,,,,
mlp,0.011465017683804035,0.011953925713896751,0.8149788965098692,0.5846422338568935,0.837696335078534,0.9040139616055847,0.36300174520069806,0.6195462478184991,0.7155322862129145,zho_hans-jpn_jpan,zho_hans,jpn_jpan,flores+opus+tatoeba+bouquet,1000mb,3,2290,573,5.13,,0.01142270899744648,0.012308512814342976,0.011934333480894566,0.012297338806092739,72.0,93.0
identity,0.15862050652503967,0.15676990151405334,0.7894686812775095,0.0017452006980802793,0.017452006980802792,0.03315881326352531,0.0017452006980802793,0.0034904013961605585,0.005235602094240838,zho_hans-jpn_jpan,zho_hans,jpn_jpan,flores+opus+tatoeba+bouquet,1000mb,4,2290,573,7.27,,,,,,,
procrustes,0.022430643439292908,0.029422832652926445,0.7894686924264986,0.9424083769633508,0.9860383944153578,0.9930191972076788,0.8342059336823735,0.9546247818499127,0.9703315881326352,zho_hans-jpn_jpan,zho_hans,jpn_jpan,flores+opus+tatoeba+bouquet,1000mb,4,2290,573,7.27,,,,,,,
affine,0.010166682302951813,0.023562075570225716,0.7647810428572208,0.8534031413612565,0.9773123909249564,0.9895287958115183,0.68760907504363,0.8917975567190227,0.9301919720767888,zho_hans-jpn_jpan,zho_hans,jpn_jpan,flores+opus+tatoeba+bouquet,1000mb,4,2290,573,7.27,,,,,,,
ridge,0.01515663880854845,0.017166001722216606,0.8135175953921127,0.8272251308900523,0.9633507853403142,0.9808027923211169,0.675392670157068,0.8726003490401396,0.9144851657940664,zho_hans-jpn_jpan,zho_hans,jpn_jpan,flores+opus+tatoeba+bouquet,1000mb,4,2290,573,7.27,100.0,,,,,,
mlp,0.01668218895792961,0.017928175628185272,0.8137076649162661,0.7574171029668412,0.9284467713787086,0.9598603839441536,0.5636998254799301,0.8132635253054101,0.8795811518324608,zho_hans-jpn_jpan,zho_hans,jpn_jpan,flores+opus+tatoeba+bouquet,1000mb,4,2290,573,7.27,,0.016511824038444145,0.018601849675178528,0.0178940799087286,0.018592001870274544,142.0,163.0
identity,0.18966294825077057,0.18733228743076324,0.7843947872527309,0.0034904013961605585,0.017452006980802792,0.031413612565445025,0.0,0.0034904013961605585,0.005235602094240838,zho_hans-jpn_jpan,zho_hans,jpn_jpan,flores+opus+tatoeba+bouquet,1000mb,5,2290,573,8.11,,,,,,,
procrustes,0.02747366577386856,0.036444105207920074,0.7843947825095945,0.93717277486911,0.9860383944153578,0.9930191972076788,0.837696335078534,0.956369982547993,0.9668411867364747,zho_hans-jpn_jpan,zho_hans,jpn_jpan,flores+opus+tatoeba+bouquet,1000mb,5,2290,573,8.11,,,,,,,
affine,0.013330135494470596,0.030833283439278603,0.7629444451466749,0.8691099476439791,0.9755671902268761,0.9895287958115183,0.7068062827225131,0.8883071553228621,0.924956369982548,zho_hans-jpn_jpan,zho_hans,jpn_jpan,flores+opus+tatoeba+bouquet,1000mb,5,2290,573,8.11,,,,,,,
ridge,0.01943925954401493,0.022368736565113068,0.8146208259668495,0.8603839441535777,0.9633507853403142,0.9808027923211169,0.699825479930192,0.8987783595113438,0.9284467713787086,zho_hans-jpn_jpan,zho_hans,jpn_jpan,flores+opus+tatoeba+bouquet,1000mb,5,2290,573,8.11,100.0,,,,,,
mlp,0.020996956154704094,0.023126769810914993,0.8172961522425339,0.8045375218150087,0.9424083769633508,0.9668411867364747,0.5951134380453752,0.837696335078534,0.9040139616055847,zho_hans-jpn_jpan,zho_hans,jpn_jpan,flores+opus+tatoeba+bouquet,1000mb,5,2290,573,8.11,,0.020717974413524975,0.024096094071865082,0.023159535601735115,0.02399512380361557,168.0,189.0
identity,0.22715647518634796,0.22447973489761353,0.7866333832845025,0.006980802792321117,0.020942408376963352,0.029668411867364748,0.0017452006980802793,0.008726003490401396,0.010471204188481676,zho_hans-jpn_jpan,zho_hans,jpn_jpan,flores+opus+tatoeba+bouquet,1000mb,6,2290,573,5.8,,,,,,,
procrustes,0.033343877643346786,0.04524199292063713,0.786633390522031,0.9406631762652705,0.9860383944153578,0.9895287958115183,0.8464223385689355,0.956369982547993,0.9685863874345549,zho_hans-jpn_jpan,zho_hans,jpn_jpan,flores+opus+tatoeba+bouquet,1000mb,6,2290,573,5.8,,,,,,,
affine,0.01670246198773384,0.03843814507126808,0.766062468049131,0.8830715532286213,0.9773123909249564,0.9895287958115183,0.7225130890052356,0.900523560209424,0.9493891797556719,zho_hans-jpn_jpan,zho_hans,jpn_jpan,flores+opus+tatoeba+bouquet,1000mb,6,2290,573,5.8,,,,,,,
ridge,0.023464009165763855,0.027771692723035812,0.8189040268534932,0.8691099476439791,0.9685863874345549,0.9825479930191972,0.731239092495637,0.8987783595113438,0.93717277486911,zho_hans-jpn_jpan,zho_hans,jpn_jpan,flores+opus+tatoeba+bouquet,1000mb,6,2290,573,5.8,100.0,,,,,,
mlp,0.025708382949233055,0.028619294986128807,0.8206753248256501,0.8115183246073299,0.9493891797556719,0.9720767888307156,0.6335078534031413,0.8446771378708552,0.912739965095986,zho_hans-jpn_jpan,zho_hans,jpn_jpan,flores+opus+tatoeba+bouquet,1000mb,6,2290,573,5.8,,0.025240681726824154,0.0294035654515028,0.028635524213314056,0.02935239113867283,93.0,114.0
identity,0.306644082069397,0.3033447861671448,0.7934624626750498,0.0017452006980802793,0.019197207678883072,0.03315881326352531,0.0017452006980802793,0.005235602094240838,0.008726003490401396,zho_hans-jpn_jpan,zho_hans,jpn_jpan,flores+opus+tatoeba+bouquet,1000mb,7,2290,573,6.82,,,,,,,
procrustes,0.04678000882267952,0.06348557770252228,0.7934624698628306,0.9406631762652705,0.987783595113438,0.9930191972076788,0.8551483420593369,0.9598603839441536,0.9685863874345549,zho_hans-jpn_jpan,zho_hans,jpn_jpan,flores+opus+tatoeba+bouquet,1000mb,7,2290,573,6.82,,,,,,,
affine,0.022393550723791122,0.05075281858444214,0.7759435446302143,0.8883071553228621,0.9790575916230366,0.9947643979057592,0.731239092495637,0.9057591623036649,0.9546247818499127,zho_hans-jpn_jpan,zho_hans,jpn_jpan,flores+opus+tatoeba+bouquet,1000mb,7,2290,573,6.82,,,,,,,
ridge,0.030017683282494545,0.03704255819320679,0.8225762394096309,0.8830715532286213,0.9790575916230366,0.987783595113438,0.7539267015706806,0.9144851657940664,0.9476439790575916,zho_hans-jpn_jpan,zho_hans,jpn_jpan,flores+opus+tatoeba+bouquet,1000mb,7,2290,573,6.82,100.0,,,,,,
mlp,0.031502656638622284,0.03762553259730339,0.8240475938579571,0.8307155322862129,0.9685863874345549,0.9842931937172775,0.675392670157068,0.881326352530541,0.9232111692844677,zho_hans-jpn_jpan,zho_hans,jpn_jpan,flores+opus+tatoeba+bouquet,1000mb,7,2290,573,6.82,,0.030544107497641533,0.03949396684765816,0.03764035552740097,0.039459794759750366,134.0,155.0
identity,0.4349895119667053,0.4310813546180725,0.7887906089851265,0.0017452006980802793,0.017452006980802792,0.02617801047120419,0.0017452006980802793,0.0034904013961605585,0.005235602094240838,zho_hans-jpn_jpan,zho_hans,jpn_jpan,flores+opus+tatoeba+bouquet,1000mb,8,2290,573,6.09,,,,,,,
procrustes,0.07163137197494507,0.09741034358739853,0.7887906103395405,0.944153577661431,0.9912739965095986,0.9947643979057592,0.8638743455497382,0.9633507853403142,0.9773123909249564,zho_hans-jpn_jpan,zho_hans,jpn_jpan,flores+opus+tatoeba+bouquet,1000mb,8,2290,573,6.09,,,,,,,
affine,0.033425454050302505,0.07664217054843903,0.7683624703078015,0.893542757417103,0.9720767888307156,0.9895287958115183,0.743455497382199,0.912739965095986,0.9528795811518325,zho_hans-jpn_jpan,zho_hans,jpn_jpan,flores+opus+tatoeba+bouquet,1000mb,8,2290,573,6.09,,,,,,,
ridge,0.04279324784874916,0.05615067481994629,0.8155434194406788,0.8952879581151832,0.9720767888307156,0.9930191972076788,0.7801047120418848,0.9214659685863874,0.9493891797556719,zho_hans-jpn_jpan,zho_hans,jpn_jpan,flores+opus+tatoeba+bouquet,1000mb,8,2290,573,6.09,100.0,,,,,,
mlp,0.044179849326610565,0.05670222267508507,0.8133578316782966,0.8603839441535777,0.9685863874345549,0.9842931937172775,0.7015706806282722,0.8952879581151832,0.9354275741710296,zho_hans-jpn_jpan,zho_hans,jpn_jpan,flores+opus+tatoeba+bouquet,1000mb,8,2290,573,6.09,,0.04247856614264575,0.0557342991232872,0.05672013387084007,0.05561050400137901,110.0,131.0
identity,0.6684507727622986,0.6617419719696045,0.7844626867903381,0.0017452006980802793,0.017452006980802792,0.02268760907504363,0.0017452006980802793,0.005235602094240838,0.006980802792321117,zho_hans-jpn_jpan,zho_hans,jpn_jpan,flores+opus+tatoeba+bouquet,1000mb,9,2290,573,6.06,,,,,,,
procrustes,0.10931450873613358,0.14697180688381195,0.7844626868825046,0.9458987783595113,0.9842931937172775,0.9965095986038395,0.8534031413612565,0.9581151832460733,0.9738219895287958,zho_hans-jpn_jpan,zho_hans,jpn_jpan,flores+opus+tatoeba+bouquet,1000mb,9,2290,573,6.06,,,,,,,
affine,0.049078669399023056,0.11129235476255417,0.7699827307058446,0.8760907504363001,0.9755671902268761,0.9895287958115183,0.7452006980802792,0.9197207678883071,0.9511343804537522,zho_hans-jpn_jpan,zho_hans,jpn_jpan,flores+opus+tatoeba+bouquet,1000mb,9,2290,573,6.06,,,,,,,
ridge,0.060136426240205765,0.08309783786535263,0.8142055440277485,0.8848167539267016,0.9703315881326352,0.987783595113438,0.7696335078534031,0.9267015706806283,0.956369982547993,zho_hans-jpn_jpan,zho_hans,jpn_jpan,flores+opus+tatoeba+bouquet,1000mb,9,2290,573,6.06,100.0,,,,,,
mlp,0.05984293296933174,0.08344198763370514,0.812777951828023,0.8568935427574171,0.9685863874345549,0.9860383944153578,0.7120418848167539,0.9040139616055847,0.9354275741710296,zho_hans-jpn_jpan,zho_hans,jpn_jpan,flores+opus+tatoeba+bouquet,1000mb,9,2290,573,6.06,,0.05608517812056975,0.08316118270158768,0.0836760550737381,0.08299245685338974,109.0,130.0
identity,1.0366644859313965,1.0277131795883179,0.7755543394924503,0.0017452006980802793,0.008726003490401396,0.027923211169284468,0.0017452006980802793,0.005235602094240838,0.006980802792321117,zho_hans-jpn_jpan,zho_hans,jpn_jpan,flores+opus+tatoeba+bouquet,1000mb,10,2290,573,4.91,,,,,,,
procrustes,0.1602797955274582,0.21522100269794464,0.7755543403598992,0.9336823734729494,0.9842931937172775,0.9930191972076788,0.8411867364746946,0.9511343804537522,0.9650959860383944,zho_hans-jpn_jpan,zho_hans,jpn_jpan,flores+opus+tatoeba+bouquet,1000mb,10,2290,573,4.91,,,,,,,
affine,0.07491627335548401,0.17054767906665802,0.759814756348997,0.8673647469458988,0.9650959860383944,0.9790575916230366,0.7172774869109948,0.9040139616055847,0.9389179755671903,zho_hans-jpn_jpan,zho_hans,jpn_jpan,flores+opus+tatoeba+bouquet,1000mb,10,2290,573,4.91,,,,,,,
ridge,0.11488227546215057,0.12933380901813507,0.7995050399251395,0.743455497382199,0.9267015706806283,0.9616055846422339,0.5741710296684118,0.7853403141361257,0.849912739965096,zho_hans-jpn_jpan,zho_hans,jpn_jpan,flores+opus+tatoeba+bouquet,1000mb,10,2290,573,4.91,1000.0,,,,,,
mlp,0.09740512073040009,0.12998074293136597,0.8045742777210799,0.837696335078534,0.956369982547993,0.9790575916230366,0.6561954624781849,0.8778359511343804,0.9232111692844677,zho_hans-jpn_jpan,zho_hans,jpn_jpan,flores+opus+tatoeba+bouquet,1000mb,10,2290,573,4.91,,0.08878060791528586,0.13488581776618958,0.13002246618270874,0.13437631726264954,69.0,90.0
identity,1.5860644578933716,1.5729209184646606,0.7664684003498066,0.005235602094240838,0.013961605584642234,0.027923211169284468,0.0034904013961605585,0.0034904013961605585,0.005235602094240838,zho_hans-jpn_jpan,zho_hans,jpn_jpan,flores+opus+tatoeba+bouquet,1000mb,11,2290,573,5.04,,,,,,,
procrustes,0.21863211691379547,0.2936648428440094,0.766468394486845,0.9162303664921466,0.9808027923211169,0.9947643979057592,0.806282722513089,0.9406631762652705,0.9581151832460733,zho_hans-jpn_jpan,zho_hans,jpn_jpan,flores+opus+tatoeba+bouquet,1000mb,11,2290,573,5.04,,,,,,,
affine,0.10577481985092163,0.24114246666431427,0.7513383575280415,0.8324607329842932,0.944153577661431,0.9685863874345549,0.6771378708551483,0.881326352530541,0.9197207678883071,zho_hans-jpn_jpan,zho_hans,jpn_jpan,flores+opus+tatoeba+bouquet,1000mb,11,2290,573,5.04,,,,,,,
ridge,0.15734334290027618,0.18135659396648407,0.7953527884669485,0.7102966841186736,0.8917975567190227,0.9389179755671903,0.525305410122164,0.7539267015706806,0.8272251308900523,zho_hans-jpn_jpan,zho_hans,jpn_jpan,flores+opus+tatoeba+bouquet,1000mb,11,2290,573,5.04,1000.0,,,,,,
mlp,0.1345289796590805,0.1859598308801651,0.7935786892327271,0.7766143106457243,0.93717277486911,0.9738219895287958,0.5933682373472949,0.8150087260034904,0.8760907504363001,zho_hans-jpn_jpan,zho_hans,jpn_jpan,flores+opus+tatoeba+bouquet,1000mb,11,2290,573,5.04,,0.12215705915833965,0.18267342448234558,0.18660035729408264,0.18209637701511383,73.0,94.0
identity,2.463469982147217,2.4619288444519043,0.7720620439169292,0.0034904013961605585,0.006980802792321117,0.015706806282722512,0.0017452006980802793,0.0017452006980802793,0.0034904013961605585,zho_hans-jpn_jpan,zho_hans,jpn_jpan,flores+opus+tatoeba+bouquet,1000mb,12,2290,573,4.46,,,,,,,
procrustes,0.500214695930481,0.6847036480903625,0.7720620416650427,0.9109947643979057,0.9738219895287958,0.9895287958115183,0.7783595113438045,0.9319371727748691,0.9546247818499127,zho_hans-jpn_jpan,zho_hans,jpn_jpan,flores+opus+tatoeba+bouquet,1000mb,12,2290,573,4.46,,,,,,,
affine,0.24893467128276825,0.5700369477272034,0.7570199932042171,0.8795811518324608,0.9703315881326352,0.987783595113438,0.7120418848167539,0.8970331588132635,0.93717277486911,zho_hans-jpn_jpan,zho_hans,jpn_jpan,flores+opus+tatoeba+bouquet,1000mb,12,2290,573,4.46,,,,,,,
ridge,0.33051156997680664,0.42011886835098267,0.8019309771129169,0.8603839441535777,0.9581151832460733,0.9790575916230366,0.6963350785340314,0.8987783595113438,0.9301919720767888,zho_hans-jpn_jpan,zho_hans,jpn_jpan,flores+opus+tatoeba+bouquet,1000mb,12,2290,573,4.46,1000.0,,,,,,
mlp,0.32235148549079895,0.43952077627182007,0.7994015503390846,0.8446771378708552,0.9511343804537522,0.9790575916230366,0.6736474694589878,0.8865619546247818,0.9144851657940664,zho_hans-jpn_jpan,zho_hans,jpn_jpan,flores+opus+tatoeba+bouquet,1000mb,12,2290,573,4.46,,0.28577025279854285,0.44840091466903687,0.44094714522361755,0.4459039270877838,53.0,74.0
identity,0.00017135904636234045,0.0001699550630291924,0.6529577751426586,0.0034482758620689655,0.017241379310344827,0.02586206896551724,0.0017241379310344827,0.0017241379310344827,0.01206896551724138,spa_latn-arb_arab,spa_latn,arb_arab,flores+opus+tatoeba+bouquet,1000mb,0,2317,580,5.07,,,,,,,
procrustes,5.275263902149163e-05,7.681455463171005e-05,0.6529577697304335,0.33448275862068966,0.5293103448275862,0.5896551724137931,0.19482758620689655,0.33620689655172414,0.3931034482758621,spa_latn-arb_arab,spa_latn,arb_arab,flores+opus+tatoeba+bouquet,1000mb,0,2317,580,5.07,,,,,,,
affine,2.9062612156849355e-05,7.025811646599323e-05,0.6576062007185495,0.2706896551724138,0.4603448275862069,0.5551724137931034,0.14655172413793102,0.27413793103448275,0.33448275862068966,spa_latn-arb_arab,spa_latn,arb_arab,flores+opus+tatoeba+bouquet,1000mb,0,2317,580,5.07,,,,,,,
ridge,3.848879350698553e-05,4.8908466851571575e-05,0.735116925835233,0.2120689655172414,0.41551724137931034,0.49310344827586206,0.11379310344827587,0.21724137931034482,0.27241379310344827,spa_latn-arb_arab,spa_latn,arb_arab,flores+opus+tatoeba+bouquet,1000mb,0,2317,580,5.07,0.1,,,,,,
mlp,6.67269341647625e-05,6.541769107570872e-05,0.5367892260256395,0.0017241379310344827,0.008620689655172414,0.017241379310344827,0.0,0.0,0.0017241379310344827,spa_latn-arb_arab,spa_latn,arb_arab,flores+opus+tatoeba+bouquet,1000mb,0,2317,580,5.07,,6.667323737708625e-05,6.718049553455785e-05,6.543072959175333e-05,6.715110794175416e-05,71.0,92.0
identity,0.03261370211839676,0.03237474709749222,0.7108785487534415,0.005172413793103448,0.01206896551724138,0.022413793103448276,0.0,0.0017241379310344827,0.005172413793103448,spa_latn-arb_arab,spa_latn,arb_arab,flores+opus+tatoeba+bouquet,1000mb,1,2317,580,4.15,,,,,,,
procrustes,0.004977607633918524,0.006602590903639793,0.7108785418677357,0.6931034482758621,0.85,0.896551724137931,0.5275862068965518,0.7275862068965517,0.7827586206896552,spa_latn-arb_arab,spa_latn,arb_arab,flores+opus+tatoeba+bouquet,1000mb,1,2317,580,4.15,,,,,,,
affine,0.002449022838845849,0.005850153975188732,0.7000473308376074,0.5327586206896552,0.7810344827586206,0.8482758620689655,0.3396551724137931,0.5655172413793104,0.6620689655172414,spa_latn-arb_arab,spa_latn,arb_arab,flores+opus+tatoeba+bouquet,1000mb,1,2317,580,4.15,,,,,,,
ridge,0.0034491727128624916,0.004158570431172848,0.7585415712214275,0.5172413793103449,0.7413793103448276,0.8241379310344827,0.33620689655172414,0.5310344827586206,0.6155172413793103,spa_latn-arb_arab,spa_latn,arb_arab,flores+opus+tatoeba+bouquet,1000mb,1,2317,580,4.15,10.0,,,,,,
mlp,0.004908065311610699,0.004864488262683153,0.7157817694449106,0.05,0.15517241379310345,0.23103448275862068,0.013793103448275862,0.03103448275862069,0.06206896551724138,spa_latn-arb_arab,spa_latn,arb_arab,flores+opus+tatoeba+bouquet,1000mb,1,2317,580,4.15,,0.004906821784309365,0.005105217453092337,0.0048689511604607105,0.005093567539006472,42.0,63.0
identity,0.07672599703073502,0.07593783736228943,0.7717769452526366,0.005172413793103448,0.013793103448275862,0.022413793103448276,0.0,0.0017241379310344827,0.008620689655172414,spa_latn-arb_arab,spa_latn,arb_arab,flores+opus+tatoeba+bouquet,1000mb,2,2317,580,4.48,,,,,,,
procrustes,0.00802170392125845,0.010275314562022686,0.7717769495559632,0.7482758620689656,0.8793103448275862,0.9224137931034483,0.5862068965517241,0.7689655172413793,0.8172413793103448,spa_latn-arb_arab,spa_latn,arb_arab,flores+opus+tatoeba+bouquet,1000mb,2,2317,580,4.48,,,,,,,
affine,0.003688540542498231,0.00873035378754139,0.7556805886862147,0.6155172413793103,0.8086206896551724,0.8775862068965518,0.4017241379310345,0.6431034482758621,0.7241379310344828,spa_latn-arb_arab,spa_latn,arb_arab,flores+opus+tatoeba+bouquet,1000mb,2,2317,580,4.48,,,,,,,
ridge,0.005047627724707127,0.006237945985049009,0.8109467907903974,0.6103448275862069,0.8051724137931034,0.8655172413793103,0.4413793103448276,0.6551724137931034,0.7189655172413794,spa_latn-arb_arab,spa_latn,arb_arab,flores+opus+tatoeba+bouquet,1000mb,2,2317,580,4.48,10.0,,,,,,
mlp,0.007049523759633303,0.007004568353295326,0.7948071303988068,0.1310344827586207,0.3137931034482759,0.4379310344827586,0.041379310344827586,0.13448275862068965,0.19827586206896552,spa_latn-arb_arab,spa_latn,arb_arab,flores+opus+tatoeba+bouquet,1000mb,2,2317,580,4.48,,0.006998124969840953,0.007786937057971954,0.007019165903329849,0.007742936722934246,53.0,74.0
identity,0.10891944169998169,0.1075054407119751,0.7433763921819159,0.0017241379310344827,0.013793103448275862,0.029310344827586206,0.0,0.0034482758620689655,0.008620689655172414,spa_latn-arb_arab,spa_latn,arb_arab,flores+opus+tatoeba+bouquet,1000mb,3,2317,580,5.26,,,,,,,
procrustes,0.012829223647713661,0.016485534608364105,0.7433763851246749,0.7879310344827586,0.9258620689655173,0.9568965517241379,0.6448275862068965,0.8258620689655173,0.8689655172413793,spa_latn-arb_arab,spa_latn,arb_arab,flores+opus+tatoeba+bouquet,1000mb,3,2317,580,5.26,,,,,,,
affine,0.006472019013017416,0.015247897244989872,0.724137133132289,0.7034482758620689,0.8758620689655172,0.9103448275862069,0.5206896551724138,0.7396551724137931,0.8068965517241379,spa_latn-arb_arab,spa_latn,arb_arab,flores+opus+tatoeba+bouquet,1000mb,3,2317,580,5.26,,,,,,,
ridge,0.008460870943963528,0.011035989038646221,0.7788874245962595,0.7224137931034482,0.8931034482758621,0.9362068965517242,0.5362068965517242,0.7551724137931034,0.8327586206896552,spa_latn-arb_arab,spa_latn,arb_arab,flores+opus+tatoeba+bouquet,1000mb,3,2317,580,5.26,10.0,,,,,,
mlp,0.011649844236671925,0.011864341795444489,0.7670908100348655,0.3086206896551724,0.6,0.7241379310344828,0.13793103448275862,0.3293103448275862,0.44310344827586207,spa_latn-arb_arab,spa_latn,arb_arab,flores+opus+tatoeba+bouquet,1000mb,3,2317,580,5.26,,0.011627808693006184,0.012451532296836376,0.01188347116112709,0.012398362159729004,79.0,100.0
identity,0.14924347400665283,0.14708305895328522,0.7356328628699844,0.005172413793103448,0.015517241379310345,0.022413793103448276,0.0017241379310344827,0.006896551724137931,0.006896551724137931,spa_latn-arb_arab,spa_latn,arb_arab,flores+opus+tatoeba+bouquet,1000mb,4,2317,580,5.92,,,,,,,
procrustes,0.019792383536696434,0.025818072259426117,0.7356328584335343,0.8741379310344828,0.9655172413793104,0.9827586206896551,0.7327586206896551,0.8982758620689655,0.9362068965517242,spa_latn-arb_arab,spa_latn,arb_arab,flores+opus+tatoeba+bouquet,1000mb,4,2317,580,5.92,,,,,,,
affine,0.010493957437574863,0.02459247224032879,0.712334585420913,0.7793103448275862,0.9120689655172414,0.9603448275862069,0.6137931034482759,0.8017241379310345,0.8551724137931035,spa_latn-arb_arab,spa_latn,arb_arab,flores+opus+tatoeba+bouquet,1000mb,4,2317,580,5.92,,,,,,,
ridge,0.016153065487742424,0.017835872247815132,0.7631780495850674,0.7086206896551724,0.9051724137931034,0.9517241379310345,0.5362068965517242,0.7396551724137931,0.8206896551724138,spa_latn-arb_arab,spa_latn,arb_arab,flores+opus+tatoeba+bouquet,1000mb,4,2317,580,5.92,100.0,,,,,,
mlp,0.01782977767288685,0.018720606341958046,0.7614953744012238,0.5568965517241379,0.8258620689655173,0.896551724137931,0.3431034482758621,0.6,0.7172413793103448,spa_latn-arb_arab,spa_latn,arb_arab,flores+opus+tatoeba+bouquet,1000mb,4,2317,580,5.92,,0.01775595500613704,0.019046876579523087,0.018725458532571793,0.019037948921322823,100.0,121.0
identity,0.191023051738739,0.18833565711975098,0.7327786629027998,0.0017241379310344827,0.013793103448275862,0.022413793103448276,0.0,0.0034482758620689655,0.008620689655172414,spa_latn-arb_arab,spa_latn,arb_arab,flores+opus+tatoeba+bouquet,1000mb,5,2317,580,7.48,,,,,,,
procrustes,0.02679336629807949,0.03550427407026291,0.732778673085227,0.8758620689655172,0.9758620689655172,0.9862068965517241,0.7655172413793103,0.9172413793103448,0.9448275862068966,spa_latn-arb_arab,spa_latn,arb_arab,flores+opus+tatoeba+bouquet,1000mb,5,2317,580,7.48,,,,,,,
affine,0.014652679674327374,0.03429315611720085,0.7104570786291198,0.8068965517241379,0.9396551724137931,0.9689655172413794,0.6379310344827587,0.846551724137931,0.8948275862068965,spa_latn-arb_arab,spa_latn,arb_arab,flores+opus+tatoeba+bouquet,1000mb,5,2317,580,7.48,,,,,,,
ridge,0.021788790822029114,0.024710040539503098,0.7694823757946009,0.7603448275862069,0.9362068965517242,0.9620689655172414,0.596551724137931,0.8103448275862069,0.8706896551724138,spa_latn-arb_arab,spa_latn,arb_arab,flores+opus+tatoeba+bouquet,1000mb,5,2317,580,7.48,100.0,,,,,,
mlp,0.023671165108680725,0.02556529827415943,0.7709861818515567,0.6672413793103448,0.8896551724137931,0.9396551724137931,0.4810344827586207,0.7155172413793104,0.7982758620689655,spa_latn-arb_arab,spa_latn,arb_arab,flores+opus+tatoeba+bouquet,1000mb,5,2317,580,7.48,,0.023420221144051262,0.026760747656226158,0.025573061779141426,0.026687132194638252,153.0,174.0
identity,0.23689085245132446,0.23399975895881653,0.7389249599736565,0.0017241379310344827,0.015517241379310345,0.029310344827586206,0.0,0.005172413793103448,0.008620689655172414,spa_latn-arb_arab,spa_latn,arb_arab,flores+opus+tatoeba+bouquet,1000mb,6,2317,580,6.87,,,,,,,
procrustes,0.035308096557855606,0.04776368290185928,0.7389249656091265,0.9137931034482759,0.9810344827586207,0.9913793103448276,0.8344827586206897,0.9448275862068966,0.9706896551724138,spa_latn-arb_arab,spa_latn,arb_arab,flores+opus+tatoeba+bouquet,1000mb,6,2317,580,6.87,,,,,,,
affine,0.018907582387328148,0.043652378022670746,0.726446897464436,0.8379310344827586,0.9534482758620689,0.9758620689655172,0.7068965517241379,0.8827586206896552,0.9224137931034483,spa_latn-arb_arab,spa_latn,arb_arab,flores+opus+tatoeba+bouquet,1000mb,6,2317,580,6.87,,,,,,,
ridge,0.026806481182575226,0.03172333538532257,0.7796060638401352,0.8206896551724138,0.9620689655172414,0.9758620689655172,0.6879310344827586,0.8637931034482759,0.9241379310344827,spa_latn-arb_arab,spa_latn,arb_arab,flores+opus+tatoeba+bouquet,1000mb,6,2317,580,6.87,100.0,,,,,,
mlp,0.02848622016608715,0.032372310757637024,0.7825883370757162,0.7655172413793103,0.9258620689655173,0.9672413793103448,0.6017241379310345,0.8120689655172414,0.8793103448275862,spa_latn-arb_arab,spa_latn,arb_arab,flores+opus+tatoeba+bouquet,1000mb,6,2317,580,6.87,,0.028153045159397705,0.03210930526256561,0.032414574176073074,0.03206641227006912,134.0,155.0
identity,0.30516281723976135,0.30192121863365173,0.7300255927543763,0.0,0.013793103448275862,0.020689655172413793,0.0,0.0034482758620689655,0.008620689655172414,spa_latn-arb_arab,spa_latn,arb_arab,flores+opus+tatoeba+bouquet,1000mb,7,2317,580,7.61,,,,,,,
procrustes,0.04879201948642731,0.06670410931110382,0.7300255998201352,0.9275862068965517,0.9879310344827587,0.9896551724137931,0.8517241379310345,0.9534482758620689,0.9775862068965517,spa_latn-arb_arab,spa_latn,arb_arab,flores+opus+tatoeba+bouquet,1000mb,7,2317,580,7.61,,,,,,,
affine,0.026290366426110268,0.060769714415073395,0.7270718076785198,0.8448275862068966,0.9586206896551724,0.9775862068965517,0.7120689655172414,0.8758620689655172,0.9172413793103448,spa_latn-arb_arab,spa_latn,arb_arab,flores+opus+tatoeba+bouquet,1000mb,7,2317,580,7.61,,,,,,,
ridge,0.035496413707733154,0.044095687568187714,0.7852880077013228,0.85,0.9706896551724138,0.9810344827586207,0.7293103448275862,0.8913793103448275,0.9413793103448276,spa_latn-arb_arab,spa_latn,arb_arab,flores+opus+tatoeba+bouquet,1000mb,7,2317,580,7.61,100.0,,,,,,
mlp,0.03608070686459541,0.04457210749387741,0.7875002421879873,0.8120689655172414,0.9517241379310345,0.9810344827586207,0.6551724137931034,0.846551724137931,0.9103448275862069,spa_latn-arb_arab,spa_latn,arb_arab,flores+opus+tatoeba+bouquet,1000mb,7,2317,580,7.61,,0.035259928441408905,0.044140830636024475,0.044654231518507004,0.044057074934244156,160.0,181.0
identity,0.401424765586853,0.3983502686023712,0.7127452048310948,0.005172413793103448,0.01206896551724138,0.015517241379310345,0.0017241379310344827,0.0034482758620689655,0.006896551724137931,spa_latn-arb_arab,spa_latn,arb_arab,flores+opus+tatoeba+bouquet,1000mb,8,2317,580,6.12,,,,,,,
procrustes,0.0707533210515976,0.09648708254098892,0.7127452024264018,0.9482758620689655,0.9896551724137931,0.9913793103448276,0.8603448275862069,0.9620689655172414,0.9844827586206897,spa_latn-arb_arab,spa_latn,arb_arab,flores+opus+tatoeba+bouquet,1000mb,8,2317,580,6.12,,,,,,,
affine,0.03738616406917572,0.08547511696815491,0.7182251762483038,0.8758620689655172,0.9741379310344828,0.9810344827586207,0.7258620689655172,0.9017241379310345,0.9413793103448276,spa_latn-arb_arab,spa_latn,arb_arab,flores+opus+tatoeba+bouquet,1000mb,8,2317,580,6.12,,,,,,,
ridge,0.04820695146918297,0.06277582049369812,0.7774714961742717,0.8793103448275862,0.9741379310344828,0.9844827586206897,0.7741379310344828,0.9086206896551724,0.9448275862068966,spa_latn-arb_arab,spa_latn,arb_arab,flores+opus+tatoeba+bouquet,1000mb,8,2317,580,6.12,100.0,,,,,,
mlp,0.048387590795755386,0.06328815221786499,0.7778479749856361,0.8482758620689655,0.9620689655172414,0.9775862068965517,0.6862068965517242,0.8879310344827587,0.9293103448275862,spa_latn-arb_arab,spa_latn,arb_arab,flores+opus+tatoeba+bouquet,1000mb,8,2317,580,6.12,,0.04604926434430209,0.06503763049840927,0.06324630230665207,0.06492508202791214,110.0,131.0
identity,0.562263011932373,0.5585747957229614,0.6875874662195787,0.0034482758620689655,0.006896551724137931,0.01206896551724138,0.0,0.0017241379310344827,0.005172413793103448,spa_latn-arb_arab,spa_latn,arb_arab,flores+opus+tatoeba+bouquet,1000mb,9,2317,580,5.12,,,,,,,
procrustes,0.10616959631443024,0.14366915822029114,0.687587465838465,0.9327586206896552,0.9879310344827587,0.9913793103448276,0.8396551724137931,0.9482758620689655,0.9655172413793104,spa_latn-arb_arab,spa_latn,arb_arab,flores+opus+tatoeba+bouquet,1000mb,9,2317,580,5.12,,,,,,,
affine,0.058375533670186996,0.1330282986164093,0.68819132255913,0.8448275862068966,0.9551724137931035,0.9741379310344828,0.7017241379310345,0.8706896551724138,0.9172413793103448,spa_latn-arb_arab,spa_latn,arb_arab,flores+opus+tatoeba+bouquet,1000mb,9,2317,580,5.12,,,,,,,
ridge,0.07221874594688416,0.09889757633209229,0.7503980740672663,0.8689655172413793,0.9603448275862069,0.9724137931034482,0.746551724137931,0.8879310344827587,0.9293103448275862,spa_latn-arb_arab,spa_latn,arb_arab,flores+opus+tatoeba+bouquet,1000mb,9,2317,580,5.12,100.0,,,,,,
mlp,0.07439884543418884,0.09959513694047928,0.7509268045332891,0.8310344827586207,0.9379310344827586,0.9724137931034482,0.6603448275862069,0.8706896551724138,0.9172413793103448,spa_latn-arb_arab,spa_latn,arb_arab,flores+opus+tatoeba+bouquet,1000mb,9,2317,580,5.12,,0.06862352291742961,0.10412376374006271,0.09935150295495987,0.10377687215805054,75.0,96.0
identity,0.7929129004478455,0.787509560585022,0.671357719491482,0.0017241379310344827,0.008620689655172414,0.013793103448275862,0.0,0.0017241379310344827,0.0017241379310344827,spa_latn-arb_arab,spa_latn,arb_arab,flores+opus+tatoeba+bouquet,1000mb,10,2317,580,4.6,,,,,,,
procrustes,0.15425288677215576,0.20781686902046204,0.6713577186892224,0.9189655172413793,0.9810344827586207,0.9896551724137931,0.8086206896551724,0.9293103448275862,0.9551724137931035,spa_latn-arb_arab,spa_latn,arb_arab,flores+opus+tatoeba+bouquet,1000mb,10,2317,580,4.6,,,,,,,
affine,0.08499176800251007,0.19389408826828003,0.6807947019421358,0.8344827586206897,0.9431034482758621,0.9655172413793104,0.6758620689655173,0.8620689655172413,0.9051724137931034,spa_latn-arb_arab,spa_latn,arb_arab,flores+opus+tatoeba+bouquet,1000mb,10,2317,580,4.6,,,,,,,
ridge,0.10163632780313492,0.14646999537944794,0.7418216342701149,0.8362068965517241,0.946551724137931,0.9706896551724138,0.6879310344827586,0.8655172413793103,0.9155172413793103,spa_latn-arb_arab,spa_latn,arb_arab,flores+opus+tatoeba+bouquet,1000mb,10,2317,580,4.6,100.0,,,,,,
mlp,0.11017534136772156,0.1473645716905594,0.7405328066821842,0.7862068965517242,0.9293103448275862,0.9637931034482758,0.6189655172413793,0.8396551724137931,0.8879310344827587,spa_latn-arb_arab,spa_latn,arb_arab,flores+opus+tatoeba+bouquet,1000mb,10,2317,580,4.6,,0.1002022714325876,0.14637181162834167,0.14758455753326416,0.14598114788532257,57.0,78.0
identity,1.0828582048416138,1.0758291482925415,0.6573989596495384,0.0,0.005172413793103448,0.013793103448275862,0.0,0.0017241379310344827,0.0034482758620689655,spa_latn-arb_arab,spa_latn,arb_arab,flores+opus+tatoeba+bouquet,1000mb,11,2317,580,4.56,,,,,,,
procrustes,0.20829686522483826,0.28097784519195557,0.6573989576473829,0.8775862068965518,0.9724137931034482,0.9844827586206897,0.7586206896551724,0.8982758620689655,0.9344827586206896,spa_latn-arb_arab,spa_latn,arb_arab,flores+opus+tatoeba+bouquet,1000mb,11,2317,580,4.56,,,,,,,
affine,0.11315572261810303,0.26083022356033325,0.67093286379114,0.7965517241379311,0.9293103448275862,0.9534482758620689,0.6068965517241379,0.8189655172413793,0.8741379310344828,spa_latn-arb_arab,spa_latn,arb_arab,flores+opus+tatoeba+bouquet,1000mb,11,2317,580,4.56,,,,,,,
ridge,0.16965484619140625,0.19606192409992218,0.7259231484158134,0.6896551724137931,0.8620689655172413,0.9224137931034483,0.4982758620689655,0.7293103448275862,0.7948275862068965,spa_latn-arb_arab,spa_latn,arb_arab,flores+opus+tatoeba+bouquet,1000mb,11,2317,580,4.56,1000.0,,,,,,
mlp,0.14341114461421967,0.1990489959716797,0.7290546105113062,0.7379310344827587,0.9017241379310345,0.9431034482758621,0.5551724137931034,0.7879310344827586,0.8482758620689655,spa_latn-arb_arab,spa_latn,arb_arab,flores+opus+tatoeba+bouquet,1000mb,11,2317,580,4.56,,0.12818308964823233,0.20055170357227325,0.19930264353752136,0.19974294304847717,56.0,77.0
identity,2.327803373336792,2.3147315979003906,0.6539737039927742,0.0017241379310344827,0.006896551724137931,0.017241379310344827,0.0,0.0,0.0034482758620689655,spa_latn-arb_arab,spa_latn,arb_arab,flores+opus+tatoeba+bouquet,1000mb,12,2317,580,4.34,,,,,,,
procrustes,0.5159088969230652,0.702796995639801,0.6539737048059882,0.8844827586206897,0.9672413793103448,0.9793103448275862,0.7551724137931034,0.903448275862069,0.9396551724137931,spa_latn-arb_arab,spa_latn,arb_arab,flores+opus+tatoeba+bouquet,1000mb,12,2317,580,4.34,,,,,,,
affine,0.2867615818977356,0.6545488238334656,0.6654715163285084,0.8,0.9258620689655173,0.95,0.6137931034482759,0.8396551724137931,0.8913793103448275,spa_latn-arb_arab,spa_latn,arb_arab,flores+opus+tatoeba+bouquet,1000mb,12,2317,580,4.34,,,,,,,
ridge,0.3812943994998932,0.4826804995536804,0.7258435606417868,0.7448275862068966,0.9137931034482759,0.9517241379310345,0.5775862068965517,0.803448275862069,0.8620689655172413,spa_latn-arb_arab,spa_latn,arb_arab,flores+opus+tatoeba+bouquet,1000mb,12,2317,580,4.34,1000.0,,,,,,
mlp,0.3650423288345337,0.5008653402328491,0.7274728480534365,0.7551724137931034,0.9189655172413793,0.9482758620689655,0.5620689655172414,0.7948275862068965,0.8586206896551725,spa_latn-arb_arab,spa_latn,arb_arab,flores+opus+tatoeba+bouquet,1000mb,12,2317,580,4.34,,0.3200829290982449,0.5144237279891968,0.5040287971496582,0.5098429322242737,49.0,70.0
identity,0.00015260405780281872,0.0001513657916802913,0.6807713885888257,0.0034904013961605585,0.027923211169284468,0.04886561954624782,0.0017452006980802793,0.005235602094240838,0.013961605584642234,spa_latn-hin_deva,spa_latn,hin_deva,flores+opus+tatoeba+bouquet,1000mb,0,2290,573,6.37,,,,,,,
procrustes,4.550429366645403e-05,6.508756632683799e-05,0.6807713919166021,0.4031413612565445,0.6090750436300174,0.7068062827225131,0.27225130890052357,0.4397905759162304,0.5165794066317626,spa_latn-hin_deva,spa_latn,hin_deva,flores+opus+tatoeba+bouquet,1000mb,0,2290,573,6.37,,,,,,,
affine,2.3508462618337944e-05,5.617935676127672e-05,0.6938259243748149,0.2879581151832461,0.47469458987783597,0.5759162303664922,0.15881326352530542,0.3106457242582897,0.3717277486910995,spa_latn-hin_deva,spa_latn,hin_deva,flores+opus+tatoeba+bouquet,1000mb,0,2290,573,6.37,,,,,,,
ridge,3.133347490802407e-05,3.944989657611586e-05,0.7610728623536737,0.2286212914485166,0.41361256544502617,0.47469458987783597,0.11518324607329843,0.2425828970331588,0.3158813263525305,spa_latn-hin_deva,spa_latn,hin_deva,flores+opus+tatoeba+bouquet,1000mb,0,2290,573,6.37,0.1,,,,,,
mlp,5.7057510275626555e-05,5.6183500419138e-05,0.4899670171187666,0.0017452006980802793,0.008726003490401396,0.017452006980802792,0.0,0.0034904013961605585,0.005235602094240838,spa_latn-hin_deva,spa_latn,hin_deva,flores+opus+tatoeba+bouquet,1000mb,0,2290,573,6.37,,5.740819809337457e-05,5.6317763664992526e-05,5.6207260058727115e-05,5.6267515901708975e-05,113.0,134.0
identity,0.036081112921237946,0.035762492567300797,0.7374665560516087,0.006980802792321117,0.013961605584642234,0.02268760907504363,0.0017452006980802793,0.006980802792321117,0.006980802792321117,spa_latn-hin_deva,spa_latn,hin_deva,flores+opus+tatoeba+bouquet,1000mb,1,2290,573,3.84,,,,,,,
procrustes,0.0048754410818219185,0.006429052911698818,0.7374665546912109,0.7364746945898778,0.8830715532286213,0.9354275741710296,0.5636998254799301,0.7626527050610821,0.8115183246073299,spa_latn-hin_deva,spa_latn,hin_deva,flores+opus+tatoeba+bouquet,1000mb,1,2290,573,3.84,,,,,,,
affine,0.0023546344600617886,0.00561654195189476,0.7350074630746689,0.5235602094240838,0.7277486910994765,0.7905759162303665,0.31239092495637,0.5479930191972077,0.6230366492146597,spa_latn-hin_deva,spa_latn,hin_deva,flores+opus+tatoeba+bouquet,1000mb,1,2290,573,3.84,,,,,,,
ridge,0.0033287876285612583,0.004011122044175863,0.7920275021467306,0.450261780104712,0.6649214659685864,0.7364746945898778,0.2582897033158813,0.47643979057591623,0.5567190226876091,spa_latn-hin_deva,spa_latn,hin_deva,flores+opus+tatoeba+bouquet,1000mb,1,2290,573,3.84,10.0,,,,,,
mlp,0.004710034932941198,0.004743900615721941,0.7509575532687192,0.029668411867364748,0.09947643979057591,0.16230366492146597,0.005235602094240838,0.029668411867364748,0.055846422338568937,spa_latn-hin_deva,spa_latn,hin_deva,flores+opus+tatoeba+bouquet,1000mb,1,2290,573,3.84,,0.004723542426345926,0.004832377657294273,0.004755483474582434,0.004822687245905399,32.0,53.0
identity,0.08388858288526535,0.08295425772666931,0.7993923056487482,0.0034904013961605585,0.013961605584642234,0.019197207678883072,0.0017452006980802793,0.005235602094240838,0.012216404886561954,spa_latn-hin_deva,spa_latn,hin_deva,flores+opus+tatoeba+bouquet,1000mb,2,2290,573,4.41,,,,,,,
procrustes,0.007319671101868153,0.009480412118136883,0.7993923167084143,0.7975567190226877,0.9284467713787086,0.9458987783595113,0.6422338568935427,0.8184991273996509,0.881326352530541,spa_latn-hin_deva,spa_latn,hin_deva,flores+opus+tatoeba+bouquet,1000mb,2,2290,573,4.41,,,,,,,
affine,0.003548929002135992,0.008459113538265228,0.7883990602885127,0.6387434554973822,0.8080279232111692,0.8726003490401396,0.4083769633507853,0.6771378708551483,0.7382198952879581,spa_latn-hin_deva,spa_latn,hin_deva,flores+opus+tatoeba+bouquet,1000mb,2,2290,573,4.41,,,,,,,
ridge,0.004891327116638422,0.00606947299093008,0.8375567365457227,0.6195462478184991,0.8080279232111692,0.8760907504363001,0.43455497382198954,0.6369982547993019,0.7120418848167539,spa_latn-hin_deva,spa_latn,hin_deva,flores+opus+tatoeba+bouquet,1000mb,2,2290,573,4.41,10.0,,,,,,
mlp,0.00681830570101738,0.006918204482644796,0.8208120312304227,0.11518324607329843,0.3298429319371728,0.4397905759162304,0.04013961605584642,0.12390924956369982,0.1849912739965096,spa_latn-hin_deva,spa_latn,hin_deva,flores+opus+tatoeba+bouquet,1000mb,2,2290,573,4.41,,0.006881601769815792,0.006604461465030909,0.006923156790435314,0.006587072275578976,51.0,72.0
identity,0.11838807910680771,0.11678794026374817,0.7731414004979756,0.0034904013961605585,0.008726003490401396,0.019197207678883072,0.0,0.0034904013961605585,0.006980802792321117,spa_latn-hin_deva,spa_latn,hin_deva,flores+opus+tatoeba+bouquet,1000mb,3,2290,573,5.47,,,,,,,
procrustes,0.012702791020274162,0.016420677304267883,0.7731413993464296,0.8568935427574171,0.9546247818499127,0.9738219895287958,0.7102966841186736,0.8743455497382199,0.912739965095986,spa_latn-hin_deva,spa_latn,hin_deva,flores+opus+tatoeba+bouquet,1000mb,3,2290,573,5.47,,,,,,,
affine,0.0066568274050951,0.01593872345983982,0.74770105063166,0.7260034904013961,0.8743455497382199,0.9319371727748691,0.5410122164048866,0.7417102966841187,0.8150087260034904,spa_latn-hin_deva,spa_latn,hin_deva,flores+opus+tatoeba+bouquet,1000mb,3,2290,573,5.47,,,,,,,
ridge,0.008763914927840233,0.011500667780637741,0.8079174779078832,0.7626527050610821,0.9162303664921466,0.956369982547993,0.5916230366492147,0.787085514834206,0.8481675392670157,spa_latn-hin_deva,spa_latn,hin_deva,flores+opus+tatoeba+bouquet,1000mb,3,2290,573,5.47,10.0,,,,,,
mlp,0.012142340652644634,0.012535171583294868,0.7943723000235287,0.38219895287958117,0.6701570680628273,0.7591623036649214,0.18848167539267016,0.418848167539267,0.5200698080279232,spa_latn-hin_deva,spa_latn,hin_deva,flores+opus+tatoeba+bouquet,1000mb,3,2290,573,5.47,,0.012158620368802187,0.012671371921896935,0.012543761171400547,0.012658492662012577,86.0,107.0
identity,0.15822777152061462,0.15591242909431458,0.7618059029804027,0.0034904013961605585,0.008726003490401396,0.013961605584642234,0.0,0.0017452006980802793,0.0034904013961605585,spa_latn-hin_deva,spa_latn,hin_deva,flores+opus+tatoeba+bouquet,1000mb,4,2290,573,6.1,,,,,,,
procrustes,0.02010938711464405,0.0263409111648798,0.7618058914328296,0.8970331588132635,0.9685863874345549,0.9842931937172775,0.774869109947644,0.9232111692844677,0.9528795811518325,spa_latn-hin_deva,spa_latn,hin_deva,flores+opus+tatoeba+bouquet,1000mb,4,2290,573,6.1,,,,,,,
affine,0.011076172813773155,0.026187190786004066,0.7353943957737917,0.8324607329842932,0.9546247818499127,0.9738219895287958,0.6527050610820244,0.8621291448516579,0.9075043630017452,spa_latn-hin_deva,spa_latn,hin_deva,flores+opus+tatoeba+bouquet,1000mb,4,2290,573,6.1,,,,,,,
ridge,0.017295891419053078,0.019211066886782646,0.7837817037050159,0.743455497382199,0.9162303664921466,0.9493891797556719,0.5602094240837696,0.7801047120418848,0.8621291448516579,spa_latn-hin_deva,spa_latn,hin_deva,flores+opus+tatoeba+bouquet,1000mb,4,2290,573,6.1,100.0,,,,,,
mlp,0.01915840618312359,0.02014458179473877,0.7835051060956267,0.6055846422338569,0.8621291448516579,0.9109947643979057,0.4118673647469459,0.643979057591623,0.743455497382199,spa_latn-hin_deva,spa_latn,hin_deva,flores+opus+tatoeba+bouquet,1000mb,4,2290,573,6.1,,0.01914685874274283,0.020635230466723442,0.020164424553513527,0.020590251311659813,108.0,129.0
identity,0.20177526772022247,0.19880706071853638,0.7502559696048163,0.0017452006980802793,0.008726003490401396,0.015706806282722512,0.0,0.0017452006980802793,0.005235602094240838,spa_latn-hin_deva,spa_latn,hin_deva,flores+opus+tatoeba+bouquet,1000mb,5,2290,573,8.27,,,,,,,
procrustes,0.028411252424120903,0.0378107912838459,0.7502559755841749,0.900523560209424,0.9790575916230366,0.9860383944153578,0.7766143106457243,0.9179755671902269,0.956369982547993,spa_latn-hin_deva,spa_latn,hin_deva,flores+opus+tatoeba+bouquet,1000mb,5,2290,573,8.27,,,,,,,
affine,0.01641025021672249,0.03886350989341736,0.7154699480870158,0.8464223385689355,0.9546247818499127,0.9703315881326352,0.6614310645724258,0.8830715532286213,0.9267015706806283,spa_latn-hin_deva,spa_latn,hin_deva,flores+opus+tatoeba+bouquet,1000mb,5,2290,573,8.27,,,,,,,
ridge,0.02464612014591694,0.028213705867528915,0.7697359978799937,0.7975567190226877,0.9389179755671903,0.9581151832460733,0.6020942408376964,0.8324607329842932,0.881326352530541,spa_latn-hin_deva,spa_latn,hin_deva,flores+opus+tatoeba+bouquet,1000mb,5,2290,573,8.27,100.0,,,,,,
mlp,0.02675151266157627,0.029186731204390526,0.7707368510908569,0.699825479930192,0.912739965095986,0.9424083769633508,0.47294938917975565,0.7382198952879581,0.8289703315881326,spa_latn-hin_deva,spa_latn,hin_deva,flores+opus+tatoeba+bouquet,1000mb,5,2290,573,8.27,,0.026339894612178658,0.030909869819879532,0.029140224680304527,0.03086513839662075,193.0,200.0
identity,0.2468566596508026,0.24347209930419922,0.754222550946544,0.0017452006980802793,0.006980802792321117,0.012216404886561954,0.0,0.0,0.0034904013961605585,spa_latn-hin_deva,spa_latn,hin_deva,flores+opus+tatoeba+bouquet,1000mb,6,2290,573,6.74,,,,,,,
procrustes,0.03830517455935478,0.05193835869431496,0.7542225501382034,0.9301919720767888,0.9860383944153578,0.987783595113438,0.8324607329842932,0.9511343804537522,0.9738219895287958,spa_latn-hin_deva,spa_latn,hin_deva,flores+opus+tatoeba+bouquet,1000mb,6,2290,573,6.74,,,,,,,
affine,0.02123306691646576,0.049794137477874756,0.7240981966794993,0.8551483420593369,0.9650959860383944,0.9773123909249564,0.6858638743455497,0.8865619546247818,0.9336823734729494,spa_latn-hin_deva,spa_latn,hin_deva,flores+opus+tatoeba+bouquet,1000mb,6,2290,573,6.74,,,,,,,
ridge,0.03028283454477787,0.03598213568329811,0.7730358679833947,0.837696335078534,0.9528795811518325,0.9773123909249564,0.68760907504363,0.8726003490401396,0.9109947643979057,spa_latn-hin_deva,spa_latn,hin_deva,flores+opus+tatoeba+bouquet,1000mb,6,2290,573,6.74,100.0,,,,,,
mlp,0.03241509571671486,0.03675029054284096,0.7708718943425223,0.7818499127399651,0.9389179755671903,0.9685863874345549,0.5828970331588132,0.8254799301919721,0.8848167539267016,spa_latn-hin_deva,spa_latn,hin_deva,flores+opus+tatoeba+bouquet,1000mb,6,2290,573,6.74,,0.031877387653697624,0.03762480244040489,0.03673623502254486,0.03759445995092392,130.0,151.0
identity,0.3245631456375122,0.3206167221069336,0.7625201624453574,0.0017452006980802793,0.006980802792321117,0.02268760907504363,0.0,0.0,0.0017452006980802793,spa_latn-hin_deva,spa_latn,hin_deva,flores+opus+tatoeba+bouquet,1000mb,7,2290,573,6.62,,,,,,,
procrustes,0.0546315498650074,0.07372800260782242,0.7625201653020952,0.9493891797556719,0.987783595113438,0.9895287958115183,0.8778359511343804,0.9650959860383944,0.9773123909249564,spa_latn-hin_deva,spa_latn,hin_deva,flores+opus+tatoeba+bouquet,1000mb,7,2290,573,6.62,,,,,,,
affine,0.029179971665143967,0.06784076243638992,0.7311924346983469,0.8673647469458988,0.9650959860383944,0.9790575916230366,0.6858638743455497,0.900523560209424,0.944153577661431,spa_latn-hin_deva,spa_latn,hin_deva,flores+opus+tatoeba+bouquet,1000mb,7,2290,573,6.62,,,,,,,
ridge,0.03960883244872093,0.04906442016363144,0.7861888687410159,0.881326352530541,0.9685863874345549,0.9808027923211169,0.7329842931937173,0.9092495636998255,0.9389179755671903,spa_latn-hin_deva,spa_latn,hin_deva,flores+opus+tatoeba+bouquet,1000mb,7,2290,573,6.62,100.0,,,,,,
mlp,0.04128184914588928,0.0496077798306942,0.7847347521338867,0.8342059336823735,0.9633507853403142,0.9773123909249564,0.6509598603839442,0.8743455497382199,0.9162303664921466,spa_latn-hin_deva,spa_latn,hin_deva,flores+opus+tatoeba+bouquet,1000mb,7,2290,573,6.62,,0.04010247631054936,0.05132001265883446,0.049671679735183716,0.0512239895761013,127.0,148.0
identity,0.42598700523376465,0.42154642939567566,0.7508363435461577,0.0,0.012216404886561954,0.02443280977312391,0.0,0.0,0.0017452006980802793,spa_latn-hin_deva,spa_latn,hin_deva,flores+opus+tatoeba+bouquet,1000mb,8,2290,573,6.05,,,,,,,
procrustes,0.0815512165427208,0.10955622047185898,0.7508363453198326,0.944153577661431,0.9930191972076788,0.9930191972076788,0.8656195462478184,0.9633507853403142,0.9738219895287958,spa_latn-hin_deva,spa_latn,hin_deva,flores+opus+tatoeba+bouquet,1000mb,8,2290,573,6.05,,,,,,,
affine,0.042705271393060684,0.09882493317127228,0.7175730610829044,0.8621291448516579,0.9703315881326352,0.9790575916230366,0.68760907504363,0.8621291448516579,0.9232111692844677,spa_latn-hin_deva,spa_latn,hin_deva,flores+opus+tatoeba+bouquet,1000mb,8,2290,573,6.05,,,,,,,
ridge,0.0553298257291317,0.07168839126825333,0.7735915739323438,0.8708551483420593,0.9685863874345549,0.9842931937172775,0.7102966841186736,0.893542757417103,0.9336823734729494,spa_latn-hin_deva,spa_latn,hin_deva,flores+opus+tatoeba+bouquet,1000mb,8,2290,573,6.05,100.0,,,,,,
mlp,0.056266751140356064,0.07226567715406418,0.7705173981259982,0.837696335078534,0.9598603839441536,0.9790575916230366,0.62478184991274,0.8621291448516579,0.9144851657940664,spa_latn-hin_deva,spa_latn,hin_deva,flores+opus+tatoeba+bouquet,1000mb,8,2290,573,6.05,,0.05341022021391175,0.07460851967334747,0.07225307077169418,0.0745428055524826,108.0,129.0
identity,0.6003172993659973,0.5936529040336609,0.7523138171992579,0.0,0.012216404886561954,0.02268760907504363,0.0,0.0017452006980802793,0.0017452006980802793,spa_latn-hin_deva,spa_latn,hin_deva,flores+opus+tatoeba+bouquet,1000mb,9,2290,573,5.1,,,,,,,
procrustes,0.12060733139514923,0.16005651652812958,0.752313823183855,0.93717277486911,0.987783595113438,0.9947643979057592,0.8446771378708552,0.9581151832460733,0.9808027923211169,spa_latn-hin_deva,spa_latn,hin_deva,flores+opus+tatoeba+bouquet,1000mb,9,2290,573,5.1,,,,,,,
affine,0.06220923736691475,0.14341142773628235,0.7153762247397656,0.837696335078534,0.956369982547993,0.9808027923211169,0.6474694589877836,0.8534031413612565,0.9092495636998255,spa_latn-hin_deva,spa_latn,hin_deva,flores+opus+tatoeba+bouquet,1000mb,9,2290,573,5.1,,,,,,,
ridge,0.07731457054615021,0.10515320301055908,0.7706964185791336,0.8586387434554974,0.9633507853403142,0.9773123909249564,0.699825479930192,0.8726003490401396,0.9214659685863874,spa_latn-hin_deva,spa_latn,hin_deva,flores+opus+tatoeba+bouquet,1000mb,9,2290,573,5.1,100.0,,,,,,
mlp,0.08134616166353226,0.10607483983039856,0.7670135547538327,0.8097731239092496,0.9493891797556719,0.9790575916230366,0.62478184991274,0.837696335078534,0.8952879581151832,spa_latn-hin_deva,spa_latn,hin_deva,flores+opus+tatoeba+bouquet,1000mb,9,2290,573,5.1,,0.07595663359670927,0.10427908599376678,0.10618218779563904,0.10402052104473114,76.0,97.0
identity,0.8617351651191711,0.852034330368042,0.7418249860457761,0.0017452006980802793,0.008726003490401396,0.02268760907504363,0.0,0.0,0.0017452006980802793,spa_latn-hin_deva,spa_latn,hin_deva,flores+opus+tatoeba+bouquet,1000mb,10,2290,573,5.24,,,,,,,
procrustes,0.1822035014629364,0.23844628036022186,0.7418249876432782,0.9284467713787086,0.987783595113438,0.9912739965095986,0.8080279232111692,0.9528795811518325,0.9703315881326352,spa_latn-hin_deva,spa_latn,hin_deva,flores+opus+tatoeba+bouquet,1000mb,10,2290,573,5.24,,,,,,,
affine,0.09373842179775238,0.21442581713199615,0.7106457881829163,0.8132635253054101,0.9389179755671903,0.9738219895287958,0.6178010471204188,0.8254799301919721,0.8830715532286213,spa_latn-hin_deva,spa_latn,hin_deva,flores+opus+tatoeba+bouquet,1000mb,10,2290,573,5.24,,,,,,,
ridge,0.14421820640563965,0.15973977744579315,0.7563003825850735,0.631762652705061,0.8743455497382199,0.9179755671902269,0.44502617801047123,0.6631762652705061,0.7539267015706806,spa_latn-hin_deva,spa_latn,hin_deva,flores+opus+tatoeba+bouquet,1000mb,10,2290,573,5.24,1000.0,,,,,,
mlp,0.11858156323432922,0.1611025035381317,0.7604195364812718,0.787085514834206,0.9214659685863874,0.956369982547993,0.5619546247818499,0.8132635253054101,0.8708551483420593,spa_latn-hin_deva,spa_latn,hin_deva,flores+opus+tatoeba+bouquet,1000mb,10,2290,573,5.24,,0.10888575717355266,0.1632283329963684,0.16188278794288635,0.16242505609989166,80.0,101.0
identity,1.1759259700775146,1.1636189222335815,0.7330124319006089,0.0,0.006980802792321117,0.03315881326352531,0.0,0.0,0.0017452006980802793,spa_latn-hin_deva,spa_latn,hin_deva,flores+opus+tatoeba+bouquet,1000mb,11,2290,573,4.59,,,,,,,
procrustes,0.24519838392734528,0.3205360472202301,0.7330124342725592,0.9197207678883071,0.9825479930191972,0.9930191972076788,0.7783595113438045,0.9336823734729494,0.9616055846422339,spa_latn-hin_deva,spa_latn,hin_deva,flores+opus+tatoeba+bouquet,1000mb,11,2290,573,4.59,,,,,,,
affine,0.12326949834823608,0.2827397584915161,0.7039350549812396,0.7696335078534031,0.9144851657940664,0.9546247818499127,0.5340314136125655,0.7853403141361257,0.8411867364746946,spa_latn-hin_deva,spa_latn,hin_deva,flores+opus+tatoeba+bouquet,1000mb,11,2290,573,4.59,,,,,,,
ridge,0.18335041403770447,0.2085946798324585,0.7590311123359352,0.6143106457242583,0.8464223385689355,0.8900523560209425,0.40663176265270506,0.6212914485165794,0.7207678883071553,spa_latn-hin_deva,spa_latn,hin_deva,flores+opus+tatoeba+bouquet,1000mb,11,2290,573,4.59,1000.0,,,,,,
mlp,0.16175061464309692,0.21272847056388855,0.7607218272481326,0.7068062827225131,0.8952879581151832,0.9424083769633508,0.47294938917975565,0.7364746945898778,0.8219895287958116,spa_latn-hin_deva,spa_latn,hin_deva,flores+opus+tatoeba+bouquet,1000mb,11,2290,573,4.59,,0.1462202365651275,0.2131650596857071,0.2134130746126175,0.21194840967655182,58.0,79.0
identity,2.172834873199463,2.1711251735687256,0.7174704400828786,0.0017452006980802793,0.012216404886561954,0.020942408376963352,0.0,0.0,0.0017452006980802793,spa_latn-hin_deva,spa_latn,hin_deva,flores+opus+tatoeba+bouquet,1000mb,12,2290,573,4.06,,,,,,,
procrustes,0.5120270252227783,0.7033224105834961,0.7174704385004407,0.8987783595113438,0.9738219895287958,0.9860383944153578,0.7399650959860384,0.9232111692844677,0.9476439790575916,spa_latn-hin_deva,spa_latn,hin_deva,flores+opus+tatoeba+bouquet,1000mb,12,2290,573,4.06,,,,,,,
affine,0.28337350487709045,0.6460421681404114,0.690070778629285,0.7783595113438045,0.9424083769633508,0.9598603839441536,0.5794066317626527,0.8150087260034904,0.8656195462478184,spa_latn-hin_deva,spa_latn,hin_deva,flores+opus+tatoeba+bouquet,1000mb,12,2290,573,4.06,,,,,,,
ridge,0.37553924322128296,0.4707615077495575,0.7495208554101104,0.7678883071553229,0.9179755671902269,0.9476439790575916,0.5392670157068062,0.8010471204188482,0.8586387434554974,spa_latn-hin_deva,spa_latn,hin_deva,flores+opus+tatoeba+bouquet,1000mb,12,2290,573,4.06,1000.0,,,,,,
mlp,0.38351091742515564,0.4913049638271332,0.7470321079461455,0.7452006980802792,0.9197207678883071,0.9528795811518325,0.518324607329843,0.787085514834206,0.837696335078534,spa_latn-hin_deva,spa_latn,hin_deva,flores+opus+tatoeba+bouquet,1000mb,12,2290,573,4.06,,0.3384143619826346,0.4918631315231323,0.49338358640670776,0.48911646008491516,40.0,61.0
identity,0.00015274653560481966,0.00015043074381537735,0.749491052625317,0.015706806282722512,0.05235602094240838,0.09773123909249563,0.005235602094240838,0.020942408376963352,0.02617801047120419,spa_latn-fra_latn,spa_latn,fra_latn,flores+opus+tatoeba+bouquet,1000mb,0,2290,573,5.05,,,,,,,
procrustes,3.707243740791455e-05,5.4235340940067545e-05,0.7494910526422485,0.7015706806282722,0.8411867364746946,0.8760907504363001,0.5532286212914486,0.7225130890052356,0.7853403141361257,spa_latn-fra_latn,spa_latn,fra_latn,flores+opus+tatoeba+bouquet,1000mb,0,2290,573,5.05,,,,,,,
affine,2.0060750102857128e-05,4.79388763778843e-05,0.7503986768262413,0.5322862129144852,0.7225130890052356,0.7923211169284468,0.3525305410122164,0.5741710296684118,0.6300174520069808,spa_latn-fra_latn,spa_latn,fra_latn,flores+opus+tatoeba+bouquet,1000mb,0,2290,573,5.05,,,,,,,
ridge,2.713251524255611e-05,3.417931657168083e-05,0.8102960870050401,0.38917975567190227,0.6178010471204188,0.6928446771378709,0.2513089005235602,0.41361256544502617,0.49912739965095987,spa_latn-fra_latn,spa_latn,fra_latn,flores+opus+tatoeba+bouquet,1000mb,0,2290,573,5.05,0.1,,,,,,
mlp,5.4684001952409744e-05,5.4132280638441443e-05,0.48310092770607926,0.0017452006980802793,0.008726003490401396,0.017452006980802792,0.0,0.0034904013961605585,0.005235602094240838,spa_latn-fra_latn,spa_latn,fra_latn,flores+opus+tatoeba+bouquet,1000mb,0,2290,573,5.05,,5.4975064510169126e-05,5.512692951015197e-05,5.414096449385397e-05,5.5093347327783704e-05,71.0,92.0
identity,0.03917638957500458,0.03887195512652397,0.8003032807060224,0.005235602094240838,0.027923211169284468,0.05235602094240838,0.0017452006980802793,0.0034904013961605585,0.008726003490401396,spa_latn-fra_latn,spa_latn,fra_latn,flores+opus+tatoeba+bouquet,1000mb,1,2290,573,4.07,,,,,,,
procrustes,0.004346754401922226,0.0055776298977434635,0.8003032803437601,0.9284467713787086,0.9755671902268761,0.9895287958115183,0.8568935427574171,0.9424083769633508,0.9650959860383944,spa_latn-fra_latn,spa_latn,fra_latn,flores+opus+tatoeba+bouquet,1000mb,1,2290,573,4.07,,,,,,,
affine,0.0019743775483220816,0.004675304517149925,0.7865117378433837,0.794066317626527,0.9197207678883071,0.93717277486911,0.6527050610820244,0.8202443280977313,0.8551483420593369,spa_latn-fra_latn,spa_latn,fra_latn,flores+opus+tatoeba+bouquet,1000mb,1,2290,573,4.07,,,,,,,
ridge,0.002838681684806943,0.0033966207411140203,0.8412441140041529,0.7190226876090751,0.8673647469458988,0.9057591623036649,0.5724258289703316,0.7643979057591623,0.8150087260034904,spa_latn-fra_latn,spa_latn,fra_latn,flores+opus+tatoeba+bouquet,1000mb,1,2290,573,4.07,10.0,,,,,,
mlp,0.004424589686095715,0.004427650477737188,0.8002476366924083,0.07155322862129145,0.1518324607329843,0.2547993019197208,0.02617801047120419,0.07329842931937172,0.1169284467713787,spa_latn-fra_latn,spa_latn,fra_latn,flores+opus+tatoeba+bouquet,1000mb,1,2290,573,4.07,,0.00440742972899567,0.004655415192246437,0.0044455318711698055,0.004632511641830206,40.0,61.0
identity,0.089391328394413,0.08847299963235855,0.8532768502389427,0.006980802792321117,0.02443280977312391,0.04712041884816754,0.0017452006980802793,0.010471204188481676,0.017452006980802792,spa_latn-fra_latn,spa_latn,fra_latn,flores+opus+tatoeba+bouquet,1000mb,2,2290,573,4.96,,,,,,,
procrustes,0.006087677087634802,0.007717668078839779,0.8532768496694297,0.944153577661431,0.9825479930191972,0.9930191972076788,0.893542757417103,0.956369982547993,0.9685863874345549,spa_latn-fra_latn,spa_latn,fra_latn,flores+opus+tatoeba+bouquet,1000mb,2,2290,573,4.96,,,,,,,
affine,0.002893028547987342,0.006888349074870348,0.8277031219715444,0.8481675392670157,0.9650959860383944,0.9825479930191972,0.7260034904013961,0.8673647469458988,0.8987783595113438,spa_latn-fra_latn,spa_latn,fra_latn,flores+opus+tatoeba+bouquet,1000mb,2,2290,573,4.96,,,,,,,
ridge,0.004040983971208334,0.004971839487552643,0.8773792227370966,0.8324607329842932,0.9406631762652705,0.9668411867364747,0.7190226876090751,0.8603839441535777,0.8917975567190227,spa_latn-fra_latn,spa_latn,fra_latn,flores+opus+tatoeba+bouquet,1000mb,2,2290,573,4.96,10.0,,,,,,
mlp,0.006121807731688023,0.006160098128020763,0.8660619029061185,0.24083769633507854,0.47643979057591623,0.5828970331588132,0.09947643979057591,0.2530541012216405,0.3472949389179756,spa_latn-fra_latn,spa_latn,fra_latn,flores+opus+tatoeba+bouquet,1000mb,2,2290,573,4.96,,0.006190582390197299,0.006008003372699022,0.006196130067110062,0.005979837384074926,70.0,91.0
identity,0.12407903373241425,0.12252617627382278,0.8336396313820382,0.005235602094240838,0.03315881326352531,0.05235602094240838,0.0017452006980802793,0.017452006980802792,0.027923211169284468,spa_latn-fra_latn,spa_latn,fra_latn,flores+opus+tatoeba+bouquet,1000mb,3,2290,573,5.51,,,,,,,
procrustes,0.010304826311767101,0.013094980269670486,0.8336396310762938,0.9406631762652705,0.9912739965095986,0.9965095986038395,0.893542757417103,0.9511343804537522,0.9773123909249564,spa_latn-fra_latn,spa_latn,fra_latn,flores+opus+tatoeba+bouquet,1000mb,3,2290,573,5.51,,,,,,,
affine,0.005366572644561529,0.012791736051440239,0.7920422595537646,0.893542757417103,0.9685863874345549,0.9842931937172775,0.7835951134380453,0.9092495636998255,0.9319371727748691,spa_latn-fra_latn,spa_latn,fra_latn,flores+opus+tatoeba+bouquet,1000mb,3,2290,573,5.51,,,,,,,
ridge,0.007128626573830843,0.009290223009884357,0.8485898478572714,0.8987783595113438,0.9720767888307156,0.9842931937172775,0.8167539267015707,0.9057591623036649,0.9389179755671903,spa_latn-fra_latn,spa_latn,fra_latn,flores+opus+tatoeba+bouquet,1000mb,3,2290,573,5.51,10.0,,,,,,
mlp,0.010466272942721844,0.010728945955634117,0.8396315715840881,0.525305410122164,0.8027923211169284,0.8760907504363001,0.3263525305410122,0.5671902268760908,0.6631762652705061,spa_latn-fra_latn,spa_latn,fra_latn,flores+opus+tatoeba+bouquet,1000mb,3,2290,573,5.51,,0.010449881693630508,0.011030847206711769,0.010733005590736866,0.011011609807610512,88.0,109.0
identity,0.1678599864244461,0.1651187539100647,0.8269958912387931,0.008726003490401396,0.020942408376963352,0.038394415357766144,0.0034904013961605585,0.008726003490401396,0.015706806282722512,spa_latn-fra_latn,spa_latn,fra_latn,flores+opus+tatoeba+bouquet,1000mb,4,2290,573,6.0,,,,,,,
procrustes,0.01659054309129715,0.021356705576181412,0.8269958939914445,0.9703315881326352,0.9930191972076788,0.9965095986038395,0.9284467713787086,0.9755671902268761,0.987783595113438,spa_latn-fra_latn,spa_latn,fra_latn,flores+opus+tatoeba+bouquet,1000mb,4,2290,573,6.0,,,,,,,
affine,0.009224914945662022,0.021837562322616577,0.7865232181906604,0.93717277486911,0.9755671902268761,0.9860383944153578,0.8621291448516579,0.9511343804537522,0.9650959860383944,spa_latn-fra_latn,spa_latn,fra_latn,flores+opus+tatoeba+bouquet,1000mb,4,2290,573,6.0,,,,,,,
ridge,0.011506308801472187,0.016065016388893127,0.8402774965290409,0.9406631762652705,0.987783595113438,0.9930191972076788,0.8743455497382199,0.9546247818499127,0.9720767888307156,spa_latn-fra_latn,spa_latn,fra_latn,flores+opus+tatoeba+bouquet,1000mb,4,2290,573,6.0,10.0,,,,,,
mlp,0.016728950664401054,0.017543837428092957,0.8372737523874216,0.7888307155322862,0.9476439790575916,0.9738219895287958,0.6178010471204188,0.8289703315881326,0.8900523560209425,spa_latn-fra_latn,spa_latn,fra_latn,flores+opus+tatoeba+bouquet,1000mb,4,2290,573,6.0,,0.016662967673531086,0.017844609916210175,0.017551496624946594,0.017782414332032204,105.0,126.0
identity,0.20527561008930206,0.20169585943222046,0.8264353952995157,0.005235602094240838,0.02443280977312391,0.029668411867364748,0.0017452006980802793,0.006980802792321117,0.012216404886561954,spa_latn-fra_latn,spa_latn,fra_latn,flores+opus+tatoeba+bouquet,1000mb,5,2290,573,7.09,,,,,,,
procrustes,0.021827824413776398,0.02891780249774456,0.8264353902040641,0.9703315881326352,0.9947643979057592,0.9965095986038395,0.9354275741710296,0.9790575916230366,0.987783595113438,spa_latn-fra_latn,spa_latn,fra_latn,flores+opus+tatoeba+bouquet,1000mb,5,2290,573,7.09,,,,,,,
affine,0.012797805480659008,0.030247503891587257,0.7896973451611288,0.9424083769633508,0.987783595113438,0.9930191972076788,0.8795811518324608,0.9616055846422339,0.9755671902268761,spa_latn-fra_latn,spa_latn,fra_latn,flores+opus+tatoeba+bouquet,1000mb,5,2290,573,7.09,,,,,,,
ridge,0.01973428577184677,0.022231915965676308,0.8355464821096839,0.9179755671902269,0.9773123909249564,0.9860383944153578,0.8324607329842932,0.944153577661431,0.9616055846422339,spa_latn-fra_latn,spa_latn,fra_latn,flores+opus+tatoeba+bouquet,1000mb,5,2290,573,7.09,100.0,,,,,,
mlp,0.02217624895274639,0.023718001320958138,0.8305457650717939,0.837696335078534,0.9650959860383944,0.9773123909249564,0.7155322862129145,0.8987783595113438,0.93717277486911,spa_latn-fra_latn,spa_latn,fra_latn,flores+opus+tatoeba+bouquet,1000mb,5,2290,573,7.09,,0.02208571553681836,0.02457931637763977,0.023714769631624222,0.024533379822969437,141.0,162.0
identity,0.2550685405731201,0.2506538927555084,0.8265991966662524,0.006980802792321117,0.019197207678883072,0.03664921465968586,0.0,0.006980802792321117,0.008726003490401396,spa_latn-fra_latn,spa_latn,fra_latn,flores+opus+tatoeba+bouquet,1000mb,6,2290,573,7.36,,,,,,,
procrustes,0.031092215329408646,0.04170830175280571,0.8265991991870876,0.9808027923211169,0.9965095986038395,0.9982547993019197,0.9476439790575916,0.9860383944153578,0.9895287958115183,spa_latn-fra_latn,spa_latn,fra_latn,flores+opus+tatoeba+bouquet,1000mb,6,2290,573,7.36,,,,,,,
affine,0.017988447099924088,0.04191948100924492,0.7985875038429862,0.9581151832460733,0.9912739965095986,0.9947643979057592,0.900523560209424,0.9790575916230366,0.9860383944153578,spa_latn-fra_latn,spa_latn,fra_latn,flores+opus+tatoeba+bouquet,1000mb,6,2290,573,7.36,,,,,,,
ridge,0.026276351884007454,0.03090452030301094,0.8387354300116489,0.9511343804537522,0.9930191972076788,0.9947643979057592,0.8865619546247818,0.9650959860383944,0.9773123909249564,spa_latn-fra_latn,spa_latn,fra_latn,flores+opus+tatoeba+bouquet,1000mb,6,2290,573,7.36,100.0,,,,,,
mlp,0.02897636778652668,0.03240012750029564,0.8359976336494882,0.9232111692844677,0.987783595113438,0.9930191972076788,0.8464223385689355,0.9528795811518325,0.9685863874345549,spa_latn-fra_latn,spa_latn,fra_latn,flores+opus+tatoeba+bouquet,1000mb,6,2290,573,7.36,,0.02851537654571461,0.03409431129693985,0.032446201890707016,0.03397870436310768,151.0,172.0
identity,0.3180077373981476,0.3132151961326599,0.8274639875059908,0.006980802792321117,0.019197207678883072,0.038394415357766144,0.0,0.006980802792321117,0.006980802792321117,spa_latn-fra_latn,spa_latn,fra_latn,flores+opus+tatoeba+bouquet,1000mb,7,2290,573,7.13,,,,,,,
procrustes,0.04472582787275314,0.060699257999658585,0.8274639857335965,0.9808027923211169,0.9965095986038395,0.9982547993019197,0.9511343804537522,0.9895287958115183,0.9895287958115183,spa_latn-fra_latn,spa_latn,fra_latn,flores+opus+tatoeba+bouquet,1000mb,7,2290,573,7.13,,,,,,,
affine,0.02708662673830986,0.06274695694446564,0.7971524746767046,0.9685863874345549,0.9930191972076788,0.9965095986038395,0.9179755671902269,0.9825479930191972,0.9860383944153578,spa_latn-fra_latn,spa_latn,fra_latn,flores+opus+tatoeba+bouquet,1000mb,7,2290,573,7.13,,,,,,,
ridge,0.03741614893078804,0.04604944586753845,0.8383677153107647,0.9720767888307156,0.9912739965095986,0.9965095986038395,0.9197207678883071,0.9790575916230366,0.9860383944153578,spa_latn-fra_latn,spa_latn,fra_latn,flores+opus+tatoeba+bouquet,1000mb,7,2290,573,7.13,100.0,,,,,,
mlp,0.04016265645623207,0.04764294624328613,0.8356719407150842,0.9633507853403142,0.9912739965095986,0.9930191972076788,0.893542757417103,0.9738219895287958,0.9790575916230366,spa_latn-fra_latn,spa_latn,fra_latn,flores+opus+tatoeba+bouquet,1000mb,7,2290,573,7.13,,0.03908962745106581,0.05018623173236847,0.0476735383272171,0.050134655088186264,145.0,166.0
identity,0.4087482690811157,0.4040306806564331,0.8283034646867666,0.005235602094240838,0.020942408376963352,0.04013961605584642,0.0,0.005235602094240838,0.010471204188481676,spa_latn-fra_latn,spa_latn,fra_latn,flores+opus+tatoeba+bouquet,1000mb,8,2290,573,8.09,,,,,,,
procrustes,0.06247599050402641,0.08540264517068863,0.8283034656883564,0.9860383944153578,0.9947643979057592,0.9982547993019197,0.9650959860383944,0.987783595113438,0.9912739965095986,spa_latn-fra_latn,spa_latn,fra_latn,flores+opus+tatoeba+bouquet,1000mb,8,2290,573,8.09,,,,,,,
affine,0.037123605608940125,0.08590015023946762,0.7992768671429447,0.9773123909249564,0.9930191972076788,0.9947643979057592,0.9301919720767888,0.9860383944153578,0.9912739965095986,spa_latn-fra_latn,spa_latn,fra_latn,flores+opus+tatoeba+bouquet,1000mb,8,2290,573,8.09,,,,,,,
ridge,0.048764266073703766,0.0631198063492775,0.8423424122826529,0.9738219895287958,0.9947643979057592,0.9947643979057592,0.9336823734729494,0.9808027923211169,0.987783595113438,spa_latn-fra_latn,spa_latn,fra_latn,flores+opus+tatoeba+bouquet,1000mb,8,2290,573,8.09,100.0,,,,,,
mlp,0.04958312213420868,0.06488100439310074,0.838692520002766,0.9685863874345549,0.9947643979057592,0.9947643979057592,0.9162303664921466,0.9773123909249564,0.9860383944153578,spa_latn-fra_latn,spa_latn,fra_latn,flores+opus+tatoeba+bouquet,1000mb,8,2290,573,8.09,,0.048294262565446625,0.06591284275054932,0.0649634376168251,0.06583865731954575,197.0,200.0
identity,0.5609240531921387,0.5549768805503845,0.8374969812471603,0.005235602094240838,0.020942408376963352,0.038394415357766144,0.0,0.006980802792321117,0.010471204188481676,spa_latn-fra_latn,spa_latn,fra_latn,flores+opus+tatoeba+bouquet,1000mb,9,2290,573,6.51,,,,,,,
procrustes,0.08968048542737961,0.1213117241859436,0.837496981942041,0.9808027923211169,0.9965095986038395,0.9965095986038395,0.956369982547993,0.9895287958115183,0.9947643979057592,spa_latn-fra_latn,spa_latn,fra_latn,flores+opus+tatoeba+bouquet,1000mb,9,2290,573,6.51,,,,,,,
affine,0.053640350699424744,0.12351096421480179,0.8040481548053531,0.9790575916230366,0.9947643979057592,0.9947643979057592,0.9284467713787086,0.987783595113438,0.9912739965095986,spa_latn-fra_latn,spa_latn,fra_latn,flores+opus+tatoeba+bouquet,1000mb,9,2290,573,6.51,,,,,,,
ridge,0.06740878522396088,0.09146113693714142,0.8472632564801357,0.9808027923211169,0.9947643979057592,0.9947643979057592,0.9336823734729494,0.9860383944153578,0.9912739965095986,spa_latn-fra_latn,spa_latn,fra_latn,flores+opus+tatoeba+bouquet,1000mb,9,2290,573,6.51,100.0,,,,,,
mlp,0.06995832175016403,0.09378354251384735,0.8432788564501255,0.9755671902268761,0.9947643979057592,0.9947643979057592,0.9075043630017452,0.9860383944153578,0.9912739965095986,spa_latn-fra_latn,spa_latn,fra_latn,flores+opus+tatoeba+bouquet,1000mb,9,2290,573,6.51,,0.06602499611449963,0.09612563997507095,0.09386652708053589,0.0960061177611351,125.0,146.0
identity,0.7726696729660034,0.7636685967445374,0.8321929126656799,0.0034904013961605585,0.02268760907504363,0.038394415357766144,0.0,0.006980802792321117,0.008726003490401396,spa_latn-fra_latn,spa_latn,fra_latn,flores+opus+tatoeba+bouquet,1000mb,10,2290,573,5.85,,,,,,,
procrustes,0.12370305508375168,0.16650253534317017,0.8321929119429047,0.9825479930191972,0.9965095986038395,0.9965095986038395,0.9493891797556719,0.9947643979057592,0.9947643979057592,spa_latn-fra_latn,spa_latn,fra_latn,flores+opus+tatoeba+bouquet,1000mb,10,2290,573,5.85,,,,,,,
affine,0.07267448306083679,0.16637925803661346,0.7981197047459231,0.9773123909249564,0.9930191972076788,0.9947643979057592,0.9197207678883071,0.9825479930191972,0.9912739965095986,spa_latn-fra_latn,spa_latn,fra_latn,flores+opus+tatoeba+bouquet,1000mb,10,2290,573,5.85,,,,,,,
ridge,0.08797332644462585,0.12478429824113846,0.8420678184902048,0.9773123909249564,0.9947643979057592,0.9947643979057592,0.9336823734729494,0.9860383944153578,0.9912739965095986,spa_latn-fra_latn,spa_latn,fra_latn,flores+opus+tatoeba+bouquet,1000mb,10,2290,573,5.85,100.0,,,,,,
mlp,0.09383638948202133,0.12815311551094055,0.8382933368670715,0.9720767888307156,0.9930191972076788,0.9947643979057592,0.9022687609075044,0.9842931937172775,0.9912739965095986,spa_latn-fra_latn,spa_latn,fra_latn,flores+opus+tatoeba+bouquet,1000mb,10,2290,573,5.85,,0.08766581321304495,0.1292049139738083,0.1282433420419693,0.1288844347000122,102.0,123.0
identity,1.0794813632965088,1.064139723777771,0.8207916107304614,0.006980802792321117,0.017452006980802792,0.027923211169284468,0.0017452006980802793,0.006980802792321117,0.012216404886561954,spa_latn-fra_latn,spa_latn,fra_latn,flores+opus+tatoeba+bouquet,1000mb,11,2290,573,5.56,,,,,,,
procrustes,0.1673753708600998,0.22183063626289368,0.8207916107530034,0.987783595113438,0.9965095986038395,0.9965095986038395,0.944153577661431,0.9930191972076788,0.9947643979057592,spa_latn-fra_latn,spa_latn,fra_latn,flores+opus+tatoeba+bouquet,1000mb,11,2290,573,5.56,,,,,,,
affine,0.0932704284787178,0.2139246165752411,0.7845835061566527,0.9598603839441536,0.9895287958115183,0.9912739965095986,0.8917975567190227,0.9738219895287958,0.9825479930191972,spa_latn-fra_latn,spa_latn,fra_latn,flores+opus+tatoeba+bouquet,1000mb,11,2290,573,5.56,,,,,,,
ridge,0.10935249924659729,0.16202786564826965,0.8306279880311848,0.9633507853403142,0.9895287958115183,0.9930191972076788,0.9075043630017452,0.9755671902268761,0.9842931937172775,spa_latn-fra_latn,spa_latn,fra_latn,flores+opus+tatoeba+bouquet,1000mb,11,2290,573,5.56,100.0,,,,,,
mlp,0.11777657270431519,0.16527096927165985,0.8288971933782763,0.9511343804537522,0.9895287958115183,0.9912739965095986,0.849912739965096,0.9685863874345549,0.9773123909249564,spa_latn-fra_latn,spa_latn,fra_latn,flores+opus+tatoeba+bouquet,1000mb,11,2290,573,5.56,,0.10912386598912152,0.16065341234207153,0.16563598811626434,0.15981034934520721,94.0,115.0
identity,1.9709899425506592,1.9599894285202026,0.8153408977305547,0.0034904013961605585,0.013961605584642234,0.027923211169284468,0.0,0.0034904013961605585,0.006980802792321117,spa_latn-fra_latn,spa_latn,fra_latn,flores+opus+tatoeba+bouquet,1000mb,12,2290,573,4.39,,,,,,,
procrustes,0.36186128854751587,0.4979226291179657,0.8153409012122855,0.9808027923211169,0.9965095986038395,0.9965095986038395,0.9389179755671903,0.9860383944153578,0.9930191972076788,spa_latn-fra_latn,spa_latn,fra_latn,flores+opus+tatoeba+bouquet,1000mb,12,2290,573,4.39,,,,,,,
affine,0.19876472651958466,0.4521639943122864,0.783487503687813,0.9616055846422339,0.9930191972076788,0.9947643979057592,0.8970331588132635,0.9755671902268761,0.9860383944153578,spa_latn-fra_latn,spa_latn,fra_latn,flores+opus+tatoeba+bouquet,1000mb,12,2290,573,4.39,,,,,,,
ridge,0.26983878016471863,0.3360707461833954,0.8257979799784894,0.9581151832460733,0.9912739965095986,0.9930191972076788,0.8830715532286213,0.9773123909249564,0.9825479930191972,spa_latn-fra_latn,spa_latn,fra_latn,flores+opus+tatoeba+bouquet,1000mb,12,2290,573,4.39,1000.0,,,,,,
mlp,0.264652281999588,0.3548778295516968,0.8216427958465962,0.9528795811518325,0.9912739965095986,0.9912739965095986,0.8760907504363001,0.9720767888307156,0.9790575916230366,spa_latn-fra_latn,spa_latn,fra_latn,flores+opus+tatoeba+bouquet,1000mb,12,2290,573,4.39,,0.23846944218332117,0.35391679406166077,0.3551259934902191,0.35277339816093445,55.0,76.0
identity,0.00015969460946507752,0.00015724755940027535,0.6972645263363572,0.010471204188481676,0.031413612565445025,0.05235602094240838,0.005235602094240838,0.012216404886561954,0.020942408376963352,spa_latn-rus_cyrl,spa_latn,rus_cyrl,flores+opus+tatoeba+bouquet,1000mb,0,2290,573,4.49,,,,,,,
procrustes,4.6629251301055774e-05,6.816983659518883e-05,0.6972645285837917,0.4223385689354276,0.6160558464223386,0.6980802792321117,0.2862129144851658,0.4397905759162304,0.5218150087260035,spa_latn-rus_cyrl,spa_latn,rus_cyrl,flores+opus+tatoeba+bouquet,1000mb,0,2290,573,4.49,,,,,,,
affine,2.5542991352267563e-05,6.114123243605718e-05,0.6973078169651986,0.36300174520069806,0.5479930191972077,0.631762652705061,0.225130890052356,0.38394415357766143,0.450261780104712,spa_latn-rus_cyrl,spa_latn,rus_cyrl,flores+opus+tatoeba+bouquet,1000mb,0,2290,573,4.49,,,,,,,
ridge,3.397094042156823e-05,4.279559288988821e-05,0.7676096814125867,0.28097731239092494,0.4677137870855148,0.5392670157068062,0.16055846422338568,0.30017452006980805,0.3717277486910995,spa_latn-rus_cyrl,spa_latn,rus_cyrl,flores+opus+tatoeba+bouquet,1000mb,0,2290,573,4.49,0.1,,,,,,
mlp,6.0820071666967124e-05,6.037151979398914e-05,0.5816607954060666,0.0017452006980802793,0.008726003490401396,0.017452006980802792,0.0,0.0017452006980802793,0.0034904013961605585,spa_latn-rus_cyrl,spa_latn,rus_cyrl,flores+opus+tatoeba+bouquet,1000mb,0,2290,573,4.49,,6.0719741172347725e-05,6.0012764151906595e-05,6.037609273334965e-05,5.99833729211241e-05,56.0,77.0
identity,0.03366571664810181,0.0335659384727478,0.7659027145747728,0.005235602094240838,0.02268760907504363,0.029668411867364748,0.0017452006980802793,0.005235602094240838,0.006980802792321117,spa_latn-rus_cyrl,spa_latn,rus_cyrl,flores+opus+tatoeba+bouquet,1000mb,1,2290,573,3.67,,,,,,,
procrustes,0.004634524695575237,0.006198936142027378,0.7659027184263486,0.7923211169284468,0.9162303664921466,0.9493891797556719,0.6178010471204188,0.8254799301919721,0.8726003490401396,spa_latn-rus_cyrl,spa_latn,rus_cyrl,flores+opus+tatoeba+bouquet,1000mb,1,2290,573,3.67,,,,,,,
affine,0.0023936096113175154,0.005738034378737211,0.7357670070170916,0.6684118673647469,0.8603839441535777,0.9144851657940664,0.450261780104712,0.6893542757417103,0.7574171029668412,spa_latn-rus_cyrl,spa_latn,rus_cyrl,flores+opus+tatoeba+bouquet,1000mb,1,2290,573,3.67,,,,,,,
ridge,0.00338917993940413,0.004133318550884724,0.7936557931525356,0.5951134380453752,0.7993019197207679,0.8795811518324608,0.3944153577661431,0.6073298429319371,0.6928446771378709,spa_latn-rus_cyrl,spa_latn,rus_cyrl,flores+opus+tatoeba+bouquet,1000mb,1,2290,573,3.67,10.0,,,,,,
mlp,0.004942475818097591,0.005092965438961983,0.7445758293579284,0.06108202443280977,0.12390924956369982,0.22338568935427575,0.015706806282722512,0.06282722513089005,0.08027923211169284,spa_latn-rus_cyrl,spa_latn,rus_cyrl,flores+opus+tatoeba+bouquet,1000mb,1,2290,573,3.67,,0.004962154875763438,0.004888317547738552,0.005106203258037567,0.00488338153809309,30.0,51.0
identity,0.08250848948955536,0.08180704712867737,0.8225217649796072,0.0034904013961605585,0.017452006980802792,0.029668411867364748,0.0034904013961605585,0.0034904013961605585,0.010471204188481676,spa_latn-rus_cyrl,spa_latn,rus_cyrl,flores+opus+tatoeba+bouquet,1000mb,2,2290,573,4.35,,,,,,,
procrustes,0.0071633136831223965,0.009361875243484974,0.822521775944748,0.8551483420593369,0.956369982547993,0.9755671902268761,0.7172774869109948,0.8830715532286213,0.9284467713787086,spa_latn-rus_cyrl,spa_latn,rus_cyrl,flores+opus+tatoeba+bouquet,1000mb,2,2290,573,4.35,,,,,,,
affine,0.0036957948468625546,0.008868152275681496,0.7934653491075881,0.7766143106457243,0.9284467713787086,0.9598603839441536,0.5584642233856894,0.8027923211169284,0.8638743455497382,spa_latn-rus_cyrl,spa_latn,rus_cyrl,flores+opus+tatoeba+bouquet,1000mb,2,2290,573,4.35,,,,,,,
ridge,0.005101668182760477,0.006391127593815327,0.8484090890391809,0.7329842931937173,0.9075043630017452,0.9476439790575916,0.5270506108202443,0.7713787085514834,0.8446771378708552,spa_latn-rus_cyrl,spa_latn,rus_cyrl,flores+opus+tatoeba+bouquet,1000mb,2,2290,573,4.35,10.0,,,,,,
mlp,0.0072381021454930305,0.007459462620317936,0.8383571708863624,0.17277486910994763,0.4205933682373473,0.5479930191972077,0.06980802792321117,0.18324607329842932,0.23909249563699825,spa_latn-rus_cyrl,spa_latn,rus_cyrl,flores+opus+tatoeba+bouquet,1000mb,2,2290,573,4.35,,0.007355401094890002,0.006991374772042036,0.007476164028048515,0.006986998487263918,53.0,74.0
identity,0.11365143954753876,0.11250253021717072,0.8066206814537252,0.0017452006980802793,0.013961605584642234,0.031413612565445025,0.0,0.0017452006980802793,0.005235602094240838,spa_latn-rus_cyrl,spa_latn,rus_cyrl,flores+opus+tatoeba+bouquet,1000mb,3,2290,573,4.7,,,,,,,
procrustes,0.010148685425519943,0.013169683516025543,0.8066206801547128,0.9144851657940664,0.9755671902268761,0.9808027923211169,0.8219895287958116,0.9389179755671903,0.9650959860383944,spa_latn-rus_cyrl,spa_latn,rus_cyrl,flores+opus+tatoeba+bouquet,1000mb,3,2290,573,4.7,,,,,,,
affine,0.004775609355419874,0.011381844989955425,0.782590947652539,0.8219895287958116,0.9389179755671903,0.9650959860383944,0.6666666666666666,0.8429319371727748,0.8917975567190227,spa_latn-rus_cyrl,spa_latn,rus_cyrl,flores+opus+tatoeba+bouquet,1000mb,3,2290,573,4.7,,,,,,,
ridge,0.006291425786912441,0.008261604234576225,0.8463795132679927,0.8289703315881326,0.944153577661431,0.9650959860383944,0.6771378708551483,0.8638743455497382,0.9057591623036649,spa_latn-rus_cyrl,spa_latn,rus_cyrl,flores+opus+tatoeba+bouquet,1000mb,3,2290,573,4.7,10.0,,,,,,
mlp,0.008982843719422817,0.009328440763056278,0.8433722694635487,0.3368237347294939,0.6335078534031413,0.7504363001745201,0.15008726003490402,0.35951134380453753,0.4642233856893543,spa_latn-rus_cyrl,spa_latn,rus_cyrl,flores+opus+tatoeba+bouquet,1000mb,3,2290,573,4.7,,0.008950272067026659,0.009549739770591259,0.009328746236860752,0.009500022046267986,64.0,85.0
identity,0.1470557600259781,0.14534878730773926,0.7987736333911933,0.0017452006980802793,0.012216404886561954,0.019197207678883072,0.0,0.0017452006980802793,0.008726003490401396,spa_latn-rus_cyrl,spa_latn,rus_cyrl,flores+opus+tatoeba+bouquet,1000mb,4,2290,573,5.01,,,,,,,
procrustes,0.015189643949270248,0.019854677841067314,0.7987736565561532,0.944153577661431,0.9790575916230366,0.9895287958115183,0.8708551483420593,0.9633507853403142,0.9685863874345549,spa_latn-rus_cyrl,spa_latn,rus_cyrl,flores+opus+tatoeba+bouquet,1000mb,4,2290,573,5.01,,,,,,,
affine,0.007031785324215889,0.016550438478589058,0.78219750483035,0.8621291448516579,0.9650959860383944,0.9755671902268761,0.7068062827225131,0.9022687609075044,0.93717277486911,spa_latn-rus_cyrl,spa_latn,rus_cyrl,flores+opus+tatoeba+bouquet,1000mb,4,2290,573,5.01,,,,,,,
ridge,0.010960317216813564,0.012215879745781422,0.8418875644783742,0.7853403141361257,0.9336823734729494,0.9581151832460733,0.6195462478184991,0.8237347294938918,0.8865619546247818,spa_latn-rus_cyrl,spa_latn,rus_cyrl,flores+opus+tatoeba+bouquet,1000mb,4,2290,573,5.01,100.0,,,,,,
mlp,0.012492530979216099,0.013167018070816994,0.838183425370348,0.5968586387434555,0.8446771378708552,0.9109947643979057,0.3682373472949389,0.6404886561954625,0.7329842931937173,spa_latn-rus_cyrl,spa_latn,rus_cyrl,flores+opus+tatoeba+bouquet,1000mb,4,2290,573,5.01,,0.01243749608031728,0.013388199731707573,0.01314909104257822,0.01335912011563778,75.0,96.0
identity,0.18241749703884125,0.1802968978881836,0.8053057534524197,0.0017452006980802793,0.006980802792321117,0.015706806282722512,0.0,0.0017452006980802793,0.0034904013961605585,spa_latn-rus_cyrl,spa_latn,rus_cyrl,flores+opus+tatoeba+bouquet,1000mb,5,2290,573,5.25,,,,,,,
procrustes,0.021113445982336998,0.02812296524643898,0.8053057596212835,0.9598603839441536,0.9930191972076788,0.9965095986038395,0.9109947643979057,0.9755671902268761,0.9808027923211169,spa_latn-rus_cyrl,spa_latn,rus_cyrl,flores+opus+tatoeba+bouquet,1000mb,5,2290,573,5.25,,,,,,,
affine,0.010677785612642765,0.02491377480328083,0.7874689206008381,0.9144851657940664,0.987783595113438,0.9912739965095986,0.794066317626527,0.9458987783595113,0.9703315881326352,spa_latn-rus_cyrl,spa_latn,rus_cyrl,flores+opus+tatoeba+bouquet,1000mb,5,2290,573,5.25,,,,,,,
ridge,0.016059214249253273,0.018361331894993782,0.8323222964947582,0.8900523560209425,0.9755671902268761,0.9825479930191972,0.7696335078534031,0.9232111692844677,0.9511343804537522,spa_latn-rus_cyrl,spa_latn,rus_cyrl,flores+opus+tatoeba+bouquet,1000mb,5,2290,573,5.25,100.0,,,,,,
mlp,0.018134012818336487,0.019499707967042923,0.8301673089154333,0.7905759162303665,0.956369982547993,0.9685863874345549,0.5881326352530541,0.8045375218150087,0.8917975567190227,spa_latn-rus_cyrl,spa_latn,rus_cyrl,flores+opus+tatoeba+bouquet,1000mb,5,2290,573,5.25,,0.018025953153317623,0.01964445598423481,0.019488392397761345,0.019562795758247375,83.0,104.0
identity,0.2243220955133438,0.2215317040681839,0.8005629528949791,0.0,0.008726003490401396,0.017452006980802792,0.0,0.0034904013961605585,0.005235602094240838,spa_latn-rus_cyrl,spa_latn,rus_cyrl,flores+opus+tatoeba+bouquet,1000mb,6,2290,573,5.64,,,,,,,
procrustes,0.03112868033349514,0.04206797108054161,0.8005629500736862,0.9668411867364747,0.9965095986038395,0.9982547993019197,0.9197207678883071,0.9825479930191972,0.9947643979057592,spa_latn-rus_cyrl,spa_latn,rus_cyrl,flores+opus+tatoeba+bouquet,1000mb,6,2290,573,5.64,,,,,,,
affine,0.016296055167913437,0.038062356412410736,0.7736711594070924,0.93717277486911,0.9842931937172775,0.9912739965095986,0.8394415357766143,0.9581151832460733,0.9790575916230366,spa_latn-rus_cyrl,spa_latn,rus_cyrl,flores+opus+tatoeba+bouquet,1000mb,6,2290,573,5.64,,,,,,,
ridge,0.023323478177189827,0.0277932770550251,0.8227751348829948,0.9389179755671903,0.9895287958115183,0.9947643979057592,0.8411867364746946,0.9528795811518325,0.9773123909249564,spa_latn-rus_cyrl,spa_latn,rus_cyrl,flores+opus+tatoeba+bouquet,1000mb,6,2290,573,5.64,100.0,,,,,,
mlp,0.025857198983430862,0.028969446197152138,0.8205296841033889,0.9022687609075044,0.9808027923211169,0.9912739965095986,0.7574171029668412,0.9232111692844677,0.9546247818499127,spa_latn-rus_cyrl,spa_latn,rus_cyrl,flores+opus+tatoeba+bouquet,1000mb,6,2290,573,5.64,,0.025525130162184887,0.02965097688138485,0.02894013375043869,0.02960437536239624,96.0,117.0
identity,0.2719636559486389,0.2688124477863312,0.7987957564835823,0.005235602094240838,0.008726003490401396,0.02443280977312391,0.0,0.005235602094240838,0.006980802792321117,spa_latn-rus_cyrl,spa_latn,rus_cyrl,flores+opus+tatoeba+bouquet,1000mb,7,2290,573,8.17,,,,,,,
procrustes,0.04160995036363602,0.05714304745197296,0.798795748264071,0.9703315881326352,0.9947643979057592,0.9982547993019197,0.9284467713787086,0.9825479930191972,0.9947643979057592,spa_latn-rus_cyrl,spa_latn,rus_cyrl,flores+opus+tatoeba+bouquet,1000mb,7,2290,573,8.17,,,,,,,
affine,0.021527208387851715,0.049819525331258774,0.7802185702901036,0.9511343804537522,0.987783595113438,0.9965095986038395,0.8621291448516579,0.9703315881326352,0.9825479930191972,spa_latn-rus_cyrl,spa_latn,rus_cyrl,flores+opus+tatoeba+bouquet,1000mb,7,2290,573,8.17,,,,,,,
ridge,0.029315514490008354,0.03642212972044945,0.824954503075253,0.9458987783595113,0.9912739965095986,0.9947643979057592,0.8638743455497382,0.9546247818499127,0.9825479930191972,spa_latn-rus_cyrl,spa_latn,rus_cyrl,flores+opus+tatoeba+bouquet,1000mb,7,2290,573,8.17,100.0,,,,,,
mlp,0.031270503997802734,0.03733085095882416,0.8227561614157781,0.9284467713787086,0.987783595113438,0.9947643979057592,0.8167539267015707,0.93717277486911,0.9703315881326352,spa_latn-rus_cyrl,spa_latn,rus_cyrl,flores+opus+tatoeba+bouquet,1000mb,7,2290,573,8.17,,0.030529069234475945,0.039943892508745193,0.037331484258174896,0.039871737360954285,194.0,200.0
identity,0.3473626375198364,0.3443371057510376,0.7999597585304677,0.0034904013961605585,0.012216404886561954,0.02268760907504363,0.0,0.0034904013961605585,0.006980802792321117,spa_latn-rus_cyrl,spa_latn,rus_cyrl,flores+opus+tatoeba+bouquet,1000mb,8,2290,573,6.37,,,,,,,
procrustes,0.05731101706624031,0.07884743809700012,0.7999597655638824,0.9738219895287958,0.9965095986038395,0.9965095986038395,0.93717277486911,0.987783595113438,0.9965095986038395,spa_latn-rus_cyrl,spa_latn,rus_cyrl,flores+opus+tatoeba+bouquet,1000mb,8,2290,573,6.37,,,,,,,
affine,0.027506649494171143,0.06380004435777664,0.7825397981231215,0.9616055846422339,0.9930191972076788,0.9965095986038395,0.8848167539267016,0.9773123909249564,0.9860383944153578,spa_latn-rus_cyrl,spa_latn,rus_cyrl,flores+opus+tatoeba+bouquet,1000mb,8,2290,573,6.37,,,,,,,
ridge,0.035865526646375656,0.04672642797231674,0.830851233295373,0.9581151832460733,0.9930191972076788,0.9965095986038395,0.900523560209424,0.9668411867364747,0.9895287958115183,spa_latn-rus_cyrl,spa_latn,rus_cyrl,flores+opus+tatoeba+bouquet,1000mb,8,2290,573,6.37,100.0,,,,,,
mlp,0.03798695281147957,0.047551464289426804,0.8276169614169613,0.9406631762652705,0.9912739965095986,0.9947643979057592,0.8586387434554974,0.9633507853403142,0.9825479930191972,spa_latn-rus_cyrl,spa_latn,rus_cyrl,flores+opus+tatoeba+bouquet,1000mb,8,2290,573,6.37,,0.036812305224664284,0.047762077301740646,0.047542162239551544,0.04759746044874191,119.0,140.0
identity,0.47988733649253845,0.47695299983024597,0.8144212462845286,0.0034904013961605585,0.012216404886561954,0.02268760907504363,0.0,0.0017452006980802793,0.0034904013961605585,spa_latn-rus_cyrl,spa_latn,rus_cyrl,flores+opus+tatoeba+bouquet,1000mb,9,2290,573,6.07,,,,,,,
procrustes,0.08322121202945709,0.11494588106870651,0.8144212431415451,0.9755671902268761,0.9930191972076788,0.9965095986038395,0.9336823734729494,0.987783595113438,0.9930191972076788,spa_latn-rus_cyrl,spa_latn,rus_cyrl,flores+opus+tatoeba+bouquet,1000mb,9,2290,573,6.07,,,,,,,
affine,0.042549557983875275,0.09838797897100449,0.7839046633480897,0.9493891797556719,0.9912739965095986,0.9947643979057592,0.8726003490401396,0.9720767888307156,0.9808027923211169,spa_latn-rus_cyrl,spa_latn,rus_cyrl,flores+opus+tatoeba+bouquet,1000mb,9,2290,573,6.07,,,,,,,
ridge,0.05321463197469711,0.07299498468637466,0.8297017092446395,0.9424083769633508,0.9912739965095986,0.9947643979057592,0.8865619546247818,0.9720767888307156,0.987783595113438,spa_latn-rus_cyrl,spa_latn,rus_cyrl,flores+opus+tatoeba+bouquet,1000mb,9,2290,573,6.07,100.0,,,,,,
mlp,0.0553923174738884,0.07396707683801651,0.8260605703662034,0.9354275741710296,0.9912739965095986,0.9930191972076788,0.849912739965096,0.9528795811518325,0.9808027923211169,spa_latn-rus_cyrl,spa_latn,rus_cyrl,flores+opus+tatoeba+bouquet,1000mb,9,2290,573,6.07,,0.052846683584379425,0.07414978742599487,0.07401178032159805,0.07402317225933075,109.0,130.0
identity,0.6963942646980286,0.6905375123023987,0.8122005945860702,0.0017452006980802793,0.008726003490401396,0.019197207678883072,0.0017452006980802793,0.0017452006980802793,0.006980802792321117,spa_latn-rus_cyrl,spa_latn,rus_cyrl,flores+opus+tatoeba+bouquet,1000mb,10,2290,573,5.17,,,,,,,
procrustes,0.12249396741390228,0.1672563999891281,0.8122005979180763,0.9720767888307156,0.9947643979057592,0.9947643979057592,0.9179755671902269,0.9842931937172775,0.9895287958115183,spa_latn-rus_cyrl,spa_latn,rus_cyrl,flores+opus+tatoeba+bouquet,1000mb,10,2290,573,5.17,,,,,,,
affine,0.06522142142057419,0.1493241786956787,0.7760529095983058,0.9458987783595113,0.9860383944153578,0.9895287958115183,0.849912739965096,0.9685863874345549,0.9808027923211169,spa_latn-rus_cyrl,spa_latn,rus_cyrl,flores+opus+tatoeba+bouquet,1000mb,10,2290,573,5.17,,,,,,,
ridge,0.07853685319423676,0.11238367110490799,0.8253534744634925,0.944153577661431,0.9895287958115183,0.9947643979057592,0.8673647469458988,0.9650959860383944,0.9825479930191972,spa_latn-rus_cyrl,spa_latn,rus_cyrl,flores+opus+tatoeba+bouquet,1000mb,10,2290,573,5.17,100.0,,,,,,
mlp,0.08538337796926498,0.11385686695575714,0.8227173425485309,0.9301919720767888,0.987783595113438,0.9947643979057592,0.8307155322862129,0.9493891797556719,0.9720767888307156,spa_latn-rus_cyrl,spa_latn,rus_cyrl,flores+opus+tatoeba+bouquet,1000mb,10,2290,573,5.17,,0.07981920558394807,0.11273127049207687,0.11396504938602448,0.11258559674024582,78.0,99.0
identity,0.9908965826034546,0.9825055003166199,0.7978141876512399,0.0,0.013961605584642234,0.027923211169284468,0.0,0.005235602094240838,0.006980802792321117,spa_latn-rus_cyrl,spa_latn,rus_cyrl,flores+opus+tatoeba+bouquet,1000mb,11,2290,573,5.49,,,,,,,
procrustes,0.1700463443994522,0.23079106211662292,0.7978141868268116,0.9668411867364747,0.9930191972076788,0.9947643979057592,0.900523560209424,0.9790575916230366,0.9895287958115183,spa_latn-rus_cyrl,spa_latn,rus_cyrl,flores+opus+tatoeba+bouquet,1000mb,11,2290,573,5.49,,,,,,,
affine,0.08824855834245682,0.20350441336631775,0.7677709220104956,0.9336823734729494,0.9790575916230366,0.9808027923211169,0.8080279232111692,0.9493891797556719,0.9668411867364747,spa_latn-rus_cyrl,spa_latn,rus_cyrl,flores+opus+tatoeba+bouquet,1000mb,11,2290,573,5.49,,,,,,,
ridge,0.13492894172668457,0.1547282636165619,0.81823023029628,0.837696335078534,0.956369982547993,0.9720767888307156,0.6579406631762653,0.8673647469458988,0.912739965095986,spa_latn-rus_cyrl,spa_latn,rus_cyrl,flores+opus+tatoeba+bouquet,1000mb,11,2290,573,5.49,1000.0,,,,,,
mlp,0.10976259410381317,0.15579615533351898,0.8193332355144182,0.9092495636998255,0.9755671902268761,0.9860383944153578,0.7801047120418848,0.9406631762652705,0.9546247818499127,spa_latn-rus_cyrl,spa_latn,rus_cyrl,flores+opus+tatoeba+bouquet,1000mb,11,2290,573,5.49,,0.10096572497577379,0.14994767308235168,0.15628115832805634,0.14922864735126495,89.0,110.0
identity,2.0332813262939453,2.031812906265259,0.7838488894483135,0.0017452006980802793,0.015706806282722512,0.02617801047120419,0.0,0.005235602094240838,0.005235602094240838,spa_latn-rus_cyrl,spa_latn,rus_cyrl,flores+opus+tatoeba+bouquet,1000mb,12,2290,573,4.42,,,,,,,
procrustes,0.4238576889038086,0.5901382565498352,0.7838488887306277,0.9598603839441536,0.9947643979057592,0.9947643979057592,0.8883071553228621,0.9668411867364747,0.9895287958115183,spa_latn-rus_cyrl,spa_latn,rus_cyrl,flores+opus+tatoeba+bouquet,1000mb,12,2290,573,4.42,,,,,,,
affine,0.23690572381019592,0.5433551073074341,0.7507291441230397,0.9389179755671903,0.9860383944153578,0.987783595113438,0.8254799301919721,0.944153577661431,0.9773123909249564,spa_latn-rus_cyrl,spa_latn,rus_cyrl,flores+opus+tatoeba+bouquet,1000mb,12,2290,573,4.42,,,,,,,
ridge,0.31752026081085205,0.40130946040153503,0.799777086395405,0.9267015706806283,0.9825479930191972,0.9860383944153578,0.8219895287958116,0.944153577661431,0.9668411867364747,spa_latn-rus_cyrl,spa_latn,rus_cyrl,flores+opus+tatoeba+bouquet,1000mb,12,2290,573,4.42,1000.0,,,,,,
mlp,0.31265950202941895,0.4196475148200989,0.7979807369400007,0.924956369982548,0.9808027923211169,0.987783595113438,0.7958115183246073,0.9354275741710296,0.9668411867364747,spa_latn-rus_cyrl,spa_latn,rus_cyrl,flores+opus+tatoeba+bouquet,1000mb,12,2290,573,4.42,,0.28066747206630127,0.41390883922576904,0.42043936252593994,0.41238364577293396,52.0,73.0
identity,0.00015966009232215583,0.0001577526709297672,0.7196368587994966,0.012216404886561954,0.03664921465968586,0.07329842931937172,0.0017452006980802793,0.006980802792321117,0.020942408376963352,spa_latn-deu_latn,spa_latn,deu_latn,flores+opus+tatoeba+bouquet,1000mb,0,2290,573,4.42,,,,,,,
procrustes,4.232627907185815e-05,6.17578043602407e-05,0.7196368570305227,0.5130890052356021,0.6649214659685864,0.7172774869109948,0.3961605584642234,0.5584642233856894,0.6038394415357766,spa_latn-deu_latn,spa_latn,deu_latn,flores+opus+tatoeba+bouquet,1000mb,0,2290,573,4.42,,,,,,,
affine,2.260868677694816e-05,5.3893058066023514e-05,0.7169167562892493,0.450261780104712,0.6195462478184991,0.6719022687609075,0.3263525305410122,0.4712041884816754,0.5410122164048866,spa_latn-deu_latn,spa_latn,deu_latn,flores+opus+tatoeba+bouquet,1000mb,0,2290,573,4.42,,,,,,,
ridge,3.0305711334221996e-05,3.792775169131346e-05,0.7821746868243197,0.32460732984293195,0.49912739965095987,0.5846422338568935,0.19197207678883071,0.3507853403141361,0.4118673647469459,spa_latn-deu_latn,spa_latn,deu_latn,flores+opus+tatoeba+bouquet,1000mb,0,2290,573,4.42,0.1,,,,,,
mlp,5.611418600892648e-05,5.549144771066494e-05,0.5401679126376974,0.0017452006980802793,0.008726003490401396,0.017452006980802792,0.0,0.0017452006980802793,0.0017452006980802793,spa_latn-deu_latn,spa_latn,deu_latn,flores+opus+tatoeba+bouquet,1000mb,0,2290,573,4.42,,5.5996523521819405e-05,5.733700527343899e-05,5.550728383241221e-05,5.7304161600768566e-05,50.0,71.0
identity,0.035901930183172226,0.03574404865503311,0.7625957308897889,0.005235602094240838,0.015706806282722512,0.03664921465968586,0.0,0.0017452006980802793,0.008726003490401396,spa_latn-deu_latn,spa_latn,deu_latn,flores+opus+tatoeba+bouquet,1000mb,1,2290,573,3.98,,,,,,,
procrustes,0.004426461644470692,0.005857635289430618,0.7625957322411229,0.8184991273996509,0.9319371727748691,0.9493891797556719,0.7050610820244329,0.849912739965096,0.9040139616055847,spa_latn-deu_latn,spa_latn,deu_latn,flores+opus+tatoeba+bouquet,1000mb,1,2290,573,3.98,,,,,,,
affine,0.002194995991885662,0.005275213625282049,0.7249875460132872,0.6701570680628273,0.8202443280977313,0.8726003490401396,0.49214659685863876,0.7102966841186736,0.7713787085514834,spa_latn-deu_latn,spa_latn,deu_latn,flores+opus+tatoeba+bouquet,1000mb,1,2290,573,3.98,,,,,,,
ridge,0.003122459864243865,0.0037821733858436346,0.786168744682474,0.5863874345549738,0.7696335078534031,0.8394415357766143,0.42757417102966844,0.6195462478184991,0.7050610820244329,spa_latn-deu_latn,spa_latn,deu_latn,flores+opus+tatoeba+bouquet,1000mb,1,2290,573,3.98,10.0,,,,,,
mlp,0.004662226419895887,0.004753495566546917,0.7234584539644705,0.06108202443280977,0.14659685863874344,0.2111692844677138,0.020942408376963352,0.059336823734729496,0.08551483420593368,spa_latn-deu_latn,spa_latn,deu_latn,flores+opus+tatoeba+bouquet,1000mb,1,2290,573,3.98,,0.004685132129287178,0.004642595537006855,0.0047676716931164265,0.0046274918131530285,37.0,58.0
identity,0.08227323740720749,0.08172842860221863,0.8004794454414876,0.0034904013961605585,0.015706806282722512,0.03315881326352531,0.0,0.005235602094240838,0.005235602094240838,spa_latn-deu_latn,spa_latn,deu_latn,flores+opus+tatoeba+bouquet,1000mb,2,2290,573,4.53,,,,,,,
procrustes,0.006445427890866995,0.008435940369963646,0.8004794405743128,0.8952879581151832,0.9668411867364747,0.9860383944153578,0.7905759162303665,0.9144851657940664,0.9406631762652705,spa_latn-deu_latn,spa_latn,deu_latn,flores+opus+tatoeba+bouquet,1000mb,2,2290,573,4.53,,,,,,,
affine,0.003120369976386428,0.00755138648673892,0.7677938046683466,0.7591623036649214,0.9075043630017452,0.93717277486911,0.6020942408376964,0.8027923211169284,0.8586387434554974,spa_latn-deu_latn,spa_latn,deu_latn,flores+opus+tatoeba+bouquet,1000mb,2,2290,573,4.53,,,,,,,
ridge,0.004325428511947393,0.005457888823002577,0.8219818283639525,0.7207678883071553,0.8848167539267016,0.9301919720767888,0.5794066317626527,0.7696335078534031,0.8324607329842932,spa_latn-deu_latn,spa_latn,deu_latn,flores+opus+tatoeba+bouquet,1000mb,2,2290,573,4.53,10.0,,,,,,
mlp,0.006316004786640406,0.006542467512190342,0.8021086746909051,0.1849912739965096,0.36649214659685864,0.4869109947643979,0.08551483420593368,0.19022687609075042,0.2582897033158813,spa_latn-deu_latn,spa_latn,deu_latn,flores+opus+tatoeba+bouquet,1000mb,2,2290,573,4.53,,0.006370533892715519,0.00616211025044322,0.0065484121441841125,0.006145702209323645,56.0,77.0
identity,0.1135539785027504,0.1125224381685257,0.7902538681311974,0.0034904013961605585,0.02268760907504363,0.04537521815008726,0.0,0.005235602094240838,0.012216404886561954,spa_latn-deu_latn,spa_latn,deu_latn,flores+opus+tatoeba+bouquet,1000mb,3,2290,573,4.76,,,,,,,
procrustes,0.010288840159773827,0.013355765491724014,0.7902538594660856,0.924956369982548,0.9808027923211169,0.987783595113438,0.8202443280977313,0.93717277486911,0.9650959860383944,spa_latn-deu_latn,spa_latn,deu_latn,flores+opus+tatoeba+bouquet,1000mb,3,2290,573,4.76,,,,,,,
affine,0.005018727853894234,0.012005926109850407,0.7643560737625446,0.8307155322862129,0.9354275741710296,0.9650959860383944,0.6788830715532286,0.8586387434554974,0.9057591623036649,spa_latn-deu_latn,spa_latn,deu_latn,flores+opus+tatoeba+bouquet,1000mb,3,2290,573,4.76,,,,,,,
ridge,0.0066381231881678104,0.008758746087551117,0.8193641526214076,0.8359511343804538,0.944153577661431,0.9668411867364747,0.7068062827225131,0.8516579406631762,0.9057591623036649,spa_latn-deu_latn,spa_latn,deu_latn,flores+opus+tatoeba+bouquet,1000mb,3,2290,573,4.76,10.0,,,,,,
mlp,0.009553126059472561,0.009987395256757736,0.804814013181735,0.39092495636998253,0.6527050610820244,0.7399650959860384,0.2338568935427574,0.4363001745200698,0.5445026178010471,spa_latn-deu_latn,spa_latn,deu_latn,flores+opus+tatoeba+bouquet,1000mb,3,2290,573,4.76,,0.009606032858066486,0.00991089642047882,0.010014777071774006,0.00988631322979927,63.0,84.0
identity,0.15071047842502594,0.14910854399204254,0.7911283984503752,0.0017452006980802793,0.020942408376963352,0.04363001745200698,0.0,0.0034904013961605585,0.012216404886561954,spa_latn-deu_latn,spa_latn,deu_latn,flores+opus+tatoeba+bouquet,1000mb,4,2290,573,7.68,,,,,,,
procrustes,0.015615689568221569,0.020610447973012924,0.7911283915918081,0.9458987783595113,0.9912739965095986,0.9947643979057592,0.8638743455497382,0.9685863874345549,0.9790575916230366,spa_latn-deu_latn,spa_latn,deu_latn,flores+opus+tatoeba+bouquet,1000mb,4,2290,573,7.68,,,,,,,
affine,0.007755039259791374,0.018321946263313293,0.7839784075017813,0.8743455497382199,0.9616055846422339,0.9790575916230366,0.7399650959860384,0.9075043630017452,0.9319371727748691,spa_latn-deu_latn,spa_latn,deu_latn,flores+opus+tatoeba+bouquet,1000mb,4,2290,573,7.68,,,,,,,
ridge,0.009632092900574207,0.013632938265800476,0.8226311789796704,0.893542757417103,0.9720767888307156,0.9825479930191972,0.7539267015706806,0.9057591623036649,0.9458987783595113,spa_latn-deu_latn,spa_latn,deu_latn,flores+opus+tatoeba+bouquet,1000mb,4,2290,573,7.68,10.0,,,,,,
mlp,0.013826440088450909,0.014726121909916401,0.8186698435366048,0.6195462478184991,0.8324607329842932,0.8883071553228621,0.418848167539267,0.6631762652705061,0.7643979057591623,spa_latn-deu_latn,spa_latn,deu_latn,flores+opus+tatoeba+bouquet,1000mb,4,2290,573,7.68,,0.013787339526143942,0.014672394841909409,0.014734589494764805,0.014620335772633553,161.0,182.0
identity,0.1916406899690628,0.1895601600408554,0.7921872980527704,0.0017452006980802793,0.013961605584642234,0.031413612565445025,0.0,0.005235602094240838,0.006980802792321117,spa_latn-deu_latn,spa_latn,deu_latn,flores+opus+tatoeba+bouquet,1000mb,5,2290,573,7.59,,,,,,,
procrustes,0.022102953866124153,0.02966458536684513,0.7921873115605211,0.9581151832460733,0.9912739965095986,0.9965095986038395,0.8830715532286213,0.9808027923211169,0.9860383944153578,spa_latn-deu_latn,spa_latn,deu_latn,flores+opus+tatoeba+bouquet,1000mb,5,2290,573,7.59,,,,,,,
affine,0.011952702887356281,0.028132697567343712,0.7795749192842095,0.9057591623036649,0.9790575916230366,0.9912739965095986,0.794066317626527,0.9319371727748691,0.956369982547993,spa_latn-deu_latn,spa_latn,deu_latn,flores+opus+tatoeba+bouquet,1000mb,5,2290,573,7.59,,,,,,,
ridge,0.018086068332195282,0.02086673490703106,0.808954749727325,0.8638743455497382,0.9650959860383944,0.9808027923211169,0.699825479930192,0.8778359511343804,0.924956369982548,spa_latn-deu_latn,spa_latn,deu_latn,flores+opus+tatoeba+bouquet,1000mb,5,2290,573,7.59,100.0,,,,,,
mlp,0.020196013152599335,0.02199493907392025,0.8132320801584892,0.7609075043630017,0.9197207678883071,0.9581151832460733,0.5654450261780105,0.7993019197207679,0.8603839441535777,spa_latn-deu_latn,spa_latn,deu_latn,flores+opus+tatoeba+bouquet,1000mb,5,2290,573,7.59,,0.020130665972828865,0.022349676117300987,0.021992674097418785,0.022224601358175278,157.0,178.0
identity,0.2316146045923233,0.22847415506839752,0.7940836521159065,0.0034904013961605585,0.012216404886561954,0.03315881326352531,0.0,0.0034904013961605585,0.006980802792321117,spa_latn-deu_latn,spa_latn,deu_latn,flores+opus+tatoeba+bouquet,1000mb,6,2290,573,6.74,,,,,,,
procrustes,0.03133181855082512,0.042383790016174316,0.7940836417042737,0.9633507853403142,0.9912739965095986,0.9982547993019197,0.9144851657940664,0.9825479930191972,0.987783595113438,spa_latn-deu_latn,spa_latn,deu_latn,flores+opus+tatoeba+bouquet,1000mb,6,2290,573,6.74,,,,,,,
affine,0.016697024926543236,0.03868758678436279,0.7766400591946496,0.9301919720767888,0.9895287958115183,0.9947643979057592,0.8184991273996509,0.9493891797556719,0.9808027923211169,spa_latn-deu_latn,spa_latn,deu_latn,flores+opus+tatoeba+bouquet,1000mb,6,2290,573,6.74,,,,,,,
ridge,0.023910462856292725,0.02836228348314762,0.8146703865093213,0.9075043630017452,0.9808027923211169,0.9930191972076788,0.8045375218150087,0.9424083769633508,0.9650959860383944,spa_latn-deu_latn,spa_latn,deu_latn,flores+opus+tatoeba+bouquet,1000mb,6,2290,573,6.74,100.0,,,,,,
mlp,0.026374412700533867,0.02946128137409687,0.814322099339122,0.8534031413612565,0.9633507853403142,0.987783595113438,0.6858638743455497,0.8917975567190227,0.9319371727748691,spa_latn-deu_latn,spa_latn,deu_latn,flores+opus+tatoeba+bouquet,1000mb,6,2290,573,6.74,,0.026122793950366253,0.029906228184700012,0.029468661174178123,0.029830094426870346,130.0,151.0
identity,0.28556784987449646,0.2818159759044647,0.7998743325440407,0.0017452006980802793,0.020942408376963352,0.031413612565445025,0.0017452006980802793,0.0017452006980802793,0.010471204188481676,spa_latn-deu_latn,spa_latn,deu_latn,flores+opus+tatoeba+bouquet,1000mb,7,2290,573,7.91,,,,,,,
procrustes,0.043018586933612823,0.05900970473885536,0.799874334516116,0.9738219895287958,0.9965095986038395,0.9965095986038395,0.9267015706806283,0.9860383944153578,0.9930191972076788,spa_latn-deu_latn,spa_latn,deu_latn,flores+opus+tatoeba+bouquet,1000mb,7,2290,573,7.91,,,,,,,
affine,0.02316949889063835,0.053702760487794876,0.773249328426228,0.9319371727748691,0.9895287958115183,0.9912739965095986,0.8272251308900523,0.9598603839441536,0.9808027923211169,spa_latn-deu_latn,spa_latn,deu_latn,flores+opus+tatoeba+bouquet,1000mb,7,2290,573,7.91,,,,,,,
ridge,0.03164757415652275,0.039214275777339935,0.8178535773053799,0.9319371727748691,0.9825479930191972,0.9895287958115183,0.8359511343804538,0.956369982547993,0.9738219895287958,spa_latn-deu_latn,spa_latn,deu_latn,flores+opus+tatoeba+bouquet,1000mb,7,2290,573,7.91,100.0,,,,,,
mlp,0.03369349241256714,0.04008393734693527,0.820428547414992,0.900523560209424,0.9808027923211169,0.987783595113438,0.7678883071553229,0.9424083769633508,0.9581151832460733,spa_latn-deu_latn,spa_latn,deu_latn,flores+opus+tatoeba+bouquet,1000mb,7,2290,573,7.91,,0.03284503643711408,0.04233895242214203,0.040076013654470444,0.0422256775200367,170.0,191.0
identity,0.37220266461372375,0.36870551109313965,0.8054096982294778,0.005235602094240838,0.017452006980802792,0.03664921465968586,0.0017452006980802793,0.005235602094240838,0.012216404886561954,spa_latn-deu_latn,spa_latn,deu_latn,flores+opus+tatoeba+bouquet,1000mb,8,2290,573,7.28,,,,,,,
procrustes,0.06306339055299759,0.08714579045772552,0.805409700523129,0.9703315881326352,0.9965095986038395,0.9965095986038395,0.9354275741710296,0.9860383944153578,0.9947643979057592,spa_latn-deu_latn,spa_latn,deu_latn,flores+opus+tatoeba+bouquet,1000mb,8,2290,573,7.28,,,,,,,
affine,0.03423928841948509,0.07924576848745346,0.7780943193049986,0.944153577661431,0.9895287958115183,0.9930191972076788,0.849912739965096,0.9668411867364747,0.9808027923211169,spa_latn-deu_latn,spa_latn,deu_latn,flores+opus+tatoeba+bouquet,1000mb,8,2290,573,7.28,,,,,,,
ridge,0.04464084282517433,0.05829443410038948,0.824854223298092,0.9476439790575916,0.9912739965095986,0.9930191972076788,0.8760907504363001,0.9755671902268761,0.9842931937172775,spa_latn-deu_latn,spa_latn,deu_latn,flores+opus+tatoeba+bouquet,1000mb,8,2290,573,7.28,100.0,,,,,,
mlp,0.04567228630185127,0.05914656072854996,0.8237019970661602,0.9319371727748691,0.9912739965095986,0.9912739965095986,0.8307155322862129,0.9546247818499127,0.9773123909249564,spa_latn-deu_latn,spa_latn,deu_latn,flores+opus+tatoeba+bouquet,1000mb,8,2290,573,7.28,,0.04394762838880221,0.059289027005434036,0.0591195672750473,0.05924127250909805,151.0,172.0
identity,0.502570629119873,0.4994308054447174,0.8184675124438284,0.005235602094240838,0.02443280977312391,0.04013961605584642,0.0017452006980802793,0.008726003490401396,0.012216404886561954,spa_latn-deu_latn,spa_latn,deu_latn,flores+opus+tatoeba+bouquet,1000mb,9,2290,573,5.64,,,,,,,
procrustes,0.0850667729973793,0.11789906024932861,0.8184675142064614,0.9755671902268761,0.9965095986038395,0.9965095986038395,0.9319371727748691,0.987783595113438,0.9930191972076788,spa_latn-deu_latn,spa_latn,deu_latn,flores+opus+tatoeba+bouquet,1000mb,9,2290,573,5.64,,,,,,,
affine,0.04537246376276016,0.10499713569879532,0.7862127909563471,0.9528795811518325,0.9930191972076788,0.9947643979057592,0.8621291448516579,0.9738219895287958,0.9895287958115183,spa_latn-deu_latn,spa_latn,deu_latn,flores+opus+tatoeba+bouquet,1000mb,9,2290,573,5.64,,,,,,,
ridge,0.05677979812026024,0.07783880829811096,0.8306472900653427,0.9581151832460733,0.9930191972076788,0.9965095986038395,0.8830715532286213,0.9773123909249564,0.987783595113438,spa_latn-deu_latn,spa_latn,deu_latn,flores+opus+tatoeba+bouquet,1000mb,9,2290,573,5.64,100.0,,,,,,
mlp,0.06029357388615608,0.07893314957618713,0.8282322843441892,0.9511343804537522,0.9912739965095986,0.9947643979057592,0.837696335078534,0.9738219895287958,0.9842931937172775,spa_latn-deu_latn,spa_latn,deu_latn,flores+opus+tatoeba+bouquet,1000mb,9,2290,573,5.64,,0.05708970050468589,0.07936403900384903,0.07887948304414749,0.0792897567152977,98.0,119.0
identity,0.7163726091384888,0.7132865786552429,0.8135579890776182,0.006980802792321117,0.02268760907504363,0.034904013961605584,0.0,0.0017452006980802793,0.008726003490401396,spa_latn-deu_latn,spa_latn,deu_latn,flores+opus+tatoeba+bouquet,1000mb,10,2290,573,5.44,,,,,,,
procrustes,0.12336784601211548,0.16924752295017242,0.8135579896333187,0.9650959860383944,0.9965095986038395,0.9982547993019197,0.9092495636998255,0.9842931937172775,0.9947643979057592,spa_latn-deu_latn,spa_latn,deu_latn,flores+opus+tatoeba+bouquet,1000mb,10,2290,573,5.44,,,,,,,
affine,0.06588976085186005,0.15192653238773346,0.7836094896538852,0.9301919720767888,0.9912739965095986,0.9930191972076788,0.8324607329842932,0.9650959860383944,0.9773123909249564,spa_latn-deu_latn,spa_latn,deu_latn,flores+opus+tatoeba+bouquet,1000mb,10,2290,573,5.44,,,,,,,
ridge,0.079325832426548,0.11420377343893051,0.8283865166098856,0.944153577661431,0.9930191972076788,0.9930191972076788,0.8446771378708552,0.9685863874345549,0.9842931937172775,spa_latn-deu_latn,spa_latn,deu_latn,flores+opus+tatoeba+bouquet,1000mb,10,2290,573,5.44,100.0,,,,,,
mlp,0.08442454785108566,0.11591555178165436,0.8245880771585039,0.9267015706806283,0.9912739965095986,0.9930191972076788,0.7958115183246073,0.9493891797556719,0.9773123909249564,spa_latn-deu_latn,spa_latn,deu_latn,flores+opus+tatoeba+bouquet,1000mb,10,2290,573,5.44,,0.07879863747141579,0.1138598620891571,0.11607389152050018,0.11353086680173874,91.0,112.0
identity,1.0003039836883545,0.9984790682792664,0.8024670840359872,0.0017452006980802793,0.013961605584642234,0.029668411867364748,0.0,0.0017452006980802793,0.0034904013961605585,spa_latn-deu_latn,spa_latn,deu_latn,flores+opus+tatoeba+bouquet,1000mb,11,2290,573,4.61,,,,,,,
procrustes,0.17031899094581604,0.23286648094654083,0.8024670830060044,0.9616055846422339,0.9965095986038395,0.9982547993019197,0.893542757417103,0.9773123909249564,0.987783595113438,spa_latn-deu_latn,spa_latn,deu_latn,flores+opus+tatoeba+bouquet,1000mb,11,2290,573,4.61,,,,,,,
affine,0.09085633605718613,0.21057631075382233,0.7716383460661486,0.9232111692844677,0.9842931937172775,0.9912739965095986,0.7923211169284468,0.9458987783595113,0.9668411867364747,spa_latn-deu_latn,spa_latn,deu_latn,flores+opus+tatoeba+bouquet,1000mb,11,2290,573,4.61,,,,,,,
ridge,0.10604826360940933,0.16080397367477417,0.8176780971282057,0.9232111692844677,0.9842931937172775,0.9895287958115183,0.8184991273996509,0.944153577661431,0.9720767888307156,spa_latn-deu_latn,spa_latn,deu_latn,flores+opus+tatoeba+bouquet,1000mb,11,2290,573,4.61,100.0,,,,,,
mlp,0.1209794282913208,0.16204862296581268,0.8184390759121964,0.900523560209424,0.9773123909249564,0.987783595113438,0.7382198952879581,0.9214659685863874,0.956369982547993,spa_latn-deu_latn,spa_latn,deu_latn,flores+opus+tatoeba+bouquet,1000mb,11,2290,573,4.61,,0.11097681251439181,0.15382026135921478,0.16198930144309998,0.15360485017299652,62.0,83.0
identity,2.2215166091918945,2.225597858428955,0.7874579494025978,0.0017452006980802793,0.013961605584642234,0.031413612565445025,0.0,0.0,0.0034904013961605585,spa_latn-deu_latn,spa_latn,deu_latn,flores+opus+tatoeba+bouquet,1000mb,12,2290,573,4.46,,,,,,,
procrustes,0.4391564726829529,0.607366681098938,0.7874579498197619,0.9581151832460733,0.9930191972076788,0.9982547993019197,0.8883071553228621,0.9755671902268761,0.9860383944153578,spa_latn-deu_latn,spa_latn,deu_latn,flores+opus+tatoeba+bouquet,1000mb,12,2290,573,4.46,,,,,,,
affine,0.24842096865177155,0.5702734589576721,0.7549201655374786,0.9232111692844677,0.987783595113438,0.9930191972076788,0.7888307155322862,0.9336823734729494,0.9650959860383944,spa_latn-deu_latn,spa_latn,deu_latn,flores+opus+tatoeba+bouquet,1000mb,12,2290,573,4.46,,,,,,,
ridge,0.3329784870147705,0.4213272035121918,0.8039831151823483,0.8970331588132635,0.9720767888307156,0.987783595113438,0.7329842931937173,0.9144851657940664,0.9458987783595113,spa_latn-deu_latn,spa_latn,deu_latn,flores+opus+tatoeba+bouquet,1000mb,12,2290,573,4.46,1000.0,,,,,,
mlp,0.3251788914203644,0.4417136311531067,0.799686483291355,0.893542757417103,0.9738219895287958,0.987783595113438,0.7277486910994765,0.9197207678883071,0.9458987783595113,spa_latn-deu_latn,spa_latn,deu_latn,flores+opus+tatoeba+bouquet,1000mb,12,2290,573,4.46,,0.2930467851234205,0.4360475540161133,0.4433191418647766,0.4347642660140991,57.0,78.0
identity,0.00016122759552672505,0.00015968599473126233,0.704192670157591,0.006980802792321117,0.027923211169284468,0.0506108202443281,0.0017452006980802793,0.005235602094240838,0.013961605584642234,spa_latn-jpn_jpan,spa_latn,jpn_jpan,flores+opus+tatoeba+bouquet,1000mb,0,2290,573,4.32,,,,,,,
procrustes,5.463053457788192e-05,7.880947669036686e-05,0.7041926706102855,0.33856893542757416,0.5584642233856894,0.6527050610820244,0.15357766143106458,0.30715532286212915,0.4031413612565445,spa_latn-jpn_jpan,spa_latn,jpn_jpan,flores+opus+tatoeba+bouquet,1000mb,0,2290,573,4.32,,,,,,,
affine,2.8695814762613736e-05,6.846042379038408e-05,0.7208739112438063,0.3403141361256545,0.5916230366492147,0.6771378708551483,0.16753926701570682,0.3263525305410122,0.42408376963350786,spa_latn-jpn_jpan,spa_latn,jpn_jpan,flores+opus+tatoeba+bouquet,1000mb,0,2290,573,4.32,,,,,,,
ridge,3.792720235651359e-05,4.778454240295105e-05,0.7881132934350679,0.2949389179755672,0.5078534031413613,0.5916230366492147,0.12914485165794065,0.2582897033158813,0.3525305410122164,spa_latn-jpn_jpan,spa_latn,jpn_jpan,flores+opus+tatoeba+bouquet,1000mb,0,2290,573,4.32,0.1,,,,,,
mlp,6.684260006295517e-05,6.602921348530799e-05,0.597805835669296,0.0017452006980802793,0.008726003490401396,0.017452006980802792,0.0017452006980802793,0.0017452006980802793,0.0017452006980802793,spa_latn-jpn_jpan,spa_latn,jpn_jpan,flores+opus+tatoeba+bouquet,1000mb,0,2290,573,4.32,,6.682094648237002e-05,6.810894410591573e-05,6.604849477298558e-05,6.807022145949304e-05,50.0,71.0
identity,0.03789844736456871,0.037541329860687256,0.7229938840096306,0.0,0.008726003490401396,0.019197207678883072,0.0,0.0017452006980802793,0.0034904013961605585,spa_latn-jpn_jpan,spa_latn,jpn_jpan,flores+opus+tatoeba+bouquet,1000mb,1,2290,573,4.27,,,,,,,
procrustes,0.0055069876834750175,0.007303240709006786,0.7229938844040086,0.6928446771378709,0.8726003490401396,0.912739965095986,0.4869109947643979,0.7050610820244329,0.7853403141361257,spa_latn-jpn_jpan,spa_latn,jpn_jpan,flores+opus+tatoeba+bouquet,1000mb,1,2290,573,4.27,,,,,,,
affine,0.002938626566901803,0.007019504439085722,0.6994384438384109,0.5724258289703316,0.8027923211169284,0.8568935427574171,0.33507853403141363,0.5846422338568935,0.680628272251309,spa_latn-jpn_jpan,spa_latn,jpn_jpan,flores+opus+tatoeba+bouquet,1000mb,1,2290,573,4.27,,,,,,,
ridge,0.004129988607019186,0.004998793359845877,0.7555945923526436,0.5497382198952879,0.7678883071553229,0.8289703315881326,0.29842931937172773,0.5671902268760908,0.6527050610820244,spa_latn-jpn_jpan,spa_latn,jpn_jpan,flores+opus+tatoeba+bouquet,1000mb,1,2290,573,4.27,10.0,,,,,,
mlp,0.005776118952780962,0.005871562287211418,0.7032605783109164,0.06108202443280977,0.19546247818499127,0.29668411867364747,0.012216404886561954,0.03315881326352531,0.06108202443280977,spa_latn-jpn_jpan,spa_latn,jpn_jpan,flores+opus+tatoeba+bouquet,1000mb,1,2290,573,4.27,,0.005790677387267351,0.00580587750300765,0.005884354934096336,0.005784108303487301,50.0,71.0
identity,0.08353838324546814,0.08238924294710159,0.7885794490537825,0.0,0.010471204188481676,0.019197207678883072,0.0,0.0,0.006980802792321117,spa_latn-jpn_jpan,spa_latn,jpn_jpan,flores+opus+tatoeba+bouquet,1000mb,2,2290,573,4.69,,,,,,,
procrustes,0.008229459635913372,0.010662750340998173,0.7885794593838551,0.7469458987783595,0.9075043630017452,0.9458987783595113,0.5497382198952879,0.7661431064572426,0.8289703315881326,spa_latn-jpn_jpan,spa_latn,jpn_jpan,flores+opus+tatoeba+bouquet,1000mb,2,2290,573,4.69,,,,,,,
affine,0.0042001004330813885,0.010077915154397488,0.7579497753603658,0.6631762652705061,0.8481675392670157,0.912739965095986,0.43455497382198954,0.6841186736474695,0.7591623036649214,spa_latn-jpn_jpan,spa_latn,jpn_jpan,flores+opus+tatoeba+bouquet,1000mb,2,2290,573,4.69,,,,,,,
ridge,0.00576345669105649,0.007172283250838518,0.8205961689985176,0.6614310645724258,0.8481675392670157,0.9092495636998255,0.4328097731239092,0.6788830715532286,0.7643979057591623,spa_latn-jpn_jpan,spa_latn,jpn_jpan,flores+opus+tatoeba+bouquet,1000mb,2,2290,573,4.69,10.0,,,,,,
mlp,0.00789581798017025,0.008049379102885723,0.8085812567310808,0.19197207678883071,0.4572425828970332,0.5898778359511344,0.041884816753926704,0.16404886561954624,0.26352530541012215,spa_latn-jpn_jpan,spa_latn,jpn_jpan,flores+opus+tatoeba+bouquet,1000mb,2,2290,573,4.69,,0.007959897263032017,0.007802900858223438,0.008059721440076828,0.007774524390697479,64.0,85.0
identity,0.12068482488393784,0.11848105490207672,0.7763446198926858,0.0034904013961605585,0.013961605584642234,0.02443280977312391,0.0017452006980802793,0.0034904013961605585,0.006980802792321117,spa_latn-jpn_jpan,spa_latn,jpn_jpan,flores+opus+tatoeba+bouquet,1000mb,3,2290,573,5.95,,,,,,,
procrustes,0.013475879095494747,0.017164863646030426,0.776344614415425,0.806282722513089,0.9424083769633508,0.9720767888307156,0.6631762652705061,0.8446771378708552,0.8987783595113438,spa_latn-jpn_jpan,spa_latn,jpn_jpan,flores+opus+tatoeba+bouquet,1000mb,3,2290,573,5.95,,,,,,,
affine,0.006884380243718624,0.01643434166908264,0.7437137797375363,0.7486910994764397,0.9022687609075044,0.9493891797556719,0.5410122164048866,0.7591623036649214,0.8237347294938918,spa_latn-jpn_jpan,spa_latn,jpn_jpan,flores+opus+tatoeba+bouquet,1000mb,3,2290,573,5.95,,,,,,,
ridge,0.00904340110719204,0.011768138967454433,0.8168765403105628,0.7574171029668412,0.924956369982548,0.9546247818499127,0.568935427574171,0.7993019197207679,0.8568935427574171,spa_latn-jpn_jpan,spa_latn,jpn_jpan,flores+opus+tatoeba+bouquet,1000mb,3,2290,573,5.95,10.0,,,,,,
mlp,0.012303009629249573,0.01264976430684328,0.8133173472811644,0.4205933682373473,0.7364746945898778,0.8237347294938918,0.17801047120418848,0.4642233856893543,0.5532286212914486,spa_latn-jpn_jpan,spa_latn,jpn_jpan,flores+opus+tatoeba+bouquet,1000mb,3,2290,573,5.95,,0.012275644493373957,0.012937732972204685,0.012687371112406254,0.012878607027232647,106.0,127.0
identity,0.1643114984035492,0.16094936430454254,0.7731276267857572,0.0017452006980802793,0.012216404886561954,0.020942408376963352,0.0,0.0017452006980802793,0.006980802792321117,spa_latn-jpn_jpan,spa_latn,jpn_jpan,flores+opus+tatoeba+bouquet,1000mb,4,2290,573,7.75,,,,,,,
procrustes,0.02067732810974121,0.026608115062117577,0.7731276251470212,0.8708551483420593,0.9685863874345549,0.987783595113438,0.7347294938917975,0.900523560209424,0.9354275741710296,spa_latn-jpn_jpan,spa_latn,jpn_jpan,flores+opus+tatoeba+bouquet,1000mb,4,2290,573,7.75,,,,,,,
affine,0.010594084858894348,0.02514425665140152,0.7550751841405314,0.8289703315881326,0.9389179755671903,0.9650959860383944,0.6614310645724258,0.8411867364746946,0.9040139616055847,spa_latn-jpn_jpan,spa_latn,jpn_jpan,flores+opus+tatoeba+bouquet,1000mb,4,2290,573,7.75,,,,,,,
ridge,0.013164798729121685,0.018406324088573456,0.8141130826009697,0.8516579406631762,0.9633507853403142,0.9720767888307156,0.6928446771378709,0.8830715532286213,0.9232111692844677,spa_latn-jpn_jpan,spa_latn,jpn_jpan,flores+opus+tatoeba+bouquet,1000mb,4,2290,573,7.75,10.0,,,,,,
mlp,0.017960693687200546,0.01888125389814377,0.8155814860602539,0.6701570680628273,0.8848167539267016,0.9389179755671903,0.42408376963350786,0.7155322862129145,0.8045375218150087,spa_latn-jpn_jpan,spa_latn,jpn_jpan,flores+opus+tatoeba+bouquet,1000mb,4,2290,573,7.75,,0.01792614224056403,0.01950896717607975,0.018841072916984558,0.01948673650622368,167.0,188.0
identity,0.20458704233169556,0.2004355639219284,0.7798724872836397,0.0017452006980802793,0.012216404886561954,0.020942408376963352,0.0,0.0034904013961605585,0.005235602094240838,spa_latn-jpn_jpan,spa_latn,jpn_jpan,flores+opus+tatoeba+bouquet,1000mb,5,2290,573,7.0,,,,,,,
procrustes,0.026662852615118027,0.03492414206266403,0.7798724784318402,0.8795811518324608,0.9738219895287958,0.9860383944153578,0.7818499127399651,0.9267015706806283,0.9546247818499127,spa_latn-jpn_jpan,spa_latn,jpn_jpan,flores+opus+tatoeba+bouquet,1000mb,5,2290,573,7.0,,,,,,,
affine,0.013781650923192501,0.03248921036720276,0.7708764833863373,0.849912739965096,0.9511343804537522,0.9773123909249564,0.6858638743455497,0.8691099476439791,0.9197207678883071,spa_latn-jpn_jpan,spa_latn,jpn_jpan,flores+opus+tatoeba+bouquet,1000mb,5,2290,573,7.0,,,,,,,
ridge,0.02077559195458889,0.023453595116734505,0.8186424652113399,0.806282722513089,0.9406631762652705,0.9668411867364747,0.6178010471204188,0.8464223385689355,0.9040139616055847,spa_latn-jpn_jpan,spa_latn,jpn_jpan,flores+opus+tatoeba+bouquet,1000mb,5,2290,573,7.0,100.0,,,,,,
mlp,0.0223598163574934,0.024105241522192955,0.8199577583999578,0.7626527050610821,0.9319371727748691,0.9581151832460733,0.5235602094240838,0.7888307155322862,0.8656195462478184,spa_latn-jpn_jpan,spa_latn,jpn_jpan,flores+opus+tatoeba+bouquet,1000mb,5,2290,573,7.0,,0.02221853393271114,0.025115296244621277,0.024108262732625008,0.02508251741528511,142.0,163.0
identity,0.24961063265800476,0.24463829398155212,0.7781994185030466,0.0017452006980802793,0.008726003490401396,0.02617801047120419,0.0,0.0017452006980802793,0.0034904013961605585,spa_latn-jpn_jpan,spa_latn,jpn_jpan,flores+opus+tatoeba+bouquet,1000mb,6,2290,573,6.35,,,,,,,
procrustes,0.03504423797130585,0.04687929525971413,0.7781994247008838,0.9197207678883071,0.9842931937172775,0.9895287958115183,0.8481675392670157,0.9511343804537522,0.9755671902268761,spa_latn-jpn_jpan,spa_latn,jpn_jpan,flores+opus+tatoeba+bouquet,1000mb,6,2290,573,6.35,,,,,,,
affine,0.01712905801832676,0.0397041030228138,0.7818533565386536,0.8656195462478184,0.9650959860383944,0.9825479930191972,0.7068062827225131,0.900523560209424,0.9406631762652705,spa_latn-jpn_jpan,spa_latn,jpn_jpan,flores+opus+tatoeba+bouquet,1000mb,6,2290,573,6.35,,,,,,,
ridge,0.024447403848171234,0.028676319867372513,0.8271834056931694,0.849912739965096,0.9703315881326352,0.9842931937172775,0.7137870855148342,0.8917975567190227,0.9336823734729494,spa_latn-jpn_jpan,spa_latn,jpn_jpan,flores+opus+tatoeba+bouquet,1000mb,6,2290,573,6.35,100.0,,,,,,
mlp,0.02625061199069023,0.02928709052503109,0.8273699898941529,0.7888307155322862,0.9546247818499127,0.9773123909249564,0.6073298429319371,0.8481675392670157,0.900523560209424,spa_latn-jpn_jpan,spa_latn,jpn_jpan,flores+opus+tatoeba+bouquet,1000mb,6,2290,573,6.35,,0.025852273359443203,0.030237600207328796,0.029276935383677483,0.030146902427077293,120.0,141.0
identity,0.3231128454208374,0.31709495186805725,0.7678291656475031,0.0017452006980802793,0.010471204188481676,0.02443280977312391,0.0017452006980802793,0.0034904013961605585,0.0034904013961605585,spa_latn-jpn_jpan,spa_latn,jpn_jpan,flores+opus+tatoeba+bouquet,1000mb,7,2290,573,7.1,,,,,,,
procrustes,0.04898031800985336,0.06559747457504272,0.7678291677743438,0.93717277486911,0.987783595113438,0.9895287958115183,0.8621291448516579,0.9633507853403142,0.9842931937172775,spa_latn-jpn_jpan,spa_latn,jpn_jpan,flores+opus+tatoeba+bouquet,1000mb,7,2290,573,7.1,,,,,,,
affine,0.022891119122505188,0.05296023562550545,0.7779323600004862,0.8691099476439791,0.9650959860383944,0.9825479930191972,0.7242582897033158,0.912739965095986,0.9389179755671903,spa_latn-jpn_jpan,spa_latn,jpn_jpan,flores+opus+tatoeba+bouquet,1000mb,7,2290,573,7.1,,,,,,,
ridge,0.03107910230755806,0.03812526911497116,0.8280962056130184,0.8691099476439791,0.9685863874345549,0.9842931937172775,0.7347294938917975,0.9144851657940664,0.93717277486911,spa_latn-jpn_jpan,spa_latn,jpn_jpan,flores+opus+tatoeba+bouquet,1000mb,7,2290,573,7.1,100.0,,,,,,
mlp,0.032201360911130905,0.03845896199345589,0.8278286430255768,0.8150087260034904,0.9650959860383944,0.9790575916230366,0.6596858638743456,0.8726003490401396,0.9267015706806283,spa_latn-jpn_jpan,spa_latn,jpn_jpan,flores+opus+tatoeba+bouquet,1000mb,7,2290,573,7.1,,0.03111886673352935,0.04142240062355995,0.03845643252134323,0.041278693825006485,147.0,168.0
identity,0.42869672179222107,0.422062486410141,0.7656453118139642,0.006980802792321117,0.019197207678883072,0.027923211169284468,0.0017452006980802793,0.005235602094240838,0.008726003490401396,spa_latn-jpn_jpan,spa_latn,jpn_jpan,flores+opus+tatoeba+bouquet,1000mb,8,2290,573,6.15,,,,,,,
procrustes,0.07387996464967728,0.09898144751787186,0.7656453156298958,0.944153577661431,0.9895287958115183,0.9930191972076788,0.8743455497382199,0.9738219895287958,0.9825479930191972,spa_latn-jpn_jpan,spa_latn,jpn_jpan,flores+opus+tatoeba+bouquet,1000mb,8,2290,573,6.15,,,,,,,
affine,0.03450068458914757,0.07895052433013916,0.7698683308377549,0.8743455497382199,0.9755671902268761,0.987783595113438,0.7556719022687609,0.9144851657940664,0.9458987783595113,spa_latn-jpn_jpan,spa_latn,jpn_jpan,flores+opus+tatoeba+bouquet,1000mb,8,2290,573,6.15,,,,,,,
ridge,0.04469091072678566,0.05767142027616501,0.819591885178261,0.8673647469458988,0.9755671902268761,0.9860383944153578,0.7486910994764397,0.9144851657940664,0.944153577661431,spa_latn-jpn_jpan,spa_latn,jpn_jpan,flores+opus+tatoeba+bouquet,1000mb,8,2290,573,6.15,100.0,,,,,,
mlp,0.0454510934650898,0.05792377516627312,0.8194108568380504,0.8481675392670157,0.9738219895287958,0.9842931937172775,0.6910994764397905,0.8917975567190227,0.924956369982548,spa_latn-jpn_jpan,spa_latn,jpn_jpan,flores+opus+tatoeba+bouquet,1000mb,8,2290,573,6.15,,0.04364568277290373,0.05802189186215401,0.0579216368496418,0.05790155380964279,116.0,137.0
identity,0.6241020560264587,0.6140548586845398,0.7748315814643484,0.0034904013961605585,0.010471204188481676,0.02443280977312391,0.0,0.0034904013961605585,0.005235602094240838,spa_latn-jpn_jpan,spa_latn,jpn_jpan,flores+opus+tatoeba+bouquet,1000mb,9,2290,573,5.74,,,,,,,
procrustes,0.11216820776462555,0.14748084545135498,0.7748315855758323,0.9389179755671903,0.987783595113438,0.9930191972076788,0.8534031413612565,0.9616055846422339,0.9790575916230366,spa_latn-jpn_jpan,spa_latn,jpn_jpan,flores+opus+tatoeba+bouquet,1000mb,9,2290,573,5.74,,,,,,,
affine,0.05049969628453255,0.11485540866851807,0.7717498702047084,0.8621291448516579,0.9773123909249564,0.987783595113438,0.731239092495637,0.9040139616055847,0.9476439790575916,spa_latn-jpn_jpan,spa_latn,jpn_jpan,flores+opus+tatoeba+bouquet,1000mb,9,2290,573,5.74,,,,,,,
ridge,0.06293782591819763,0.08506319671869278,0.8152312530870859,0.8673647469458988,0.9738219895287958,0.9808027923211169,0.7417102966841187,0.9075043630017452,0.9458987783595113,spa_latn-jpn_jpan,spa_latn,jpn_jpan,flores+opus+tatoeba+bouquet,1000mb,9,2290,573,5.74,100.0,,,,,,
mlp,0.06354060024023056,0.08567753434181213,0.8120205274844586,0.8446771378708552,0.9685863874345549,0.9808027923211169,0.6928446771378709,0.8917975567190227,0.9319371727748691,spa_latn-jpn_jpan,spa_latn,jpn_jpan,flores+opus+tatoeba+bouquet,1000mb,9,2290,573,5.74,,0.059592510827563026,0.08623098582029343,0.08567412197589874,0.08613179624080658,101.0,122.0
identity,0.9216379523277283,0.9068049192428589,0.7654165212246042,0.0,0.013961605584642234,0.02268760907504363,0.0,0.0,0.005235602094240838,spa_latn-jpn_jpan,spa_latn,jpn_jpan,flores+opus+tatoeba+bouquet,1000mb,10,2290,573,4.93,,,,,,,
procrustes,0.175883486866951,0.22722162306308746,0.7654165230818414,0.9336823734729494,0.9860383944153578,0.9912739965095986,0.8446771378708552,0.956369982547993,0.9773123909249564,spa_latn-jpn_jpan,spa_latn,jpn_jpan,flores+opus+tatoeba+bouquet,1000mb,10,2290,573,4.93,,,,,,,
affine,0.07789190113544464,0.17721939086914062,0.75889922162027,0.8446771378708552,0.9633507853403142,0.9790575916230366,0.6963350785340314,0.8830715532286213,0.9267015706806283,spa_latn-jpn_jpan,spa_latn,jpn_jpan,flores+opus+tatoeba+bouquet,1000mb,10,2290,573,4.93,,,,,,,
ridge,0.12116710841655731,0.1344357132911682,0.7952833186392579,0.6561954624781849,0.8970331588132635,0.9354275741710296,0.4816753926701571,0.7452006980802792,0.8184991273996509,spa_latn-jpn_jpan,spa_latn,jpn_jpan,flores+opus+tatoeba+bouquet,1000mb,10,2290,573,4.93,1000.0,,,,,,
mlp,0.10033638775348663,0.1336180865764618,0.8026625592971821,0.7835951134380453,0.9511343804537522,0.9738219895287958,0.6265270506108203,0.8342059336823735,0.8987783595113438,spa_latn-jpn_jpan,spa_latn,jpn_jpan,flores+opus+tatoeba+bouquet,1000mb,10,2290,573,4.93,,0.09216490094408844,0.13526491820812225,0.13381926715373993,0.13477195799350739,73.0,94.0
identity,1.3585433959960938,1.3367271423339844,0.7468112492603827,0.0017452006980802793,0.013961605584642234,0.031413612565445025,0.0,0.0034904013961605585,0.006980802792321117,spa_latn-jpn_jpan,spa_latn,jpn_jpan,flores+opus+tatoeba+bouquet,1000mb,11,2290,573,5.12,,,,,,,
procrustes,0.2705354392528534,0.34088876843452454,0.7468112496996586,0.9232111692844677,0.987783595113438,0.9912739965095986,0.8132635253054101,0.9458987783595113,0.9616055846422339,spa_latn-jpn_jpan,spa_latn,jpn_jpan,flores+opus+tatoeba+bouquet,1000mb,11,2290,573,5.12,,,,,,,
affine,0.11077912151813507,0.2520046830177307,0.7436138615793886,0.7923211169284468,0.944153577661431,0.9650959860383944,0.6300174520069808,0.8359511343804538,0.8970331588132635,spa_latn-jpn_jpan,spa_latn,jpn_jpan,flores+opus+tatoeba+bouquet,1000mb,11,2290,573,5.12,,,,,,,
ridge,0.1665843427181244,0.18915697932243347,0.7890134593391223,0.6178010471204188,0.8534031413612565,0.9179755671902269,0.43455497382198954,0.6963350785340314,0.787085514834206,spa_latn-jpn_jpan,spa_latn,jpn_jpan,flores+opus+tatoeba+bouquet,1000mb,11,2290,573,5.12,1000.0,,,,,,
mlp,0.13690245151519775,0.19057269394397736,0.7931489731218055,0.7417102966841187,0.9197207678883071,0.9616055846422339,0.5619546247818499,0.8010471204188482,0.8603839441535777,spa_latn-jpn_jpan,spa_latn,jpn_jpan,flores+opus+tatoeba+bouquet,1000mb,11,2290,573,5.12,,0.12468729371374304,0.18955591320991516,0.19123472273349762,0.1882997751235962,80.0,101.0
identity,2.212440252304077,2.194305658340454,0.747800576926454,0.0017452006980802793,0.010471204188481676,0.020942408376963352,0.0,0.0034904013961605585,0.0034904013961605585,spa_latn-jpn_jpan,spa_latn,jpn_jpan,flores+opus+tatoeba+bouquet,1000mb,12,2290,573,4.35,,,,,,,
procrustes,0.48991233110427856,0.6693469882011414,0.747800576432743,0.9040139616055847,0.9842931937172775,0.9930191972076788,0.7818499127399651,0.9301919720767888,0.9616055846422339,spa_latn-jpn_jpan,spa_latn,jpn_jpan,flores+opus+tatoeba+bouquet,1000mb,12,2290,573,4.35,,,,,,,
affine,0.26297253370285034,0.5959282517433167,0.7401226618845324,0.8429319371727748,0.9685863874345549,0.9842931937172775,0.6492146596858639,0.881326352530541,0.9232111692844677,spa_latn-jpn_jpan,spa_latn,jpn_jpan,flores+opus+tatoeba+bouquet,1000mb,12,2290,573,4.35,,,,,,,
ridge,0.35060328245162964,0.43812981247901917,0.7895012951102285,0.8219895287958116,0.956369982547993,0.9825479930191972,0.631762652705061,0.8656195462478184,0.900523560209424,spa_latn-jpn_jpan,spa_latn,jpn_jpan,flores+opus+tatoeba+bouquet,1000mb,12,2290,573,4.35,1000.0,,,,,,
mlp,0.33739954233169556,0.45560282468795776,0.7883081411653959,0.8219895287958116,0.9493891797556719,0.9790575916230366,0.6282722513089005,0.8551483420593369,0.8970331588132635,spa_latn-jpn_jpan,spa_latn,jpn_jpan,flores+opus+tatoeba+bouquet,1000mb,12,2290,573,4.35,,0.30086021802642127,0.45900899171829224,0.45781829953193665,0.45572429895401,53.0,74.0
identity,0.00017037994985003024,0.0001681366265984252,0.6713251201953598,0.006980802792321117,0.027923211169284468,0.04363001745200698,0.0,0.008726003490401396,0.012216404886561954,arb_arab-hin_deva,arb_arab,hin_deva,flores+opus+tatoeba+bouquet,1000mb,0,2290,573,6.25,,,,,,,
procrustes,5.6556273193564266e-05,8.001330570550635e-05,0.6713251142544859,0.4397905759162304,0.6771378708551483,0.7417102966841187,0.2914485165794066,0.47643979057591623,0.5567190226876091,arb_arab-hin_deva,arb_arab,hin_deva,flores+opus+tatoeba+bouquet,1000mb,0,2290,573,6.25,,,,,,,
affine,2.4052105800365098e-05,5.829675865243189e-05,0.6821592577638225,0.23211169284467714,0.44153577661431065,0.525305410122164,0.13089005235602094,0.2530541012216405,0.32111692844677137,arb_arab-hin_deva,arb_arab,hin_deva,flores+opus+tatoeba+bouquet,1000mb,0,2290,573,6.25,,,,,,,
ridge,3.095180363743566e-05,4.0804494346957654e-05,0.7571095267832304,0.18324607329842932,0.38045375218150085,0.47469458987783597,0.0924956369982548,0.193717277486911,0.27225130890052357,arb_arab-hin_deva,arb_arab,hin_deva,flores+opus+tatoeba+bouquet,1000mb,0,2290,573,6.25,0.1,,,,,,
mlp,5.705768126063049e-05,5.61835513508413e-05,0.5621061358306406,0.0017452006980802793,0.008726003490401396,0.017452006980802792,0.0,0.0034904013961605585,0.005235602094240838,arb_arab-hin_deva,arb_arab,hin_deva,flores+opus+tatoeba+bouquet,1000mb,0,2290,573,6.25,,5.74080770478979e-05,5.631784370052628e-05,5.620724186883308e-05,5.626789788948372e-05,113.0,134.0
identity,0.0361567921936512,0.03604739531874657,0.7207273866041991,0.0017452006980802793,0.013961605584642234,0.02617801047120419,0.0,0.0017452006980802793,0.0017452006980802793,arb_arab-hin_deva,arb_arab,hin_deva,flores+opus+tatoeba+bouquet,1000mb,1,2290,573,3.73,,,,,,,
procrustes,0.005725018680095673,0.007436073385179043,0.7207273788131888,0.6963350785340314,0.8673647469458988,0.900523560209424,0.506108202443281,0.7225130890052356,0.7993019197207679,arb_arab-hin_deva,arb_arab,hin_deva,flores+opus+tatoeba+bouquet,1000mb,1,2290,573,3.73,,,,,,,
affine,0.0024230617564171553,0.0058488622307777405,0.7311112148798713,0.4467713787085515,0.6509598603839442,0.7260034904013961,0.268760907504363,0.45549738219895286,0.5462478184991274,arb_arab-hin_deva,arb_arab,hin_deva,flores+opus+tatoeba+bouquet,1000mb,1,2290,573,3.73,,,,,,,
ridge,0.00341607048176229,0.004142615012824535,0.7876857582172192,0.3787085514834206,0.6230366492146597,0.6945898778359512,0.2181500872600349,0.3961605584642234,0.4851657940663176,arb_arab-hin_deva,arb_arab,hin_deva,flores+opus+tatoeba+bouquet,1000mb,1,2290,573,3.73,10.0,,,,,,
mlp,0.004738586954772472,0.004765916150063276,0.7509014733469256,0.02617801047120419,0.09598603839441536,0.13787085514834205,0.0034904013961605585,0.031413612565445025,0.04886561954624782,arb_arab-hin_deva,arb_arab,hin_deva,flores+opus+tatoeba+bouquet,1000mb,1,2290,573,3.73,,0.004748714523333491,0.004911769647151232,0.0047803302295506,0.004898703191429377,32.0,53.0
identity,0.08166083693504333,0.08142423629760742,0.7814187100684455,0.0,0.012216404886561954,0.02443280977312391,0.0,0.0017452006980802793,0.0034904013961605585,arb_arab-hin_deva,arb_arab,hin_deva,flores+opus+tatoeba+bouquet,1000mb,2,2290,573,4.06,,,,,,,
procrustes,0.008918235078454018,0.011309863068163395,0.7814187092566416,0.7678883071553229,0.8917975567190227,0.9354275741710296,0.5916230366492147,0.7958115183246073,0.8464223385689355,arb_arab-hin_deva,arb_arab,hin_deva,flores+opus+tatoeba+bouquet,1000mb,2,2290,573,4.06,,,,,,,
affine,0.0036785516422241926,0.00875264685600996,0.7908630201718746,0.5514834205933682,0.7643979057591623,0.8219895287958116,0.3647469458987784,0.5636998254799301,0.6579406631762653,arb_arab-hin_deva,arb_arab,hin_deva,flores+opus+tatoeba+bouquet,1000mb,2,2290,573,4.06,,,,,,,
ridge,0.005072645377367735,0.00629337877035141,0.8343524276787752,0.5567190226876091,0.7504363001745201,0.8237347294938918,0.343804537521815,0.5671902268760908,0.6387434554973822,arb_arab-hin_deva,arb_arab,hin_deva,flores+opus+tatoeba+bouquet,1000mb,2,2290,573,4.06,10.0,,,,,,
mlp,0.006947595626115799,0.007006356026977301,0.8222191553161995,0.1169284467713787,0.2844677137870855,0.39965095986038396,0.02443280977312391,0.10471204188481675,0.1518324607329843,arb_arab-hin_deva,arb_arab,hin_deva,flores+opus+tatoeba+bouquet,1000mb,2,2290,573,4.06,,0.007014353265703628,0.00664224848151207,0.0070202103815972805,0.006627548020333052,43.0,64.0
identity,0.11904647946357727,0.11857810616493225,0.7473051277804913,0.0034904013961605585,0.010471204188481676,0.027923211169284468,0.0,0.0,0.0034904013961605585,arb_arab-hin_deva,arb_arab,hin_deva,flores+opus+tatoeba+bouquet,1000mb,3,2290,573,5.19,,,,,,,
procrustes,0.01539169903844595,0.01981869712471962,0.7473051479849884,0.8289703315881326,0.9476439790575916,0.9720767888307156,0.6631762652705061,0.8534031413612565,0.8917975567190227,arb_arab-hin_deva,arb_arab,hin_deva,flores+opus+tatoeba+bouquet,1000mb,3,2290,573,5.19,,,,,,,
affine,0.006906215567141771,0.01655178889632225,0.7441144125432925,0.6736474694589878,0.8656195462478184,0.9179755671902269,0.47643979057591623,0.7033158813263525,0.7766143106457243,arb_arab-hin_deva,arb_arab,hin_deva,flores+opus+tatoeba+bouquet,1000mb,3,2290,573,5.19,,,,,,,
ridge,0.008987650275230408,0.011986185796558857,0.7990099629679397,0.7207678883071553,0.8917975567190227,0.9301919720767888,0.525305410122164,0.7294938917975567,0.8080279232111692,arb_arab-hin_deva,arb_arab,hin_deva,flores+opus+tatoeba+bouquet,1000mb,3,2290,573,5.19,10.0,,,,,,
mlp,0.012327764183282852,0.012718523852527142,0.7896812113129011,0.3612565445026178,0.6090750436300174,0.7242582897033158,0.16579406631762653,0.387434554973822,0.4694589877835951,arb_arab-hin_deva,arb_arab,hin_deva,flores+opus+tatoeba+bouquet,1000mb,3,2290,573,5.19,,0.012340957439984337,0.012937948107719421,0.012756623327732086,0.012878436595201492,81.0,102.0
identity,0.1624976396560669,0.16162611544132233,0.7314972582685118,0.0034904013961605585,0.008726003490401396,0.017452006980802792,0.0,0.0,0.0017452006980802793,arb_arab-hin_deva,arb_arab,hin_deva,flores+opus+tatoeba+bouquet,1000mb,4,2290,573,6.85,,,,,,,
procrustes,0.02386450581252575,0.031534139066934586,0.7314972613521283,0.8883071553228621,0.9808027923211169,0.9895287958115183,0.7364746945898778,0.9232111692844677,0.9493891797556719,arb_arab-hin_deva,arb_arab,hin_deva,flores+opus+tatoeba+bouquet,1000mb,4,2290,573,6.85,,,,,,,
affine,0.011521093547344208,0.027229133993387222,0.7278899215982209,0.774869109947644,0.9301919720767888,0.956369982547993,0.581151832460733,0.8097731239092496,0.8586387434554974,arb_arab-hin_deva,arb_arab,hin_deva,flores+opus+tatoeba+bouquet,1000mb,4,2290,573,6.85,,,,,,,
ridge,0.01751885935664177,0.019776662811636925,0.7685015327703748,0.7033158813263525,0.8970331588132635,0.9406631762652705,0.5026178010471204,0.7364746945898778,0.8184991273996509,arb_arab-hin_deva,arb_arab,hin_deva,flores+opus+tatoeba+bouquet,1000mb,4,2290,573,6.85,100.0,,,,,,
mlp,0.019254835322499275,0.02053092047572136,0.770629061756936,0.5654450261780105,0.837696335078534,0.8970331588132635,0.3507853403141361,0.6038394415357766,0.7120418848167539,arb_arab-hin_deva,arb_arab,hin_deva,flores+opus+tatoeba+bouquet,1000mb,4,2290,573,6.85,,0.01908433950985923,0.020995596423745155,0.02052203193306923,0.020965514704585075,137.0,158.0
identity,0.20836524665355682,0.20715400576591492,0.7193653590522332,0.0034904013961605585,0.006980802792321117,0.012216404886561954,0.0,0.0017452006980802793,0.0034904013961605585,arb_arab-hin_deva,arb_arab,hin_deva,flores+opus+tatoeba+bouquet,1000mb,5,2290,573,7.03,,,,,,,
procrustes,0.033775608986616135,0.04535360261797905,0.7193653622577233,0.893542757417103,0.9825479930191972,0.9895287958115183,0.7574171029668412,0.9162303664921466,0.9546247818499127,arb_arab-hin_deva,arb_arab,hin_deva,flores+opus+tatoeba+bouquet,1000mb,5,2290,573,7.03,,,,,,,
affine,0.017027193680405617,0.040183424949645996,0.7093955555527458,0.7783595113438045,0.9197207678883071,0.9528795811518325,0.6212914485165794,0.8045375218150087,0.8656195462478184,arb_arab-hin_deva,arb_arab,hin_deva,flores+opus+tatoeba+bouquet,1000mb,5,2290,573,7.03,,,,,,,
ridge,0.024756919592618942,0.029019957408308983,0.7542616790959447,0.7661431064572426,0.9179755671902269,0.956369982547993,0.5497382198952879,0.794066317626527,0.8516579406631762,arb_arab-hin_deva,arb_arab,hin_deva,flores+opus+tatoeba+bouquet,1000mb,5,2290,573,7.03,100.0,,,,,,
mlp,0.026723552495241165,0.029717903584241867,0.7572953597025952,0.7015706806282722,0.8848167539267016,0.9284467713787086,0.4467713787085515,0.7225130890052356,0.7958115183246073,arb_arab-hin_deva,arb_arab,hin_deva,flores+opus+tatoeba+bouquet,1000mb,5,2290,573,7.03,,0.026239992599144127,0.03182316944003105,0.02968292124569416,0.03177453204989433,143.0,164.0
identity,0.2568395733833313,0.25548356771469116,0.7159711858083053,0.0,0.006980802792321117,0.012216404886561954,0.0,0.0017452006980802793,0.0017452006980802793,arb_arab-hin_deva,arb_arab,hin_deva,flores+opus+tatoeba+bouquet,1000mb,6,2290,573,6.61,,,,,,,
procrustes,0.04246653988957405,0.05793566629290581,0.7159711921807868,0.9092495636998255,0.9808027923211169,0.987783595113438,0.7626527050610821,0.9354275741710296,0.956369982547993,arb_arab-hin_deva,arb_arab,hin_deva,flores+opus+tatoeba+bouquet,1000mb,6,2290,573,6.61,,,,,,,
affine,0.022020356729626656,0.051691893488168716,0.704524585874448,0.7993019197207679,0.9511343804537522,0.9703315881326352,0.6265270506108203,0.8289703315881326,0.8865619546247818,arb_arab-hin_deva,arb_arab,hin_deva,flores+opus+tatoeba+bouquet,1000mb,6,2290,573,6.61,,,,,,,
ridge,0.030819429084658623,0.03714807704091072,0.7585435910222383,0.806282722513089,0.93717277486911,0.9581151832460733,0.5986038394415357,0.8307155322862129,0.8900523560209425,arb_arab-hin_deva,arb_arab,hin_deva,flores+opus+tatoeba+bouquet,1000mb,6,2290,573,6.61,100.0,,,,,,
mlp,0.03291792422533035,0.0378052294254303,0.7522075370881522,0.7452006980802792,0.9197207678883071,0.9511343804537522,0.518324607329843,0.7766143106457243,0.8551483420593369,arb_arab-hin_deva,arb_arab,hin_deva,flores+opus+tatoeba+bouquet,1000mb,6,2290,573,6.61,,0.032233218803550255,0.039062488824129105,0.03783426061272621,0.038973063230514526,130.0,151.0
identity,0.34389638900756836,0.3422962725162506,0.717140984519211,0.0017452006980802793,0.008726003490401396,0.012216404886561954,0.0,0.0017452006980802793,0.0034904013961605585,arb_arab-hin_deva,arb_arab,hin_deva,flores+opus+tatoeba+bouquet,1000mb,7,2290,573,6.69,,,,,,,
procrustes,0.05900770425796509,0.0802970752120018,0.7171409850843922,0.912739965095986,0.9808027923211169,0.987783595113438,0.7713787085514834,0.9214659685863874,0.9581151832460733,arb_arab-hin_deva,arb_arab,hin_deva,flores+opus+tatoeba+bouquet,1000mb,7,2290,573,6.69,,,,,,,
affine,0.030284075066447258,0.07061866670846939,0.7161805425633871,0.8237347294938918,0.9528795811518325,0.9703315881326352,0.6387434554973822,0.849912739965096,0.8917975567190227,arb_arab-hin_deva,arb_arab,hin_deva,flores+opus+tatoeba+bouquet,1000mb,7,2290,573,6.69,,,,,,,
ridge,0.040672674775123596,0.050978757441043854,0.7717479054102577,0.8202443280977313,0.9546247818499127,0.9720767888307156,0.6387434554973822,0.849912739965096,0.900523560209424,arb_arab-hin_deva,arb_arab,hin_deva,flores+opus+tatoeba+bouquet,1000mb,7,2290,573,6.69,100.0,,,,,,
mlp,0.04201753810048103,0.051501933485269547,0.7699938191001415,0.7905759162303665,0.93717277486911,0.9581151832460733,0.5776614310645725,0.8080279232111692,0.8691099476439791,arb_arab-hin_deva,arb_arab,hin_deva,flores+opus+tatoeba+bouquet,1000mb,7,2290,573,6.69,,0.04065755596666625,0.052370887249708176,0.05147614702582359,0.05233946442604065,133.0,154.0
identity,0.4561745226383209,0.4543553292751312,0.6956058072396912,0.0,0.005235602094240838,0.012216404886561954,0.0,0.0,0.0,arb_arab-hin_deva,arb_arab,hin_deva,flores+opus+tatoeba+bouquet,1000mb,8,2290,573,6.35,,,,,,,
procrustes,0.08485502749681473,0.11517640203237534,0.6956058060699076,0.8830715532286213,0.9720767888307156,0.9860383944153578,0.7469458987783595,0.900523560209424,0.9319371727748691,arb_arab-hin_deva,arb_arab,hin_deva,flores+opus+tatoeba+bouquet,1000mb,8,2290,573,6.35,,,,,,,
affine,0.04430002719163895,0.10298503935337067,0.6958080165053175,0.794066317626527,0.944153577661431,0.9720767888307156,0.6108202443280978,0.8254799301919721,0.8760907504363001,arb_arab-hin_deva,arb_arab,hin_deva,flores+opus+tatoeba+bouquet,1000mb,8,2290,573,6.35,,,,,,,
ridge,0.05694723129272461,0.07437660545110703,0.7591549218293242,0.8202443280977313,0.944153577661431,0.9616055846422339,0.6404886561954625,0.8289703315881326,0.8952879581151832,arb_arab-hin_deva,arb_arab,hin_deva,flores+opus+tatoeba+bouquet,1000mb,8,2290,573,6.35,100.0,,,,,,
mlp,0.057100676000118256,0.07496994733810425,0.755844311159812,0.7958115183246073,0.9336823734729494,0.9598603839441536,0.5636998254799301,0.8080279232111692,0.8638743455497382,arb_arab-hin_deva,arb_arab,hin_deva,flores+opus+tatoeba+bouquet,1000mb,8,2290,573,6.35,,0.05433493299466191,0.07671734690666199,0.07506506145000458,0.07664001733064651,122.0,143.0
identity,0.6528865694999695,0.6489050388336182,0.6667493546201729,0.0,0.0017452006980802793,0.008726003490401396,0.0,0.0,0.0,arb_arab-hin_deva,arb_arab,hin_deva,flores+opus+tatoeba+bouquet,1000mb,9,2290,573,5.24,,,,,,,
procrustes,0.1315850466489792,0.175484761595726,0.6667493599645026,0.8638743455497382,0.9581151832460733,0.9825479930191972,0.7242582897033158,0.8795811518324608,0.9232111692844677,arb_arab-hin_deva,arb_arab,hin_deva,flores+opus+tatoeba+bouquet,1000mb,9,2290,573,5.24,,,,,,,
affine,0.06476560235023499,0.1490526646375656,0.6908428446877254,0.7713787085514834,0.9162303664921466,0.9546247818499127,0.5741710296684118,0.7853403141361257,0.8481675392670157,arb_arab-hin_deva,arb_arab,hin_deva,flores+opus+tatoeba+bouquet,1000mb,9,2290,573,5.24,,,,,,,
ridge,0.07972704619169235,0.10974515974521637,0.7546369646800628,0.7923211169284468,0.9232111692844677,0.9528795811518325,0.6073298429319371,0.8097731239092496,0.8760907504363001,arb_arab-hin_deva,arb_arab,hin_deva,flores+opus+tatoeba+bouquet,1000mb,9,2290,573,5.24,100.0,,,,,,
mlp,0.08169027417898178,0.11030971258878708,0.7517400345090383,0.7574171029668412,0.9092495636998255,0.9389179755671903,0.5410122164048866,0.7661431064572426,0.8551483420593369,arb_arab-hin_deva,arb_arab,hin_deva,flores+opus+tatoeba+bouquet,1000mb,9,2290,573,5.24,,0.07623051287549915,0.10748335719108582,0.1106284111738205,0.1070900484919548,84.0,105.0
identity,0.9478824734687805,0.9413323402404785,0.6479746139656114,0.0,0.0034904013961605585,0.012216404886561954,0.0,0.0,0.0,arb_arab-hin_deva,arb_arab,hin_deva,flores+opus+tatoeba+bouquet,1000mb,10,2290,573,5.13,,,,,,,
procrustes,0.19961634278297424,0.26277613639831543,0.647974622147165,0.837696335078534,0.9424083769633508,0.9703315881326352,0.6684118673647469,0.8691099476439791,0.900523560209424,arb_arab-hin_deva,arb_arab,hin_deva,flores+opus+tatoeba+bouquet,1000mb,10,2290,573,5.13,,,,,,,
affine,0.09708941727876663,0.22285722196102142,0.6861976023758244,0.731239092495637,0.8795811518324608,0.9232111692844677,0.5340314136125655,0.7574171029668412,0.8184991273996509,arb_arab-hin_deva,arb_arab,hin_deva,flores+opus+tatoeba+bouquet,1000mb,10,2290,573,5.13,,,,,,,
ridge,0.14751620590686798,0.16446883976459503,0.744089326602138,0.5724258289703316,0.7923211169284468,0.8691099476439791,0.387434554973822,0.6038394415357766,0.68760907504363,arb_arab-hin_deva,arb_arab,hin_deva,flores+opus+tatoeba+bouquet,1000mb,10,2290,573,5.13,1000.0,,,,,,
mlp,0.1209854707121849,0.16716879606246948,0.7442193994431751,0.6893542757417103,0.8795811518324608,0.9267015706806283,0.5026178010471204,0.7207678883071553,0.806282722513089,arb_arab-hin_deva,arb_arab,hin_deva,flores+opus+tatoeba+bouquet,1000mb,10,2290,573,5.13,,0.11038208098122568,0.1683083176612854,0.16800661385059357,0.16715474426746368,80.0,101.0
identity,1.2778470516204834,1.2702208757400513,0.6389328663201651,0.0,0.005235602094240838,0.008726003490401396,0.0,0.0,0.0,arb_arab-hin_deva,arb_arab,hin_deva,flores+opus+tatoeba+bouquet,1000mb,11,2290,573,4.57,,,,,,,
procrustes,0.26635903120040894,0.3493829667568207,0.638932864676144,0.806282722513089,0.9319371727748691,0.9546247818499127,0.643979057591623,0.8272251308900523,0.8900523560209425,arb_arab-hin_deva,arb_arab,hin_deva,flores+opus+tatoeba+bouquet,1000mb,11,2290,573,4.57,,,,,,,
affine,0.1271122843027115,0.29114091396331787,0.6887220417797913,0.6980802792321117,0.8638743455497382,0.912739965095986,0.4973821989528796,0.7050610820244329,0.7853403141361257,arb_arab-hin_deva,arb_arab,hin_deva,flores+opus+tatoeba+bouquet,1000mb,11,2290,573,4.57,,,,,,,
ridge,0.18712493777275085,0.2144676297903061,0.7468349524124679,0.5532286212914486,0.7678883071553229,0.8359511343804538,0.36300174520069806,0.5881326352530541,0.6579406631762653,arb_arab-hin_deva,arb_arab,hin_deva,flores+opus+tatoeba+bouquet,1000mb,11,2290,573,4.57,1000.0,,,,,,
mlp,0.16502001881599426,0.22016970813274384,0.7461282993770739,0.6230366492146597,0.8516579406631762,0.9057591623036649,0.4363001745200698,0.6631762652705061,0.7294938917975567,arb_arab-hin_deva,arb_arab,hin_deva,flores+opus+tatoeba+bouquet,1000mb,11,2290,573,4.57,,0.1496080146594481,0.2167922556400299,0.22126935422420502,0.21588432788848877,60.0,81.0
identity,2.3939688205718994,2.405003547668457,0.6384135514608564,0.0017452006980802793,0.005235602094240838,0.010471204188481676,0.0,0.0034904013961605585,0.005235602094240838,arb_arab-hin_deva,arb_arab,hin_deva,flores+opus+tatoeba+bouquet,1000mb,12,2290,573,4.2,,,,,,,
procrustes,0.583102822303772,0.7947373390197754,0.6384135501787189,0.774869109947644,0.9214659685863874,0.9493891797556719,0.6178010471204188,0.8132635253054101,0.8621291448516579,arb_arab-hin_deva,arb_arab,hin_deva,flores+opus+tatoeba+bouquet,1000mb,12,2290,573,4.2,,,,,,,
affine,0.29153090715408325,0.6674317717552185,0.6722138610862203,0.7277486910994765,0.8865619546247818,0.9336823734729494,0.5130890052356021,0.7539267015706806,0.8219895287958116,arb_arab-hin_deva,arb_arab,hin_deva,flores+opus+tatoeba+bouquet,1000mb,12,2290,573,4.2,,,,,,,
ridge,0.3816464841365814,0.4861474633216858,0.7374990836697622,0.6858638743455497,0.8726003490401396,0.924956369982548,0.506108202443281,0.7225130890052356,0.7923211169284468,arb_arab-hin_deva,arb_arab,hin_deva,flores+opus+tatoeba+bouquet,1000mb,12,2290,573,4.2,1000.0,,,,,,
mlp,0.37542951107025146,0.5068925619125366,0.7318992543500634,0.6823734729493892,0.8760907504363001,0.9179755671902269,0.4781849912739965,0.7068062827225131,0.7678883071553229,arb_arab-hin_deva,arb_arab,hin_deva,flores+opus+tatoeba+bouquet,1000mb,12,2290,573,4.2,,0.3308247418114633,0.49895504117012024,0.5123491287231445,0.4947911500930786,48.0,69.0
identity,0.00017875837511382997,0.00017751174164004624,0.675252629592295,0.002932551319648094,0.016129032258064516,0.03812316715542522,0.0,0.004398826979472141,0.008797653958944282,arb_arab-fra_latn,arb_arab,fra_latn,flores+opus+tatoeba+bouquet,1000mb,0,2724,682,5.25,,,,,,,
procrustes,5.556724136113189e-05,7.571261812699959e-05,0.675252637033967,0.5395894428152492,0.717008797653959,0.782991202346041,0.40615835777126097,0.5850439882697948,0.6495601173020528,arb_arab-fra_latn,arb_arab,fra_latn,flores+opus+tatoeba+bouquet,1000mb,0,2724,682,5.25,,,,,,,
affine,2.367492015764583e-05,4.825443829759024e-05,0.7292133473213398,0.3255131964809384,0.49560117302052786,0.5689149560117303,0.18621700879765396,0.35043988269794724,0.41642228739002934,arb_arab-fra_latn,arb_arab,fra_latn,flores+opus+tatoeba+bouquet,1000mb,0,2724,682,5.25,,,,,,,
ridge,2.8656344511546195e-05,3.725233182194643e-05,0.780073748625048,0.2375366568914956,0.4149560117302053,0.49266862170087977,0.15102639296187684,0.27712609970674484,0.3284457478005865,arb_arab-fra_latn,arb_arab,fra_latn,flores+opus+tatoeba+bouquet,1000mb,0,2724,682,5.25,0.1,,,,,,
mlp,5.472578413900919e-05,5.3902338549960405e-05,0.5928991879451979,0.001466275659824047,0.007331378299120235,0.01466275659824047,0.001466275659824047,0.001466275659824047,0.005865102639296188,arb_arab-fra_latn,arb_arab,fra_latn,flores+opus+tatoeba+bouquet,1000mb,0,2724,682,5.25,,5.48796176586527e-05,5.3257848776411265e-05,5.392200910137035e-05,5.323837831383571e-05,53.0,74.0
identity,0.03854186832904816,0.03813330829143524,0.7155410739456788,0.011730205278592375,0.02785923753665689,0.039589442815249266,0.001466275659824047,0.007331378299120235,0.013196480938416423,arb_arab-fra_latn,arb_arab,fra_latn,flores+opus+tatoeba+bouquet,1000mb,1,2724,682,4.71,,,,,,,
procrustes,0.006006465759128332,0.00734007777646184,0.7155410724208098,0.7565982404692082,0.8944281524926686,0.9325513196480938,0.6348973607038123,0.7800586510263929,0.8240469208211144,arb_arab-fra_latn,arb_arab,fra_latn,flores+opus+tatoeba+bouquet,1000mb,1,2724,682,4.71,,,,,,,
affine,0.002398830372840166,0.004817198030650616,0.7666422782118982,0.5659824046920822,0.7448680351906158,0.7888563049853372,0.4149560117302053,0.6055718475073314,0.6642228739002932,arb_arab-fra_latn,arb_arab,fra_latn,flores+opus+tatoeba+bouquet,1000mb,1,2724,682,4.71,,,,,,,
ridge,0.0031659575179219246,0.0037515528965741396,0.8023183524814861,0.5234604105571847,0.6847507331378299,0.7375366568914956,0.34017595307917886,0.5410557184750733,0.6070381231671554,arb_arab-fra_latn,arb_arab,fra_latn,flores+opus+tatoeba+bouquet,1000mb,1,2724,682,4.71,10.0,,,,,,
mlp,0.004566236864775419,0.004509848076850176,0.7662105285542773,0.05571847507331378,0.13049853372434017,0.187683284457478,0.005865102639296188,0.04252199413489736,0.06304985337243402,arb_arab-fra_latn,arb_arab,fra_latn,flores+opus+tatoeba+bouquet,1000mb,1,2724,682,4.71,,0.00456092824251988,0.004686854779720306,0.004515819251537323,0.004673919640481472,37.0,58.0
identity,0.08129335939884186,0.08035627752542496,0.7675740254160413,0.007331378299120235,0.02346041055718475,0.04252199413489736,0.0,0.004398826979472141,0.007331378299120235,arb_arab-fra_latn,arb_arab,fra_latn,flores+opus+tatoeba+bouquet,1000mb,2,2724,682,4.72,,,,,,,
procrustes,0.008964062668383121,0.010835690423846245,0.7675740240912267,0.8020527859237536,0.9310850439882697,0.9516129032258065,0.6876832844574781,0.8357771260997068,0.8768328445747801,arb_arab-fra_latn,arb_arab,fra_latn,flores+opus+tatoeba+bouquet,1000mb,2,2724,682,4.72,,,,,,,
affine,0.0035642595030367374,0.007123627234250307,0.809362768505808,0.6598240469208211,0.8181818181818182,0.8709677419354839,0.4897360703812317,0.6832844574780058,0.7375366568914956,arb_arab-fra_latn,arb_arab,fra_latn,flores+opus+tatoeba+bouquet,1000mb,2,2724,682,4.72,,,,,,,
ridge,0.004602039698511362,0.005620019976049662,0.840589901196435,0.6173020527859238,0.7859237536656891,0.8401759530791789,0.4662756598240469,0.6539589442815249,0.7243401759530792,arb_arab-fra_latn,arb_arab,fra_latn,flores+opus+tatoeba+bouquet,1000mb,2,2724,682,4.72,10.0,,,,,,
mlp,0.0064703319221735,0.0064823501743376255,0.8262209844112897,0.1217008797653959,0.29472140762463345,0.40175953079178883,0.04105571847507331,0.14222873900293256,0.21114369501466276,arb_arab-fra_latn,arb_arab,fra_latn,flores+opus+tatoeba+bouquet,1000mb,2,2724,682,4.72,,0.006477950463214746,0.0065781231969594955,0.006498747505247593,0.006561204791069031,37.0,58.0
identity,0.11649608612060547,0.11499696224927902,0.7356417883855683,0.002932551319648094,0.016129032258064516,0.030791788856304986,0.001466275659824047,0.001466275659824047,0.005865102639296188,arb_arab-fra_latn,arb_arab,fra_latn,flores+opus+tatoeba+bouquet,1000mb,3,2724,682,5.52,,,,,,,
procrustes,0.014838246628642082,0.018351569771766663,0.735641792563478,0.8577712609970675,0.9486803519061584,0.9721407624633431,0.7302052785923754,0.8885630498533724,0.9178885630498533,arb_arab-fra_latn,arb_arab,fra_latn,flores+opus+tatoeba+bouquet,1000mb,3,2724,682,5.52,,,,,,,
affine,0.006594010628759861,0.013399108313024044,0.762355829247446,0.7316715542521994,0.8680351906158358,0.9149560117302052,0.5557184750733137,0.7521994134897361,0.8137829912023461,arb_arab-fra_latn,arb_arab,fra_latn,flores+opus+tatoeba+bouquet,1000mb,3,2724,682,5.52,,,,,,,
ridge,0.008058291859924793,0.010565020143985748,0.8028552906208652,0.7521994134897361,0.8973607038123167,0.9325513196480938,0.5806451612903226,0.7639296187683284,0.8240469208211144,arb_arab-fra_latn,arb_arab,fra_latn,flores+opus+tatoeba+bouquet,1000mb,3,2724,682,5.52,10.0,,,,,,
mlp,0.01111417356878519,0.011509604752063751,0.7914990921629989,0.33284457478005863,0.5865102639296188,0.7023460410557185,0.15249266862170088,0.3519061583577713,0.4530791788856305,arb_arab-fra_latn,arb_arab,fra_latn,flores+opus+tatoeba+bouquet,1000mb,3,2724,682,5.52,,0.011163660826591345,0.011233603581786156,0.011539640836417675,0.011198265478014946,60.0,81.0
identity,0.1587173342704773,0.1564282327890396,0.7310618137792472,0.005865102639296188,0.016129032258064516,0.02785923753665689,0.0,0.002932551319648094,0.005865102639296188,arb_arab-fra_latn,arb_arab,fra_latn,flores+opus+tatoeba+bouquet,1000mb,4,2724,682,6.24,,,,,,,
procrustes,0.022994356229901314,0.029255539178848267,0.7310618111107006,0.9193548387096774,0.9706744868035191,0.9750733137829912,0.8211143695014663,0.9384164222873901,0.9604105571847508,arb_arab-fra_latn,arb_arab,fra_latn,flores+opus+tatoeba+bouquet,1000mb,4,2724,682,6.24,,,,,,,
affine,0.011208603158593178,0.0228260587900877,0.7504335367089054,0.8181818181818182,0.9325513196480938,0.9589442815249267,0.6759530791788856,0.8607038123167156,0.906158357771261,arb_arab-fra_latn,arb_arab,fra_latn,flores+opus+tatoeba+bouquet,1000mb,4,2724,682,6.24,,,,,,,
ridge,0.01584365777671337,0.018134916201233864,0.7836503486713955,0.7580645161290323,0.9193548387096774,0.9442815249266863,0.5982404692082112,0.7917888563049853,0.8519061583577713,arb_arab-fra_latn,arb_arab,fra_latn,flores+opus+tatoeba+bouquet,1000mb,4,2724,682,6.24,100.0,,,,,,
mlp,0.017863722518086433,0.019174179062247276,0.781899396000036,0.6026392961876833,0.8357771260997068,0.8988269794721407,0.4046920821114369,0.6524926686217009,0.7346041055718475,arb_arab-fra_latn,arb_arab,fra_latn,flores+opus+tatoeba+bouquet,1000mb,4,2724,682,6.24,,0.017718126209309466,0.020192595198750496,0.019155258312821388,0.020167693495750427,80.0,101.0
identity,0.1938963383436203,0.19111405313014984,0.7283895952186026,0.001466275659824047,0.01906158357771261,0.02785923753665689,0.0,0.0,0.004398826979472141,arb_arab-fra_latn,arb_arab,fra_latn,flores+opus+tatoeba+bouquet,1000mb,5,2724,682,7.61,,,,,,,
procrustes,0.03009882941842079,0.039541877806186676,0.7283895963981659,0.9164222873900293,0.9706744868035191,0.9824046920821115,0.8211143695014663,0.9398826979472141,0.9589442815249267,arb_arab-fra_latn,arb_arab,fra_latn,flores+opus+tatoeba+bouquet,1000mb,5,2724,682,7.61,,,,,,,
affine,0.015443090349435806,0.03132873773574829,0.745638707920761,0.8607038123167156,0.9472140762463344,0.9633431085043989,0.7346041055718475,0.8826979472140762,0.9134897360703812,arb_arab-fra_latn,arb_arab,fra_latn,flores+opus+tatoeba+bouquet,1000mb,5,2724,682,7.61,,,,,,,
ridge,0.020933035761117935,0.024772299453616142,0.7803273687873824,0.8255131964809385,0.9384164222873901,0.9501466275659824,0.6803519061583577,0.8563049853372434,0.8988269794721407,arb_arab-fra_latn,arb_arab,fra_latn,flores+opus+tatoeba+bouquet,1000mb,5,2724,682,7.61,100.0,,,,,,
mlp,0.02333444356918335,0.02585352584719658,0.7799991364154842,0.6832844574780058,0.8944281524926686,0.9384164222873901,0.45894428152492667,0.7272727272727273,0.8152492668621701,arb_arab-fra_latn,arb_arab,fra_latn,flores+opus+tatoeba+bouquet,1000mb,5,2724,682,7.61,,0.0230974259857948,0.025831295177340508,0.025836359709501266,0.025751333683729172,119.0,140.0
identity,0.24388721585273743,0.24106718599796295,0.7289599356973846,0.0,0.013196480938416423,0.024926686217008796,0.0,0.0,0.0,arb_arab-fra_latn,arb_arab,fra_latn,flores+opus+tatoeba+bouquet,1000mb,6,2724,682,9.24,,,,,,,
procrustes,0.039396386593580246,0.05282766744494438,0.7289599326553704,0.9354838709677419,0.9765395894428153,0.9824046920821115,0.8621700879765396,0.9486803519061584,0.966275659824047,arb_arab-fra_latn,arb_arab,fra_latn,flores+opus+tatoeba+bouquet,1000mb,6,2724,682,9.24,,,,,,,
affine,0.021700751036405563,0.04414253681898117,0.7517145584956985,0.9002932551319648,0.967741935483871,0.9794721407624634,0.7859237536656891,0.9178885630498533,0.9413489736070382,arb_arab-fra_latn,arb_arab,fra_latn,flores+opus+tatoeba+bouquet,1000mb,6,2724,682,9.24,,,,,,,
ridge,0.028477853164076805,0.03485005721449852,0.7855748859555846,0.8782991202346041,0.9589442815249267,0.9750733137829912,0.7448680351906158,0.8944281524926686,0.9354838709677419,arb_arab-fra_latn,arb_arab,fra_latn,flores+opus+tatoeba+bouquet,1000mb,6,2724,682,9.24,100.0,,,,,,
mlp,0.031106971204280853,0.03590190410614014,0.7839677406544069,0.8240469208211144,0.9398826979472141,0.9604105571847508,0.6466275659824047,0.844574780058651,0.8944281524926686,arb_arab-fra_latn,arb_arab,fra_latn,flores+opus+tatoeba+bouquet,1000mb,6,2724,682,9.24,,0.03080545809979622,0.0351874940097332,0.0358956977725029,0.03513931855559349,168.0,189.0
identity,0.31651338934898376,0.3132683038711548,0.7197657137516591,0.001466275659824047,0.007331378299120235,0.02785923753665689,0.0,0.001466275659824047,0.001466275659824047,arb_arab-fra_latn,arb_arab,fra_latn,flores+opus+tatoeba+bouquet,1000mb,7,2724,682,9.06,,,,,,,
procrustes,0.05630941316485405,0.07583008706569672,0.7197657148878075,0.9252199413489736,0.9736070381231672,0.9853372434017595,0.8592375366568915,0.9413489736070382,0.9604105571847508,arb_arab-fra_latn,arb_arab,fra_latn,flores+opus+tatoeba+bouquet,1000mb,7,2724,682,9.06,,,,,,,
affine,0.032868627458810806,0.06675602495670319,0.7474335762887353,0.9046920821114369,0.9750733137829912,0.9853372434017595,0.8020527859237536,0.9208211143695014,0.9472140762463344,arb_arab-fra_latn,arb_arab,fra_latn,flores+opus+tatoeba+bouquet,1000mb,7,2724,682,9.06,,,,,,,
ridge,0.04157796502113342,0.05276898294687271,0.783154265579252,0.8958944281524927,0.9736070381231672,0.9838709677419355,0.7859237536656891,0.9164222873900293,0.9472140762463344,arb_arab-fra_latn,arb_arab,fra_latn,flores+opus+tatoeba+bouquet,1000mb,7,2724,682,9.06,100.0,,,,,,
mlp,0.04371870681643486,0.05356990545988083,0.7830035350604863,0.8709677419354839,0.9560117302052786,0.9809384164222874,0.7243401759530792,0.8826979472140762,0.9310850439882697,arb_arab-fra_latn,arb_arab,fra_latn,flores+opus+tatoeba+bouquet,1000mb,7,2724,682,9.06,,0.04273231690510725,0.05323342978954315,0.05359118804335594,0.05322849750518799,162.0,183.0
identity,0.4136171042919159,0.41091105341911316,0.7018554078332562,0.0,0.010263929618768328,0.024926686217008796,0.0,0.0,0.001466275659824047,arb_arab-fra_latn,arb_arab,fra_latn,flores+opus+tatoeba+bouquet,1000mb,8,2724,682,8.9,,,,,,,
procrustes,0.07809694856405258,0.10529303550720215,0.7018554038820586,0.9296187683284457,0.966275659824047,0.9780058651026393,0.8607038123167156,0.9457478005865103,0.9574780058651027,arb_arab-fra_latn,arb_arab,fra_latn,flores+opus+tatoeba+bouquet,1000mb,8,2724,682,8.9,,,,,,,
affine,0.04527861997485161,0.09188540279865265,0.7470188543753159,0.9090909090909091,0.9794721407624634,0.9853372434017595,0.7932551319648093,0.9237536656891495,0.9486803519061584,arb_arab-fra_latn,arb_arab,fra_latn,flores+opus+tatoeba+bouquet,1000mb,8,2724,682,8.9,,,,,,,
ridge,0.05510256811976433,0.07304401695728302,0.7840815806975907,0.9193548387096774,0.9750733137829912,0.9853372434017595,0.8049853372434017,0.9266862170087976,0.9545454545454546,arb_arab-fra_latn,arb_arab,fra_latn,flores+opus+tatoeba+bouquet,1000mb,8,2724,682,8.9,100.0,,,,,,
mlp,0.05600999668240547,0.07374530285596848,0.7839729231256483,0.8958944281524927,0.9706744868035191,0.9838709677419355,0.7580645161290323,0.9120234604105572,0.9369501466275659,arb_arab-fra_latn,arb_arab,fra_latn,flores+opus+tatoeba+bouquet,1000mb,8,2724,682,8.9,,0.05400036447323286,0.07424105703830719,0.07378224283456802,0.07411119341850281,159.0,180.0
identity,0.5875706672668457,0.5845749974250793,0.6735729201064348,0.001466275659824047,0.005865102639296188,0.021994134897360705,0.0,0.0,0.0,arb_arab-fra_latn,arb_arab,fra_latn,flores+opus+tatoeba+bouquet,1000mb,9,2724,682,7.51,,,,,,,
procrustes,0.11883274465799332,0.158855140209198,0.67357292321013,0.9134897360703812,0.9618768328445748,0.969208211143695,0.8519061583577713,0.9310850439882697,0.9457478005865103,arb_arab-fra_latn,arb_arab,fra_latn,flores+opus+tatoeba+bouquet,1000mb,9,2724,682,7.51,,,,,,,
affine,0.06610651314258575,0.13331212103366852,0.7521284226327086,0.9164222873900293,0.9633431085043989,0.9736070381231672,0.8020527859237536,0.9237536656891495,0.9442815249266863,arb_arab-fra_latn,arb_arab,fra_latn,flores+opus+tatoeba+bouquet,1000mb,9,2724,682,7.51,,,,,,,
ridge,0.0773703083395958,0.10744533687829971,0.7873062703954541,0.9120234604105572,0.9648093841642229,0.9765395894428153,0.8064516129032258,0.9237536656891495,0.9457478005865103,arb_arab-fra_latn,arb_arab,fra_latn,flores+opus+tatoeba+bouquet,1000mb,9,2724,682,7.51,100.0,,,,,,
mlp,0.07773815840482712,0.10833866894245148,0.7862775118729616,0.8885630498533724,0.9604105571847508,0.9736070381231672,0.7683284457478006,0.9090909090909091,0.9384164222873901,arb_arab-fra_latn,arb_arab,fra_latn,flores+opus+tatoeba+bouquet,1000mb,9,2724,682,7.51,,0.07321015535256802,0.10778059810400009,0.10841159522533417,0.10750706493854523,119.0,140.0
identity,0.822720468044281,0.8176589608192444,0.6604371795937919,0.001466275659824047,0.01466275659824047,0.021994134897360705,0.0,0.0,0.002932551319648094,arb_arab-fra_latn,arb_arab,fra_latn,flores+opus+tatoeba+bouquet,1000mb,10,2724,682,6.67,,,,,,,
procrustes,0.16805832087993622,0.22262290120124817,0.6604371817000473,0.8944281524926686,0.9486803519061584,0.9648093841642229,0.8372434017595308,0.9178885630498533,0.9398826979472141,arb_arab-fra_latn,arb_arab,fra_latn,flores+opus+tatoeba+bouquet,1000mb,10,2724,682,6.67,,,,,,,
affine,0.08978404849767685,0.17992758750915527,0.7485642512790626,0.8929618768328446,0.9604105571847508,0.9648093841642229,0.7712609970674487,0.9164222873900293,0.9428152492668622,arb_arab-fra_latn,arb_arab,fra_latn,flores+opus+tatoeba+bouquet,1000mb,10,2724,682,6.67,,,,,,,
ridge,0.10182163119316101,0.14700789749622345,0.7817790007956325,0.8914956011730205,0.9516129032258065,0.969208211143695,0.7961876832844574,0.9120234604105572,0.9369501466275659,arb_arab-fra_latn,arb_arab,fra_latn,flores+opus+tatoeba+bouquet,1000mb,10,2724,682,6.67,100.0,,,,,,
mlp,0.10413973778486252,0.14740701019763947,0.7805970059212065,0.8709677419354839,0.9545454545454546,0.9648093841642229,0.749266862170088,0.8929618768328446,0.9252199413489736,arb_arab-fra_latn,arb_arab,fra_latn,flores+opus+tatoeba+bouquet,1000mb,10,2724,682,6.67,,0.09691010835843208,0.1446024775505066,0.14785125851631165,0.14419709146022797,94.0,115.0
identity,1.1308330297470093,1.1266553401947021,0.6435836415819617,0.004398826979472141,0.01466275659824047,0.021994134897360705,0.001466275659824047,0.002932551319648094,0.007331378299120235,arb_arab-fra_latn,arb_arab,fra_latn,flores+opus+tatoeba+bouquet,1000mb,11,2724,682,5.67,,,,,,,
procrustes,0.22413136065006256,0.2948830723762512,0.6435836485745711,0.8870967741935484,0.9398826979472141,0.9560117302052786,0.8167155425219942,0.9032258064516129,0.9222873900293255,arb_arab-fra_latn,arb_arab,fra_latn,flores+opus+tatoeba+bouquet,1000mb,11,2724,682,5.67,,,,,,,
affine,0.11555011570453644,0.23142139613628387,0.7415998226979145,0.8504398826979472,0.9413489736070382,0.9589442815249267,0.7434017595307918,0.8914956011730205,0.9105571847507331,arb_arab-fra_latn,arb_arab,fra_latn,flores+opus+tatoeba+bouquet,1000mb,11,2724,682,5.67,,,,,,,
ridge,0.16086401045322418,0.18791131675243378,0.7699798367836691,0.7653958944281525,0.8856304985337243,0.9164222873900293,0.6290322580645161,0.7947214076246334,0.8519061583577713,arb_arab-fra_latn,arb_arab,fra_latn,flores+opus+tatoeba+bouquet,1000mb,11,2724,682,5.67,1000.0,,,,,,
mlp,0.1400274932384491,0.19060330092906952,0.7740383396856314,0.8137829912023461,0.9310850439882697,0.9457478005865103,0.6920821114369502,0.843108504398827,0.9017595307917888,arb_arab-fra_latn,arb_arab,fra_latn,flores+opus+tatoeba+bouquet,1000mb,11,2724,682,5.67,,0.1285814759440911,0.18627484142780304,0.19133388996124268,0.18546730279922485,65.0,86.0
identity,2.199530601501465,2.199821710586548,0.6453163242677579,0.001466275659824047,0.008797653958944282,0.011730205278592375,0.0,0.007331378299120235,0.007331378299120235,arb_arab-fra_latn,arb_arab,fra_latn,flores+opus+tatoeba+bouquet,1000mb,12,2724,682,4.97,,,,,,,
procrustes,0.5171504020690918,0.6896593570709229,0.6453163257227216,0.8665689149560117,0.9384164222873901,0.9545454545454546,0.7844574780058651,0.8973607038123167,0.9178885630498533,arb_arab-fra_latn,arb_arab,fra_latn,flores+opus+tatoeba+bouquet,1000mb,12,2724,682,4.97,,,,,,,
affine,0.24610960483551025,0.4921252429485321,0.7332647814292713,0.8695014662756598,0.9428152492668622,0.9589442815249267,0.749266862170088,0.8944281524926686,0.9237536656891495,arb_arab-fra_latn,arb_arab,fra_latn,flores+opus+tatoeba+bouquet,1000mb,12,2724,682,4.97,,,,,,,
ridge,0.305537611246109,0.3926471769809723,0.7697367230997877,0.8372434017595308,0.9354838709677419,0.9516129032258065,0.7316715542521994,0.8665689149560117,0.906158357771261,arb_arab-fra_latn,arb_arab,fra_latn,flores+opus+tatoeba+bouquet,1000mb,12,2724,682,4.97,1000.0,,,,,,
mlp,0.30453652143478394,0.41046398878097534,0.767719699495551,0.8284457478005866,0.9266862170087976,0.9501466275659824,0.7214076246334311,0.8504398826979472,0.8973607038123167,arb_arab-fra_latn,arb_arab,fra_latn,flores+opus+tatoeba+bouquet,1000mb,12,2724,682,4.97,,0.27055777265475345,0.4086407721042633,0.4116026759147644,0.40711748600006104,44.0,65.0
identity,0.00016342237358912826,0.00016398004663642496,0.6525638220536066,0.011611030478955007,0.03483309143686502,0.059506531204644414,0.0043541364296081275,0.013062409288824383,0.018867924528301886,arb_arab-rus_cyrl,arb_arab,rus_cyrl,flores+opus+tatoeba+bouquet,1000mb,0,2755,689,6.91,,,,,,,
procrustes,5.6507014960516244e-05,7.967053534230217e-05,0.6525638194903066,0.43686502177068215,0.6502177068214804,0.7111756168359942,0.29027576197387517,0.48040638606676345,0.5529753265602322,arb_arab-rus_cyrl,arb_arab,rus_cyrl,flores+opus+tatoeba+bouquet,1000mb,0,2755,689,6.91,,,,,,,
affine,2.8768161428160965e-05,5.7152527006110176e-05,0.7047079208619091,0.3193033381712627,0.4876632801161103,0.6037735849056604,0.18722786647314948,0.3381712626995646,0.40783744557329465,arb_arab-rus_cyrl,arb_arab,rus_cyrl,flores+opus+tatoeba+bouquet,1000mb,0,2755,689,6.91,,,,,,,
ridge,3.445386391831562e-05,4.3745134462369606e-05,0.7539218612813886,0.2597968069666183,0.4296081277213353,0.5224963715529753,0.14223512336719885,0.2757619738751814,0.3439767779390421,arb_arab-rus_cyrl,arb_arab,rus_cyrl,flores+opus+tatoeba+bouquet,1000mb,0,2755,689,6.91,0.1,,,,,,
mlp,6.1004291637800634e-05,6.152693822514266e-05,0.5385012099798676,0.001451378809869376,0.00725689404934688,0.01451378809869376,0.0,0.0,0.001451378809869376,arb_arab-rus_cyrl,arb_arab,rus_cyrl,flores+opus+tatoeba+bouquet,1000mb,0,2755,689,6.91,,6.102618947177409e-05,6.136416777735576e-05,6.155137089081109e-05,6.134045543149114e-05,98.0,119.0
identity,0.032191794365644455,0.032032210379838943,0.7139576684432198,0.005805515239477504,0.027576197387518143,0.0420899854862119,0.0,0.005805515239477504,0.015965166908563134,arb_arab-rus_cyrl,arb_arab,rus_cyrl,flores+opus+tatoeba+bouquet,1000mb,1,2755,689,4.81,,,,,,,
procrustes,0.005402993410825729,0.006908316630870104,0.713957669984101,0.7097242380261248,0.8635703918722787,0.9129172714078374,0.5500725689404935,0.7532656023222061,0.7982583454281568,arb_arab-rus_cyrl,arb_arab,rus_cyrl,flores+opus+tatoeba+bouquet,1000mb,1,2755,689,4.81,,,,,,,
affine,0.0027261748909950256,0.005463840439915657,0.7409059600550657,0.5631349782293179,0.7677793904208998,0.818577648766328,0.3802612481857765,0.6066763425253991,0.683599419448476,arb_arab-rus_cyrl,arb_arab,rus_cyrl,flores+opus+tatoeba+bouquet,1000mb,1,2755,689,4.81,,,,,,,
ridge,0.003563163336366415,0.004229724407196045,0.7837914217605513,0.49201741654571846,0.7024673439767779,0.7692307692307693,0.3265602322206096,0.5442670537010159,0.625544267053701,arb_arab-rus_cyrl,arb_arab,rus_cyrl,flores+opus+tatoeba+bouquet,1000mb,1,2755,689,4.81,10.0,,,,,,
mlp,0.005004992708563805,0.005091530736535788,0.737720938678791,0.026124818577648767,0.12772133526850507,0.18287373004354138,0.013062409288824383,0.040638606676342524,0.0841799709724238,arb_arab-rus_cyrl,arb_arab,rus_cyrl,flores+opus+tatoeba+bouquet,1000mb,1,2755,689,4.81,,0.00502912676296173,0.0049710338935256,0.005101134069263935,0.0049605593085289,41.0,62.0
identity,0.07426664978265762,0.07379506528377533,0.7724329222164541,0.005805515239477504,0.018867924528301886,0.033381712626995644,0.001451378809869376,0.00725689404934688,0.011611030478955007,arb_arab-rus_cyrl,arb_arab,rus_cyrl,flores+opus+tatoeba+bouquet,1000mb,2,2755,689,5.15,,,,,,,
procrustes,0.008602750487625599,0.010851356200873852,0.772432927837234,0.7634252539912917,0.9085631349782293,0.9346879535558781,0.6197387518142236,0.7982583454281568,0.8519593613933236,arb_arab-rus_cyrl,arb_arab,rus_cyrl,flores+opus+tatoeba+bouquet,1000mb,2,2755,689,5.15,,,,,,,
affine,0.004262820817530155,0.00850512832403183,0.7972221830278265,0.625544267053701,0.8243831640058055,0.8795355587808418,0.48040638606676345,0.6806966618287373,0.7518142235123367,arb_arab-rus_cyrl,arb_arab,rus_cyrl,flores+opus+tatoeba+bouquet,1000mb,2,2755,689,5.15,,,,,,,
ridge,0.005464955698698759,0.006660183891654015,0.8363138419394405,0.5921625544267054,0.8127721335268505,0.8548621190130624,0.42670537010159654,0.6632801161103048,0.7416545718432511,arb_arab-rus_cyrl,arb_arab,rus_cyrl,flores+opus+tatoeba+bouquet,1000mb,2,2755,689,5.15,10.0,,,,,,
mlp,0.007495876867324114,0.007657506503164768,0.8305404030059036,0.13497822931785197,0.3367198838896952,0.44992743105950656,0.04934687953555878,0.1625544267053701,0.22641509433962265,arb_arab-rus_cyrl,arb_arab,rus_cyrl,flores+opus+tatoeba+bouquet,1000mb,2,2755,689,5.15,,0.007520954458950422,0.00755841052159667,0.007668944075703621,0.007539377547800541,51.0,72.0
identity,0.10504117608070374,0.10430368781089783,0.7434099785372026,0.0043541364296081275,0.015965166908563134,0.030478955007256895,0.001451378809869376,0.00725689404934688,0.008708272859216255,arb_arab-rus_cyrl,arb_arab,rus_cyrl,flores+opus+tatoeba+bouquet,1000mb,3,2755,689,5.31,,,,,,,
procrustes,0.013160238973796368,0.01652202568948269,0.7434099585902516,0.8403483309143687,0.9477503628447025,0.9666182873730044,0.6937590711175616,0.8664731494920174,0.9129172714078374,arb_arab-rus_cyrl,arb_arab,rus_cyrl,flores+opus+tatoeba+bouquet,1000mb,3,2755,689,5.31,,,,,,,
affine,0.005539470352232456,0.011024962179362774,0.7902490254380011,0.7053701015965167,0.8577648766328012,0.9071117561683599,0.5341074020319303,0.7460087082728593,0.8055152394775036,arb_arab-rus_cyrl,arb_arab,rus_cyrl,flores+opus+tatoeba+bouquet,1000mb,3,2755,689,5.31,,,,,,,
ridge,0.0067271520383656025,0.008718595840036869,0.8321295828999614,0.6995645863570392,0.872278664731495,0.918722786647315,0.5370101596516691,0.7590711175616836,0.8098693759071117,arb_arab-rus_cyrl,arb_arab,rus_cyrl,flores+opus+tatoeba+bouquet,1000mb,3,2755,689,5.31,10.0,,,,,,
mlp,0.009281901642680168,0.009601472876966,0.8335605178036749,0.2641509433962264,0.5297532656023222,0.6632801161103048,0.11756168359941944,0.3047895500725689,0.3918722786647315,arb_arab-rus_cyrl,arb_arab,rus_cyrl,flores+opus+tatoeba+bouquet,1000mb,3,2755,689,5.31,,0.009251340387914425,0.009940031915903091,0.00958494283258915,0.009922386147081852,55.0,76.0
identity,0.1397719830274582,0.13869032263755798,0.7268911832297803,0.005805515239477504,0.01451378809869376,0.02902757619738752,0.001451378809869376,0.0043541364296081275,0.005805515239477504,arb_arab-rus_cyrl,arb_arab,rus_cyrl,flores+opus+tatoeba+bouquet,1000mb,4,2755,689,6.1,,,,,,,
procrustes,0.0198429636657238,0.02517562545835972,0.7268911769754026,0.888243831640058,0.97677793904209,0.9854862119013063,0.7910014513788098,0.9129172714078374,0.9462989840348331,arb_arab-rus_cyrl,arb_arab,rus_cyrl,flores+opus+tatoeba+bouquet,1000mb,4,2755,689,6.1,,,,,,,
affine,0.008140566758811474,0.01618933491408825,0.7833659907902724,0.7750362844702468,0.9100145137880987,0.9433962264150944,0.6226415094339622,0.818577648766328,0.8679245283018868,arb_arab-rus_cyrl,arb_arab,rus_cyrl,flores+opus+tatoeba+bouquet,1000mb,4,2755,689,6.1,,,,,,,
ridge,0.01131988875567913,0.012778489850461483,0.8266691375986887,0.7053701015965167,0.8809869375907112,0.918722786647315,0.5195936139332366,0.7619738751814223,0.8214804063860668,arb_arab-rus_cyrl,arb_arab,rus_cyrl,flores+opus+tatoeba+bouquet,1000mb,4,2755,689,6.1,100.0,,,,,,
mlp,0.012889816425740719,0.013621683232486248,0.8274805017554541,0.49637155297532654,0.7648766328011611,0.8490566037735849,0.274310595065312,0.5413642960812772,0.6531204644412192,arb_arab-rus_cyrl,arb_arab,rus_cyrl,flores+opus+tatoeba+bouquet,1000mb,4,2755,689,6.1,,0.012898962156703839,0.013421492651104927,0.013625203631818295,0.013396971859037876,78.0,99.0
identity,0.17507141828536987,0.17367485165596008,0.7291723694405023,0.001451378809869376,0.01451378809869376,0.026124818577648767,0.0,0.0043541364296081275,0.005805515239477504,arb_arab-rus_cyrl,arb_arab,rus_cyrl,flores+opus+tatoeba+bouquet,1000mb,5,2755,689,8.87,,,,,,,
procrustes,0.027314307168126106,0.035529542714357376,0.7291723581812316,0.9245283018867925,0.9825834542815675,0.9869375907111756,0.8156748911465893,0.9462989840348331,0.9622641509433962,arb_arab-rus_cyrl,arb_arab,rus_cyrl,flores+opus+tatoeba+bouquet,1000mb,5,2755,689,8.87,,,,,,,
affine,0.012279347516596317,0.024687165394425392,0.7677034004103473,0.8287373004354136,0.9593613933236574,0.9709724238026125,0.6676342525399129,0.872278664731495,0.9230769230769231,arb_arab-rus_cyrl,arb_arab,rus_cyrl,flores+opus+tatoeba+bouquet,1000mb,5,2755,689,8.87,,,,,,,
ridge,0.016444861888885498,0.01919640228152275,0.8136106501534025,0.7997097242380261,0.9492017416545718,0.969521044992743,0.6458635703918723,0.8505079825834543,0.9085631349782293,arb_arab-rus_cyrl,arb_arab,rus_cyrl,flores+opus+tatoeba+bouquet,1000mb,5,2755,689,8.87,100.0,,,,,,
mlp,0.018399473279714584,0.02002553455531597,0.8148971711260047,0.6792452830188679,0.8969521044992743,0.941944847605225,0.46153846153846156,0.7416545718432511,0.8287373004354136,arb_arab-rus_cyrl,arb_arab,rus_cyrl,flores+opus+tatoeba+bouquet,1000mb,5,2755,689,8.87,,0.018354766787244722,0.019572434946894646,0.020030895248055458,0.019554581493139267,157.0,178.0
identity,0.21870948374271393,0.21721433103084564,0.7367004058472263,0.002902757619738752,0.01741654571843251,0.023222060957910014,0.0,0.00725689404934688,0.008708272859216255,arb_arab-rus_cyrl,arb_arab,rus_cyrl,flores+opus+tatoeba+bouquet,1000mb,6,2755,689,8.44,,,,,,,
procrustes,0.03659236058592796,0.04871099442243576,0.7367004138050305,0.93033381712627,0.9854862119013063,0.988388969521045,0.8330914368650217,0.9477503628447025,0.9724238026124818,arb_arab-rus_cyrl,arb_arab,rus_cyrl,flores+opus+tatoeba+bouquet,1000mb,6,2755,689,8.44,,,,,,,
affine,0.018710041418671608,0.03747338801622391,0.7584450797858862,0.8824383164005806,0.9811320754716981,0.9840348330914369,0.7431059506531205,0.918722786647315,0.9506531204644412,arb_arab-rus_cyrl,arb_arab,rus_cyrl,flores+opus+tatoeba+bouquet,1000mb,6,2755,689,8.44,,,,,,,
ridge,0.024254310876131058,0.029291458427906036,0.7997166947951795,0.8751814223512336,0.9724238026124818,0.9825834542815675,0.7445573294629898,0.9042089985486212,0.9462989840348331,arb_arab-rus_cyrl,arb_arab,rus_cyrl,flores+opus+tatoeba+bouquet,1000mb,6,2755,689,8.44,100.0,,,,,,
mlp,0.026649191975593567,0.03009871393442154,0.8001294654477459,0.8055152394775036,0.9564586357039188,0.9796806966618288,0.6226415094339622,0.8519593613933236,0.9143686502177069,arb_arab-rus_cyrl,arb_arab,rus_cyrl,flores+opus+tatoeba+bouquet,1000mb,6,2755,689,8.44,,0.026387744607069552,0.03023866005241871,0.030112603679299355,0.030150655657052994,146.0,167.0
identity,0.27720892429351807,0.27558639645576477,0.73058530610956,0.002902757619738752,0.01451378809869376,0.030478955007256895,0.0,0.0043541364296081275,0.008708272859216255,arb_arab-rus_cyrl,arb_arab,rus_cyrl,flores+opus+tatoeba+bouquet,1000mb,7,2755,689,9.05,,,,,,,
procrustes,0.0497925691306591,0.06647847592830658,0.7305853083262264,0.9245283018867925,0.9811320754716981,0.9869375907111756,0.8388969521044993,0.9462989840348331,0.9637155297532656,arb_arab-rus_cyrl,arb_arab,rus_cyrl,flores+opus+tatoeba+bouquet,1000mb,7,2755,689,9.05,,,,,,,
affine,0.024790119379758835,0.04957662895321846,0.7532525315622773,0.895500725689405,0.9666182873730044,0.9854862119013063,0.7750362844702468,0.9201741654571843,0.9477503628447025,arb_arab-rus_cyrl,arb_arab,rus_cyrl,flores+opus+tatoeba+bouquet,1000mb,7,2755,689,9.05,,,,,,,
ridge,0.031023716554045677,0.038818418979644775,0.7940317479132007,0.8940493468795355,0.9724238026124818,0.9811320754716981,0.7939042089985486,0.9259796806966618,0.9506531204644412,arb_arab-rus_cyrl,arb_arab,rus_cyrl,flores+opus+tatoeba+bouquet,1000mb,7,2755,689,9.05,100.0,,,,,,
mlp,0.033239010721445084,0.039381105452775955,0.7945696309019595,0.8287373004354136,0.9608127721335269,0.9753265602322206,0.683599419448476,0.8940493468795355,0.93033381712627,arb_arab-rus_cyrl,arb_arab,rus_cyrl,flores+opus+tatoeba+bouquet,1000mb,7,2755,689,9.05,,0.03266156183030361,0.039407745003700256,0.03945241868495941,0.03938281536102295,163.0,184.0
identity,0.3601321578025818,0.3583153188228607,0.7224394594917561,0.002902757619738752,0.015965166908563134,0.02467343976777939,0.0,0.0043541364296081275,0.005805515239477504,arb_arab-rus_cyrl,arb_arab,rus_cyrl,flores+opus+tatoeba+bouquet,1000mb,8,2755,689,9.17,,,,,,,
procrustes,0.06748770922422409,0.09011702984571457,0.7224394556860176,0.9259796806966618,0.9796806966618288,0.9912917271407837,0.8505079825834543,0.9477503628447025,0.965166908563135,arb_arab-rus_cyrl,arb_arab,rus_cyrl,flores+opus+tatoeba+bouquet,1000mb,8,2755,689,9.17,,,,,,,
affine,0.03186722472310066,0.06389664858579636,0.7544518433100311,0.9085631349782293,0.9724238026124818,0.9898403483309144,0.7924528301886793,0.9317851959361393,0.9608127721335269,arb_arab-rus_cyrl,arb_arab,rus_cyrl,flores+opus+tatoeba+bouquet,1000mb,8,2755,689,9.17,,,,,,,
ridge,0.038515038788318634,0.0502036027610302,0.7987820992259815,0.9114658925979681,0.9753265602322206,0.9854862119013063,0.8055152394775036,0.9390420899854862,0.9579100145137881,arb_arab-rus_cyrl,arb_arab,rus_cyrl,flores+opus+tatoeba+bouquet,1000mb,8,2755,689,9.17,100.0,,,,,,
mlp,0.03976970538496971,0.05050574988126755,0.7964369604767351,0.8737300435413643,0.9666182873730044,0.9854862119013063,0.7503628447024674,0.9042089985486212,0.9462989840348331,arb_arab-rus_cyrl,arb_arab,rus_cyrl,flores+opus+tatoeba+bouquet,1000mb,8,2755,689,9.17,,0.038448529079174384,0.05202815309166908,0.05050703510642052,0.051922038197517395,168.0,189.0
identity,0.5161465406417847,0.5139949321746826,0.6863576310620655,0.001451378809869376,0.008708272859216255,0.023222060957910014,0.0,0.0,0.001451378809869376,arb_arab-rus_cyrl,arb_arab,rus_cyrl,flores+opus+tatoeba+bouquet,1000mb,9,2755,689,6.99,,,,,,,
procrustes,0.10604303330183029,0.1403922736644745,0.6863576337607182,0.9071117561683599,0.9680696661828737,0.9854862119013063,0.8229317851959361,0.93033381712627,0.9492017416545718,arb_arab-rus_cyrl,arb_arab,rus_cyrl,flores+opus+tatoeba+bouquet,1000mb,9,2755,689,6.99,,,,,,,
affine,0.04962756112217903,0.09845319390296936,0.7537356657922868,0.9056603773584906,0.969521044992743,0.9811320754716981,0.783744557329463,0.9201741654571843,0.95355587808418,arb_arab-rus_cyrl,arb_arab,rus_cyrl,flores+opus+tatoeba+bouquet,1000mb,9,2755,689,6.99,,,,,,,
ridge,0.05779477208852768,0.07858627289533615,0.7950797184636192,0.9027576197387518,0.9724238026124818,0.9811320754716981,0.8026124818577649,0.918722786647315,0.9521044992743106,arb_arab-rus_cyrl,arb_arab,rus_cyrl,flores+opus+tatoeba+bouquet,1000mb,9,2755,689,6.99,100.0,,,,,,
mlp,0.05920207127928734,0.07850734889507294,0.7947566793381349,0.8853410740203193,0.965166908563135,0.9811320754716981,0.737300435413643,0.9085631349782293,0.9390420899854862,arb_arab-rus_cyrl,arb_arab,rus_cyrl,flores+opus+tatoeba+bouquet,1000mb,9,2755,689,6.99,,0.056480561406948626,0.0771525427699089,0.07854507118463516,0.07704177498817444,105.0,126.0
identity,0.7658528685569763,0.761114776134491,0.6718969902979975,0.001451378809869376,0.013062409288824383,0.020319303338171262,0.0,0.0,0.005805515239477504,arb_arab-rus_cyrl,arb_arab,rus_cyrl,flores+opus+tatoeba+bouquet,1000mb,10,2755,689,6.5,,,,,,,
procrustes,0.15898717939853668,0.2077874392271042,0.671896987859886,0.8867924528301887,0.9579100145137881,0.9796806966618288,0.7851959361393324,0.9042089985486212,0.9346879535558781,arb_arab-rus_cyrl,arb_arab,rus_cyrl,flores+opus+tatoeba+bouquet,1000mb,10,2755,689,6.5,,,,,,,
affine,0.07638280838727951,0.15067532658576965,0.7555927275767255,0.8853410740203193,0.9593613933236574,0.9811320754716981,0.7503628447024674,0.9013062409288825,0.9361393323657474,arb_arab-rus_cyrl,arb_arab,rus_cyrl,flores+opus+tatoeba+bouquet,1000mb,10,2755,689,6.5,,,,,,,
ridge,0.08630155026912689,0.12190138548612595,0.7913256066392083,0.8809869375907112,0.965166908563135,0.9811320754716981,0.7532656023222061,0.9056603773584906,0.9404934687953556,arb_arab-rus_cyrl,arb_arab,rus_cyrl,flores+opus+tatoeba+bouquet,1000mb,10,2755,689,6.5,100.0,,,,,,
mlp,0.08756869286298752,0.12149066478013992,0.7902980803453994,0.8534107402031931,0.9492017416545718,0.969521044992743,0.7082728592162555,0.8838896952104499,0.9230769230769231,arb_arab-rus_cyrl,arb_arab,rus_cyrl,flores+opus+tatoeba+bouquet,1000mb,10,2755,689,6.5,,0.08178105243505576,0.11836545169353485,0.12195014953613281,0.11781936138868332,91.0,112.0
identity,1.0752719640731812,1.0728304386138916,0.6600279467378298,0.001451378809869376,0.011611030478955007,0.02467343976777939,0.0,0.0,0.0043541364296081275,arb_arab-rus_cyrl,arb_arab,rus_cyrl,flores+opus+tatoeba+bouquet,1000mb,11,2755,689,5.46,,,,,,,
procrustes,0.2147468626499176,0.2810041606426239,0.6600279430448709,0.8679245283018868,0.9462989840348331,0.9680696661828737,0.7677793904208998,0.8896952104499274,0.9230769230769231,arb_arab-rus_cyrl,arb_arab,rus_cyrl,flores+opus+tatoeba+bouquet,1000mb,11,2755,689,5.46,,,,,,,
affine,0.1037759780883789,0.2038925290107727,0.7488426707544166,0.8301886792452831,0.9404934687953556,0.9637155297532656,0.6806966618287373,0.8563134978229318,0.9042089985486212,arb_arab-rus_cyrl,arb_arab,rus_cyrl,flores+opus+tatoeba+bouquet,1000mb,11,2755,689,5.46,,,,,,,
ridge,0.1425797939300537,0.16398146748542786,0.787109838805559,0.7184325108853411,0.8766328011611031,0.9230769230769231,0.5471698113207547,0.7474600870827286,0.8084179970972424,arb_arab-rus_cyrl,arb_arab,rus_cyrl,flores+opus+tatoeba+bouquet,1000mb,11,2755,689,5.46,1000.0,,,,,,
mlp,0.12587513029575348,0.16583995521068573,0.7861945025993131,0.7880986937590712,0.9259796806966618,0.95355587808418,0.6066763425253991,0.8098693759071117,0.8751814223512336,arb_arab-rus_cyrl,arb_arab,rus_cyrl,flores+opus+tatoeba+bouquet,1000mb,11,2755,689,5.46,,0.11536536403955558,0.16575312614440918,0.16586121916770935,0.1652737557888031,60.0,81.0
identity,2.205749988555908,2.2044825553894043,0.6479163155089963,0.002902757619738752,0.013062409288824383,0.018867924528301886,0.0,0.001451378809869376,0.002902757619738752,arb_arab-rus_cyrl,arb_arab,rus_cyrl,flores+opus+tatoeba+bouquet,1000mb,12,2755,689,5.22,,,,,,,
procrustes,0.5502778887748718,0.7270253896713257,0.6479163114066518,0.8447024673439768,0.9375907111756169,0.9622641509433962,0.7503628447024674,0.8693759071117562,0.9013062409288825,arb_arab-rus_cyrl,arb_arab,rus_cyrl,flores+opus+tatoeba+bouquet,1000mb,12,2755,689,5.22,,,,,,,
affine,0.27787044644355774,0.5399911403656006,0.7372607148671435,0.8548621190130624,0.9550072568940493,0.9738751814223512,0.706821480406386,0.8824383164005806,0.9274310595065312,arb_arab-rus_cyrl,arb_arab,rus_cyrl,flores+opus+tatoeba+bouquet,1000mb,12,2755,689,5.22,,,,,,,
ridge,0.3420697748661041,0.42721104621887207,0.7749118003749554,0.8374455732946299,0.9462989840348331,0.9637155297532656,0.6748911465892597,0.8606676342525399,0.9129172714078374,arb_arab-rus_cyrl,arb_arab,rus_cyrl,flores+opus+tatoeba+bouquet,1000mb,12,2755,689,5.22,1000.0,,,,,,
mlp,0.32921460270881653,0.4436410069465637,0.7724741400025318,0.8359941944847605,0.9448476052249637,0.969521044992743,0.648766328011611,0.8548621190130624,0.9085631349782293,arb_arab-rus_cyrl,arb_arab,rus_cyrl,flores+opus+tatoeba+bouquet,1000mb,12,2755,689,5.22,,0.2935443191956251,0.45664718747138977,0.4460237920284271,0.4533007740974426,53.0,74.0
identity,0.00016486870299559087,0.00016579801740590483,0.6205821972198594,0.007751937984496124,0.013953488372093023,0.031007751937984496,0.004651162790697674,0.010852713178294573,0.010852713178294573,arb_arab-deu_latn,arb_arab,deu_latn,flores+opus+tatoeba+bouquet,1000mb,0,2578,645,5.88,,,,,,,
procrustes,5.543332372326404e-05,8.05614618002437e-05,0.6205822011575113,0.4558139534883721,0.6263565891472869,0.6976744186046512,0.29457364341085274,0.4666666666666667,0.5441860465116279,arb_arab-deu_latn,arb_arab,deu_latn,flores+opus+tatoeba+bouquet,1000mb,0,2578,645,5.88,,,,,,,
affine,2.5603734684409574e-05,5.565475657931529e-05,0.6753687473483472,0.30387596899224806,0.45271317829457364,0.5488372093023256,0.1813953488372093,0.3209302325581395,0.37829457364341085,arb_arab-deu_latn,arb_arab,deu_latn,flores+opus+tatoeba+bouquet,1000mb,0,2578,645,5.88,,,,,,,
ridge,3.1391289667226374e-05,4.1673320083646104e-05,0.7319253695969087,0.22635658914728682,0.3798449612403101,0.46511627906976744,0.13488372093023257,0.24186046511627907,0.3023255813953488,arb_arab-deu_latn,arb_arab,deu_latn,flores+opus+tatoeba+bouquet,1000mb,0,2578,645,5.88,0.1,,,,,,
mlp,5.5906744819367304e-05,5.6592023611301556e-05,0.5603216604239248,0.0015503875968992248,0.007751937984496124,0.015503875968992248,0.0,0.0015503875968992248,0.0015503875968992248,arb_arab-deu_latn,arb_arab,deu_latn,flores+opus+tatoeba+bouquet,1000mb,0,2578,645,5.88,,5.5875404516857974e-05,5.550546120502986e-05,5.659899034071714e-05,5.547915861825459e-05,79.0,100.0
identity,0.034634482115507126,0.034711532294750214,0.690980468753819,0.006201550387596899,0.017054263565891473,0.031007751937984496,0.0,0.006201550387596899,0.006201550387596899,arb_arab-deu_latn,arb_arab,deu_latn,flores+opus+tatoeba+bouquet,1000mb,1,2578,645,4.5,,,,,,,
procrustes,0.0057022906839847565,0.007375483866780996,0.6909804677989305,0.6589147286821705,0.8186046511627907,0.875968992248062,0.5147286821705427,0.6992248062015504,0.751937984496124,arb_arab-deu_latn,arb_arab,deu_latn,flores+opus+tatoeba+bouquet,1000mb,1,2578,645,4.5,,,,,,,
affine,0.002532974584028125,0.005532292649149895,0.7037885186802848,0.475968992248062,0.6542635658914728,0.724031007751938,0.3116279069767442,0.5100775193798449,0.5720930232558139,arb_arab-deu_latn,arb_arab,deu_latn,flores+opus+tatoeba+bouquet,1000mb,1,2578,645,4.5,,,,,,,
ridge,0.003382548224180937,0.004188487306237221,0.7508147351682435,0.4124031007751938,0.6031007751937985,0.6868217054263566,0.2682170542635659,0.4449612403100775,0.5038759689922481,arb_arab-deu_latn,arb_arab,deu_latn,flores+opus+tatoeba+bouquet,1000mb,1,2578,645,4.5,10.0,,,,,,
mlp,0.004775601904839277,0.0049561201594769955,0.696758236482247,0.02945736434108527,0.09457364341085271,0.14883720930232558,0.007751937984496124,0.02945736434108527,0.05116279069767442,arb_arab-deu_latn,arb_arab,deu_latn,flores+opus+tatoeba+bouquet,1000mb,1,2578,645,4.5,,0.004788231331150274,0.004775643814355135,0.004960569553077221,0.00475569162517786,41.0,62.0
identity,0.0778750479221344,0.07807660102844238,0.7624240522969374,0.006201550387596899,0.020155038759689922,0.03255813953488372,0.0031007751937984496,0.009302325581395349,0.009302325581395349,arb_arab-deu_latn,arb_arab,deu_latn,flores+opus+tatoeba+bouquet,1000mb,2,2578,645,4.63,,,,,,,
procrustes,0.008746983483433723,0.011043436825275421,0.7624240464990714,0.7193798449612403,0.889922480620155,0.9255813953488372,0.6,0.7488372093023256,0.8124031007751938,arb_arab-deu_latn,arb_arab,deu_latn,flores+opus+tatoeba+bouquet,1000mb,2,2578,645,4.63,,,,,,,
affine,0.00365539756603539,0.007891683839261532,0.7767323598893984,0.5720930232558139,0.737984496124031,0.8186046511627907,0.4015503875968992,0.6093023255813953,0.6728682170542636,arb_arab-deu_latn,arb_arab,deu_latn,flores+opus+tatoeba+bouquet,1000mb,2,2578,645,4.63,,,,,,,
ridge,0.004779064562171698,0.006037197075784206,0.816372761827649,0.5209302325581395,0.7286821705426356,0.7968992248062016,0.3736434108527132,0.5705426356589147,0.6434108527131783,arb_arab-deu_latn,arb_arab,deu_latn,flores+opus+tatoeba+bouquet,1000mb,2,2578,645,4.63,10.0,,,,,,
mlp,0.006642503663897514,0.006883068010210991,0.7991114003918441,0.11627906976744186,0.2589147286821705,0.32868217054263565,0.04186046511627907,0.12403100775193798,0.16899224806201552,arb_arab-deu_latn,arb_arab,deu_latn,flores+opus+tatoeba+bouquet,1000mb,2,2578,645,4.63,,0.006682083602189212,0.006795675493776798,0.006887418683618307,0.0067861429415643215,44.0,65.0
identity,0.11266324669122696,0.11295003443956375,0.7511662617198182,0.0031007751937984496,0.013953488372093023,0.02635658914728682,0.0,0.004651162790697674,0.009302325581395349,arb_arab-deu_latn,arb_arab,deu_latn,flores+opus+tatoeba+bouquet,1000mb,3,2578,645,4.58,,,,,,,
procrustes,0.014295918866991997,0.01812008023262024,0.7511662599146656,0.7953488372093023,0.9224806201550387,0.9426356589147287,0.6713178294573643,0.8387596899224806,0.8821705426356589,arb_arab-deu_latn,arb_arab,deu_latn,flores+opus+tatoeba+bouquet,1000mb,3,2578,645,4.58,,,,,,,
affine,0.0058638774789869785,0.012655029073357582,0.7682012727940036,0.6356589147286822,0.8232558139534883,0.8728682170542635,0.48992248062015503,0.6821705426356589,0.7457364341085271,arb_arab-deu_latn,arb_arab,deu_latn,flores+opus+tatoeba+bouquet,1000mb,3,2578,645,4.58,,,,,,,
ridge,0.007275660987943411,0.00982572790235281,0.810937311290146,0.6294573643410852,0.8201550387596899,0.8728682170542635,0.4744186046511628,0.6837209302325581,0.751937984496124,arb_arab-deu_latn,arb_arab,deu_latn,flores+opus+tatoeba+bouquet,1000mb,3,2578,645,4.58,10.0,,,,,,
mlp,0.01010903250426054,0.010621410794556141,0.8017451101791903,0.24496124031007752,0.48527131782945737,0.5922480620155038,0.13643410852713178,0.27906976744186046,0.36589147286821705,arb_arab-deu_latn,arb_arab,deu_latn,flores+opus+tatoeba+bouquet,1000mb,3,2578,645,4.58,,0.010056877231879814,0.010455229319632053,0.010576318949460983,0.010425571352243423,43.0,64.0
identity,0.15098492801189423,0.15123048424720764,0.7479085260324296,0.0015503875968992248,0.009302325581395349,0.018604651162790697,0.0,0.0015503875968992248,0.0031007751937984496,arb_arab-deu_latn,arb_arab,deu_latn,flores+opus+tatoeba+bouquet,1000mb,4,2578,645,5.31,,,,,,,
procrustes,0.021717127412557602,0.028023308143019676,0.7479085257218309,0.8496124031007752,0.9426356589147287,0.9674418604651163,0.7395348837209302,0.8806201550387597,0.9162790697674419,arb_arab-deu_latn,arb_arab,deu_latn,flores+opus+tatoeba+bouquet,1000mb,4,2578,645,5.31,,,,,,,
affine,0.009092288091778755,0.019541213288903236,0.7559954981782139,0.7147286821705426,0.8728682170542635,0.9193798449612403,0.5472868217054263,0.7581395348837209,0.813953488372093,arb_arab-deu_latn,arb_arab,deu_latn,flores+opus+tatoeba+bouquet,1000mb,4,2578,645,5.31,,,,,,,
ridge,0.012970373034477234,0.015028432011604309,0.8062562701733806,0.6217054263565891,0.8077519379844961,0.875968992248062,0.4434108527131783,0.6775193798449612,0.7333333333333333,arb_arab-deu_latn,arb_arab,deu_latn,flores+opus+tatoeba+bouquet,1000mb,4,2578,645,5.31,100.0,,,,,,
mlp,0.014700798317790031,0.015806257724761963,0.8042166419441725,0.44031007751937984,0.6930232558139535,0.7767441860465116,0.2744186046511628,0.4945736434108527,0.5736434108527132,arb_arab-deu_latn,arb_arab,deu_latn,flores+opus+tatoeba+bouquet,1000mb,4,2578,645,5.31,,0.014567219048134378,0.016936615109443665,0.015780530869960785,0.016920503228902817,65.0,86.0
identity,0.1922137439250946,0.19262973964214325,0.7444834238113153,0.0031007751937984496,0.010852713178294573,0.015503875968992248,0.0,0.0,0.004651162790697674,arb_arab-deu_latn,arb_arab,deu_latn,flores+opus+tatoeba+bouquet,1000mb,5,2578,645,6.48,,,,,,,
procrustes,0.030615219846367836,0.04037776589393616,0.7444834453707337,0.8713178294573644,0.9658914728682171,0.9720930232558139,0.7689922480620155,0.8914728682170543,0.9255813953488372,arb_arab-deu_latn,arb_arab,deu_latn,flores+opus+tatoeba+bouquet,1000mb,5,2578,645,6.48,,,,,,,
affine,0.013957654125988483,0.029886100441217422,0.7437309502782677,0.7705426356589147,0.9069767441860465,0.9364341085271318,0.6031007751937985,0.7937984496124031,0.8372093023255814,arb_arab-deu_latn,arb_arab,deu_latn,flores+opus+tatoeba+bouquet,1000mb,5,2578,645,6.48,,,,,,,
ridge,0.01911415345966816,0.02288680151104927,0.7956873896807747,0.7162790697674418,0.8775193798449612,0.9100775193798449,0.5503875968992248,0.7534883720930232,0.8170542635658915,arb_arab-deu_latn,arb_arab,deu_latn,flores+opus+tatoeba+bouquet,1000mb,5,2578,645,6.48,100.0,,,,,,
mlp,0.021301405504345894,0.023708868771791458,0.7909968171722609,0.5844961240310077,0.8077519379844961,0.8666666666666667,0.3953488372093023,0.6310077519379845,0.7147286821705426,arb_arab-deu_latn,arb_arab,deu_latn,flores+opus+tatoeba+bouquet,1000mb,5,2578,645,6.48,,0.021107044775743742,0.02359931729733944,0.02372816763818264,0.02355968952178955,100.0,121.0
identity,0.2335287630558014,0.2337968349456787,0.7415159241456174,0.004651162790697674,0.012403100775193798,0.021705426356589147,0.0,0.0031007751937984496,0.007751937984496124,arb_arab-deu_latn,arb_arab,deu_latn,flores+opus+tatoeba+bouquet,1000mb,6,2578,645,5.78,,,,,,,
procrustes,0.03907092288136482,0.052515193819999695,0.7415159194317377,0.8790697674418605,0.9643410852713178,0.9751937984496124,0.7751937984496124,0.9054263565891473,0.9333333333333333,arb_arab-deu_latn,arb_arab,deu_latn,flores+opus+tatoeba+bouquet,1000mb,6,2578,645,5.78,,,,,,,
affine,0.019436070695519447,0.04125801846385002,0.7393701891504758,0.7984496124031008,0.9255813953488372,0.9441860465116279,0.662015503875969,0.8201550387596899,0.8806201550387597,arb_arab-deu_latn,arb_arab,deu_latn,flores+opus+tatoeba+bouquet,1000mb,6,2578,645,5.78,,,,,,,
ridge,0.025707857683300972,0.03151547163724899,0.7917353670675668,0.7798449612403101,0.9069767441860465,0.9410852713178295,0.6170542635658914,0.813953488372093,0.8573643410852713,arb_arab-deu_latn,arb_arab,deu_latn,flores+opus+tatoeba+bouquet,1000mb,6,2578,645,5.78,100.0,,,,,,
mlp,0.02858588844537735,0.03240746632218361,0.7881525880742272,0.689922480620155,0.8573643410852713,0.9116279069767442,0.49767441860465117,0.7286821705426356,0.8108527131782945,arb_arab-deu_latn,arb_arab,deu_latn,flores+opus+tatoeba+bouquet,1000mb,6,2578,645,5.78,,0.028271610823434754,0.031000234186649323,0.0323355607688427,0.030991239473223686,79.0,100.0
identity,0.2974291741847992,0.29801037907600403,0.7300658520706064,0.0015503875968992248,0.013953488372093023,0.023255813953488372,0.0015503875968992248,0.0015503875968992248,0.0031007751937984496,arb_arab-deu_latn,arb_arab,deu_latn,flores+opus+tatoeba+bouquet,1000mb,7,2578,645,9.09,,,,,,,
procrustes,0.05333966761827469,0.07242725789546967,0.7300658497550409,0.8713178294573644,0.9658914728682171,0.9767441860465116,0.7627906976744186,0.9023255813953488,0.9286821705426357,arb_arab-deu_latn,arb_arab,deu_latn,flores+opus+tatoeba+bouquet,1000mb,7,2578,645,9.09,,,,,,,
affine,0.027135634794831276,0.05730622634291649,0.7344313237711461,0.8310077519379845,0.9395348837209302,0.9612403100775194,0.6651162790697674,0.8418604651162791,0.8930232558139535,arb_arab-deu_latn,arb_arab,deu_latn,flores+opus+tatoeba+bouquet,1000mb,7,2578,645,9.09,,,,,,,
ridge,0.03459346294403076,0.04400720074772835,0.7863656703216297,0.7922480620155039,0.931782945736434,0.9565891472868217,0.6821705426356589,0.8387596899224806,0.8806201550387597,arb_arab-deu_latn,arb_arab,deu_latn,flores+opus+tatoeba+bouquet,1000mb,7,2578,645,9.09,100.0,,,,,,
mlp,0.036184798926115036,0.04460304602980614,0.782813074002337,0.7534883720930232,0.9147286821705426,0.9472868217054263,0.5984496124031008,0.7953488372093023,0.8542635658914729,arb_arab-deu_latn,arb_arab,deu_latn,flores+opus+tatoeba+bouquet,1000mb,7,2578,645,9.09,,0.03549119588491079,0.04441465064883232,0.044680505990982056,0.04428068920969963,197.0,200.0
identity,0.39179009199142456,0.39383813738822937,0.7081851200849009,0.0015503875968992248,0.007751937984496124,0.012403100775193798,0.0015503875968992248,0.0015503875968992248,0.0015503875968992248,arb_arab-deu_latn,arb_arab,deu_latn,flores+opus+tatoeba+bouquet,1000mb,8,2578,645,6.69,,,,,,,
procrustes,0.0770254135131836,0.10489073395729065,0.7081851241495536,0.8775193798449612,0.9643410852713178,0.9782945736434109,0.7736434108527132,0.9069767441860465,0.931782945736434,arb_arab-deu_latn,arb_arab,deu_latn,flores+opus+tatoeba+bouquet,1000mb,8,2578,645,6.69,,,,,,,
affine,0.04027647152543068,0.08490534126758575,0.7328820278567422,0.8325581395348837,0.951937984496124,0.9689922480620154,0.6759689922480621,0.8744186046511628,0.9007751937984496,arb_arab-deu_latn,arb_arab,deu_latn,flores+opus+tatoeba+bouquet,1000mb,8,2578,645,6.69,,,,,,,
ridge,0.04945414513349533,0.06543955206871033,0.7846797745388161,0.8294573643410853,0.9550387596899225,0.9751937984496124,0.689922480620155,0.8713178294573644,0.9038759689922481,arb_arab-deu_latn,arb_arab,deu_latn,flores+opus+tatoeba+bouquet,1000mb,8,2578,645,6.69,100.0,,,,,,
mlp,0.05161932483315468,0.06579983979463577,0.7827862994966814,0.7906976744186046,0.937984496124031,0.9674418604651163,0.6325581395348837,0.8403100775193798,0.8852713178294573,arb_arab-deu_latn,arb_arab,deu_latn,flores+opus+tatoeba+bouquet,1000mb,8,2578,645,6.69,,0.0495838104067622,0.06424878537654877,0.06583590805530548,0.0640965923666954,108.0,129.0
identity,0.5420839786529541,0.5458269119262695,0.6762964202349876,0.0015503875968992248,0.009302325581395349,0.015503875968992248,0.0,0.0015503875968992248,0.0031007751937984496,arb_arab-deu_latn,arb_arab,deu_latn,flores+opus+tatoeba+bouquet,1000mb,9,2578,645,6.33,,,,,,,
procrustes,0.11288916319608688,0.15265023708343506,0.6762964231684364,0.8837209302325582,0.9643410852713178,0.9736434108527132,0.7472868217054264,0.9038759689922481,0.9333333333333333,arb_arab-deu_latn,arb_arab,deu_latn,flores+opus+tatoeba+bouquet,1000mb,9,2578,645,6.33,,,,,,,
affine,0.05374261736869812,0.113218292593956,0.7376372233151383,0.8465116279069768,0.9503875968992248,0.9720930232558139,0.6790697674418604,0.8775193798449612,0.9116279069767442,arb_arab-deu_latn,arb_arab,deu_latn,flores+opus+tatoeba+bouquet,1000mb,9,2578,645,6.33,,,,,,,
ridge,0.06364978104829788,0.08879686146974564,0.7847988908789056,0.8232558139534883,0.9612403100775194,0.9720930232558139,0.6976744186046512,0.8713178294573644,0.9038759689922481,arb_arab-deu_latn,arb_arab,deu_latn,flores+opus+tatoeba+bouquet,1000mb,9,2578,645,6.33,100.0,,,,,,
mlp,0.0657772496342659,0.0888281762599945,0.7835046150007646,0.8108527131782945,0.937984496124031,0.9689922480620154,0.6542635658914728,0.8356589147286821,0.8821705426356589,arb_arab-deu_latn,arb_arab,deu_latn,flores+opus+tatoeba+bouquet,1000mb,9,2578,645,6.33,,0.06197998038417584,0.08868149667978287,0.08877555280923843,0.08841962367296219,97.0,118.0
identity,0.7806711792945862,0.7862017154693604,0.6562233655385635,0.0031007751937984496,0.009302325581395349,0.015503875968992248,0.0,0.0,0.0015503875968992248,arb_arab-deu_latn,arb_arab,deu_latn,flores+opus+tatoeba+bouquet,1000mb,10,2578,645,5.38,,,,,,,
procrustes,0.1663740575313568,0.22266945242881775,0.6562233660169241,0.8635658914728682,0.9565891472868217,0.9674418604651163,0.7147286821705426,0.8852713178294573,0.9193798449612403,arb_arab-deu_latn,arb_arab,deu_latn,flores+opus+tatoeba+bouquet,1000mb,10,2578,645,5.38,,,,,,,
affine,0.07787326723337173,0.1635814607143402,0.7371181274793857,0.8124031007751938,0.951937984496124,0.9689922480620154,0.6356589147286822,0.8480620155038759,0.8930232558139535,arb_arab-deu_latn,arb_arab,deu_latn,flores+opus+tatoeba+bouquet,1000mb,10,2578,645,5.38,,,,,,,
ridge,0.1126895397901535,0.1292123943567276,0.7770924844449197,0.6976744186046512,0.8697674418604651,0.9224806201550387,0.5007751937984496,0.7255813953488373,0.8062015503875969,arb_arab-deu_latn,arb_arab,deu_latn,flores+opus+tatoeba+bouquet,1000mb,10,2578,645,5.38,1000.0,,,,,,
mlp,0.0960782989859581,0.12941427528858185,0.7821912552526381,0.7612403100775194,0.9333333333333333,0.9550387596899225,0.5922480620155038,0.7953488372093023,0.8728682170542635,arb_arab-deu_latn,arb_arab,deu_latn,flores+opus+tatoeba+bouquet,1000mb,10,2578,645,5.38,,0.08864069931410454,0.12823495268821716,0.12933452427387238,0.1280844360589981,68.0,89.0
identity,1.072614312171936,1.0825393199920654,0.6372677771712097,0.0015503875968992248,0.009302325581395349,0.017054263565891473,0.0,0.004651162790697674,0.004651162790697674,arb_arab-deu_latn,arb_arab,deu_latn,flores+opus+tatoeba+bouquet,1000mb,11,2578,645,5.35,,,,,,,
procrustes,0.22620509564876556,0.3027488887310028,0.6372677754406445,0.827906976744186,0.9302325581395349,0.9550387596899225,0.6806201550387597,0.8372093023255814,0.8914728682170543,arb_arab-deu_latn,arb_arab,deu_latn,flores+opus+tatoeba+bouquet,1000mb,11,2578,645,5.35,,,,,,,
affine,0.10743650794029236,0.22472840547561646,0.7329086395032792,0.7891472868217054,0.931782945736434,0.9565891472868217,0.5968992248062015,0.813953488372093,0.8728682170542635,arb_arab-deu_latn,arb_arab,deu_latn,flores+opus+tatoeba+bouquet,1000mb,11,2578,645,5.35,,,,,,,
ridge,0.15075677633285522,0.17750433087348938,0.7732332443955617,0.641860465116279,0.8356589147286821,0.896124031007752,0.462015503875969,0.6728682170542636,0.7472868217054264,arb_arab-deu_latn,arb_arab,deu_latn,flores+opus+tatoeba+bouquet,1000mb,11,2578,645,5.35,1000.0,,,,,,
mlp,0.12973295152187347,0.1803513765335083,0.7727815943223003,0.7286821705426356,0.896124031007752,0.9286821705426357,0.5348837209302325,0.7410852713178294,0.8248062015503876,arb_arab-deu_latn,arb_arab,deu_latn,flores+opus+tatoeba+bouquet,1000mb,11,2578,645,5.35,,0.11730204623293232,0.1840813010931015,0.18097129464149475,0.18336445093154907,67.0,88.0
identity,2.384782075881958,2.4021973609924316,0.6374963184707487,0.0015503875968992248,0.007751937984496124,0.017054263565891473,0.0,0.0031007751937984496,0.0031007751937984496,arb_arab-deu_latn,arb_arab,deu_latn,flores+opus+tatoeba+bouquet,1000mb,12,2578,645,4.74,,,,,,,
procrustes,0.5729244351387024,0.7784236669540405,0.6374963161579917,0.7984496124031008,0.9178294573643411,0.9457364341085271,0.6465116279069767,0.8248062015503876,0.8775193798449612,arb_arab-deu_latn,arb_arab,deu_latn,flores+opus+tatoeba+bouquet,1000mb,12,2578,645,4.74,,,,,,,
affine,0.28978535532951355,0.6029292941093445,0.717007013725488,0.7643410852713178,0.9131782945736434,0.9472868217054263,0.5968992248062015,0.8108527131782945,0.8666666666666667,arb_arab-deu_latn,arb_arab,deu_latn,flores+opus+tatoeba+bouquet,1000mb,12,2578,645,4.74,,,,,,,
ridge,0.3637755811214447,0.47039690613746643,0.7602432359487201,0.710077519379845,0.8852713178294573,0.9193798449612403,0.5488372093023256,0.7534883720930232,0.8046511627906977,arb_arab-deu_latn,arb_arab,deu_latn,flores+opus+tatoeba+bouquet,1000mb,12,2578,645,4.74,1000.0,,,,,,
mlp,0.35876840353012085,0.48759958148002625,0.7586266684872639,0.7007751937984497,0.8821705426356589,0.9162790697674419,0.5069767441860465,0.7441860465116279,0.8015503875968992,arb_arab-deu_latn,arb_arab,deu_latn,flores+opus+tatoeba+bouquet,1000mb,12,2578,645,4.74,,0.32003238555547353,0.4753432869911194,0.4901111423969269,0.4720384180545807,48.0,69.0
identity,0.00017604681488592178,0.00017497233056928962,0.6668534277990694,0.005235602094240838,0.017452006980802792,0.027923211169284468,0.0,0.005235602094240838,0.006980802792321117,arb_arab-jpn_jpan,arb_arab,jpn_jpan,flores+opus+tatoeba+bouquet,1000mb,0,2290,573,4.34,,,,,,,
procrustes,5.873600093764253e-05,8.814084867481142e-05,0.6668534257548315,0.35602094240837695,0.581151832460733,0.6649214659685864,0.17801047120418848,0.34904013961605584,0.4328097731239092,arb_arab-jpn_jpan,arb_arab,jpn_jpan,flores+opus+tatoeba+bouquet,1000mb,0,2290,573,4.34,,,,,,,
affine,2.918536301876884e-05,7.08466541254893e-05,0.6961718899872853,0.32460732984293195,0.5218150087260035,0.6230366492146597,0.13787085514834205,0.29842931937172773,0.39267015706806285,arb_arab-jpn_jpan,arb_arab,jpn_jpan,flores+opus+tatoeba+bouquet,1000mb,0,2290,573,4.34,,,,,,,
ridge,3.739476596820168e-05,4.938770871376619e-05,0.7685738715122619,0.2582897033158813,0.46596858638743455,0.568935427574171,0.11867364746945899,0.2443280977312391,0.3193717277486911,arb_arab-jpn_jpan,arb_arab,jpn_jpan,flores+opus+tatoeba+bouquet,1000mb,0,2290,573,4.34,0.1,,,,,,
mlp,6.684308027615771e-05,6.602949724765494e-05,0.6196396558187477,0.0017452006980802793,0.008726003490401396,0.017452006980802792,0.0017452006980802793,0.0017452006980802793,0.0017452006980802793,arb_arab-jpn_jpan,arb_arab,jpn_jpan,flores+opus+tatoeba+bouquet,1000mb,0,2290,573,4.34,,6.682083105922423e-05,6.810860213590786e-05,6.604833470191807e-05,6.807037425460294e-05,50.0,71.0
identity,0.03523693233728409,0.03511562570929527,0.6660500970321115,0.0034904013961605585,0.013961605584642234,0.02268760907504363,0.0,0.0034904013961605585,0.006980802792321117,arb_arab-jpn_jpan,arb_arab,jpn_jpan,flores+opus+tatoeba+bouquet,1000mb,1,2290,573,4.17,,,,,,,
procrustes,0.006263927090913057,0.008323032408952713,0.6660500971426767,0.6457242582897034,0.8115183246073299,0.8603839441535777,0.4031413612565445,0.6422338568935427,0.7155322862129145,arb_arab-jpn_jpan,arb_arab,jpn_jpan,flores+opus+tatoeba+bouquet,1000mb,1,2290,573,4.17,,,,,,,
affine,0.003047844860702753,0.0073257433250546455,0.6749911013921053,0.5095986038394416,0.7242582897033158,0.7888307155322862,0.268760907504363,0.5078534031413613,0.5933682373472949,arb_arab-jpn_jpan,arb_arab,jpn_jpan,flores+opus+tatoeba+bouquet,1000mb,1,2290,573,4.17,,,,,,,
ridge,0.00426932517439127,0.005221450235694647,0.7310093448324274,0.4816753926701571,0.6980802792321117,0.7661431064572426,0.2582897033158813,0.450261780104712,0.5462478184991274,arb_arab-jpn_jpan,arb_arab,jpn_jpan,flores+opus+tatoeba+bouquet,1000mb,1,2290,573,4.17,10.0,,,,,,
mlp,0.005863579455763102,0.005974879488348961,0.6729626879850583,0.06457242582897033,0.16928446771378708,0.24083769633507854,0.008726003490401396,0.02617801047120419,0.06282722513089005,arb_arab-jpn_jpan,arb_arab,jpn_jpan,flores+opus+tatoeba+bouquet,1000mb,1,2290,573,4.17,,0.005865841595963998,0.005912391003221273,0.005967895966023207,0.005895258858799934,47.0,68.0
identity,0.07637537270784378,0.0759258046746254,0.741634348555067,0.0034904013961605585,0.015706806282722512,0.02268760907504363,0.0,0.0017452006980802793,0.005235602094240838,arb_arab-jpn_jpan,arb_arab,jpn_jpan,flores+opus+tatoeba+bouquet,1000mb,2,2290,573,5.77,,,,,,,
procrustes,0.009345836006104946,0.012096104212105274,0.7416343438581606,0.675392670157068,0.849912739965096,0.8987783595113438,0.45200698080279234,0.675392670157068,0.7556719022687609,arb_arab-jpn_jpan,arb_arab,jpn_jpan,flores+opus+tatoeba+bouquet,1000mb,2,2290,573,5.77,,,,,,,
affine,0.004400438629090786,0.010484861209988594,0.748799482714032,0.6038394415357766,0.7993019197207679,0.8586387434554974,0.3507853403141361,0.5968586387434555,0.6823734729493892,arb_arab-jpn_jpan,arb_arab,jpn_jpan,flores+opus+tatoeba+bouquet,1000mb,2,2290,573,5.77,,,,,,,
ridge,0.006048605777323246,0.007526659406721592,0.8059829525547535,0.5497382198952879,0.8027923211169284,0.8673647469458988,0.3542757417102967,0.5636998254799301,0.6544502617801047,arb_arab-jpn_jpan,arb_arab,jpn_jpan,flores+opus+tatoeba+bouquet,1000mb,2,2290,573,5.77,10.0,,,,,,
mlp,0.008160028606653214,0.008281218819320202,0.7901215188150423,0.18673647469458987,0.39965095986038396,0.518324607329843,0.038394415357766144,0.16404886561954624,0.22164048865619546,arb_arab-jpn_jpan,arb_arab,jpn_jpan,flores+opus+tatoeba+bouquet,1000mb,2,2290,573,5.77,,0.008195858321745287,0.008119020611047745,0.008291134610772133,0.00809080246835947,100.0,121.0
identity,0.1161353588104248,0.11496886610984802,0.723630286386251,0.0017452006980802793,0.012216404886561954,0.020942408376963352,0.0017452006980802793,0.005235602094240838,0.010471204188481676,arb_arab-jpn_jpan,arb_arab,jpn_jpan,flores+opus+tatoeba+bouquet,1000mb,3,2290,573,5.95,,,,,,,
procrustes,0.01607922837138176,0.0205813217908144,0.7236302877799463,0.7626527050610821,0.9075043630017452,0.9493891797556719,0.5759162303664922,0.7731239092495636,0.8324607329842932,arb_arab-jpn_jpan,arb_arab,jpn_jpan,flores+opus+tatoeba+bouquet,1000mb,3,2290,573,5.95,,,,,,,
affine,0.007234060205519199,0.017191283404827118,0.7458008962914312,0.6631762652705061,0.8534031413612565,0.9057591623036649,0.4083769633507853,0.699825479930192,0.7783595113438045,arb_arab-jpn_jpan,arb_arab,jpn_jpan,flores+opus+tatoeba+bouquet,1000mb,3,2290,573,5.95,,,,,,,
ridge,0.009390833787620068,0.012460301630198956,0.7974505306191125,0.6928446771378709,0.8726003490401396,0.9179755671902269,0.4869109947643979,0.7033158813263525,0.7923211169284468,arb_arab-jpn_jpan,arb_arab,jpn_jpan,flores+opus+tatoeba+bouquet,1000mb,3,2290,573,5.95,10.0,,,,,,
mlp,0.012612934224307537,0.013033858500421047,0.7877968694584865,0.387434554973822,0.6527050610820244,0.7591623036649214,0.17277486910994763,0.387434554973822,0.49912739965095987,arb_arab-jpn_jpan,arb_arab,jpn_jpan,flores+opus+tatoeba+bouquet,1000mb,3,2290,573,5.95,,0.012550689251811215,0.013553819619119167,0.013077797368168831,0.013506104238331318,106.0,127.0
identity,0.1592022180557251,0.15736669301986694,0.7196502508352357,0.0034904013961605585,0.015706806282722512,0.02443280977312391,0.0017452006980802793,0.0017452006980802793,0.006980802792321117,arb_arab-jpn_jpan,arb_arab,jpn_jpan,flores+opus+tatoeba+bouquet,1000mb,4,2290,573,8.08,,,,,,,
procrustes,0.024449177086353302,0.03174888715147972,0.7196502508182488,0.806282722513089,0.9511343804537522,0.9738219895287958,0.6457242582897034,0.8429319371727748,0.8917975567190227,arb_arab-jpn_jpan,arb_arab,jpn_jpan,flores+opus+tatoeba+bouquet,1000mb,4,2290,573,8.08,,,,,,,
affine,0.011298542842268944,0.02651825174689293,0.7325621534468657,0.7643979057591623,0.9040139616055847,0.944153577661431,0.5357766143106457,0.7661431064572426,0.8307155322862129,arb_arab-jpn_jpan,arb_arab,jpn_jpan,flores+opus+tatoeba+bouquet,1000mb,4,2290,573,8.08,,,,,,,
ridge,0.01706482097506523,0.0191293116658926,0.7783925075781053,0.6823734729493892,0.8708551483420593,0.9197207678883071,0.47643979057591623,0.7102966841186736,0.7993019197207679,arb_arab-jpn_jpan,arb_arab,jpn_jpan,flores+opus+tatoeba+bouquet,1000mb,4,2290,573,8.08,100.0,,,,,,
mlp,0.01815262995660305,0.019567035138607025,0.7855358161207568,0.6160558464223386,0.8359511343804538,0.8952879581151832,0.3787085514834206,0.62478184991274,0.743455497382199,arb_arab-jpn_jpan,arb_arab,jpn_jpan,flores+opus+tatoeba+bouquet,1000mb,4,2290,573,8.08,,0.0181067425644759,0.01977541111409664,0.019588299095630646,0.01973973773419857,185.0,200.0
identity,0.19751331210136414,0.195113405585289,0.7263115375572842,0.0017452006980802793,0.010471204188481676,0.019197207678883072,0.0,0.0034904013961605585,0.005235602094240838,arb_arab-jpn_jpan,arb_arab,jpn_jpan,flores+opus+tatoeba+bouquet,1000mb,5,2290,573,7.91,,,,,,,
procrustes,0.03189980611205101,0.04212537035346031,0.7263115385163845,0.8586387434554974,0.9650959860383944,0.9755671902268761,0.6858638743455497,0.8760907504363001,0.924956369982548,arb_arab-jpn_jpan,arb_arab,jpn_jpan,flores+opus+tatoeba+bouquet,1000mb,5,2290,573,7.91,,,,,,,
affine,0.014613151550292969,0.034509241580963135,0.7215893403470315,0.7486910994764397,0.912739965095986,0.9424083769633508,0.5392670157068062,0.7801047120418848,0.8656195462478184,arb_arab-jpn_jpan,arb_arab,jpn_jpan,flores+opus+tatoeba+bouquet,1000mb,5,2290,573,7.91,,,,,,,
ridge,0.02119208127260208,0.0245983824133873,0.7840332633521283,0.731239092495637,0.9075043630017452,0.9458987783595113,0.5427574171029669,0.7591623036649214,0.8394415357766143,arb_arab-jpn_jpan,arb_arab,jpn_jpan,flores+opus+tatoeba+bouquet,1000mb,5,2290,573,7.91,100.0,,,,,,
mlp,0.022377222776412964,0.02504032291471958,0.7865126828134531,0.6684118673647469,0.8865619546247818,0.9301919720767888,0.43455497382198954,0.6928446771378709,0.7905759162303665,arb_arab-jpn_jpan,arb_arab,jpn_jpan,flores+opus+tatoeba+bouquet,1000mb,5,2290,573,7.91,,0.022343404760414905,0.025863148272037506,0.025118891149759293,0.02573864348232746,173.0,194.0
identity,0.24120096862316132,0.2384263128042221,0.7283743368485025,0.0,0.008726003490401396,0.015706806282722512,0.0,0.0034904013961605585,0.0034904013961605585,arb_arab-jpn_jpan,arb_arab,jpn_jpan,flores+opus+tatoeba+bouquet,1000mb,6,2290,573,5.55,,,,,,,
procrustes,0.03937501832842827,0.052950646728277206,0.7283743328837032,0.8621291448516579,0.9685863874345549,0.9773123909249564,0.7207678883071553,0.9040139616055847,0.9354275741710296,arb_arab-jpn_jpan,arb_arab,jpn_jpan,flores+opus+tatoeba+bouquet,1000mb,6,2290,573,5.55,,,,,,,
affine,0.018072014674544334,0.042508844286203384,0.7275727095925918,0.7713787085514834,0.924956369982548,0.9598603839441536,0.5567190226876091,0.8080279232111692,0.8708551483420593,arb_arab-jpn_jpan,arb_arab,jpn_jpan,flores+opus+tatoeba+bouquet,1000mb,6,2290,573,5.55,,,,,,,
ridge,0.025230513885617256,0.03019959107041359,0.7936742623625612,0.7713787085514834,0.9319371727748691,0.9685863874345549,0.5881326352530541,0.806282722513089,0.8743455497382199,arb_arab-jpn_jpan,arb_arab,jpn_jpan,flores+opus+tatoeba+bouquet,1000mb,6,2290,573,5.55,100.0,,,,,,
mlp,0.027121400460600853,0.030734768137335777,0.7904199783138606,0.7190226876090751,0.9057591623036649,0.9511343804537522,0.5026178010471204,0.7521815008726004,0.8307155322862129,arb_arab-jpn_jpan,arb_arab,jpn_jpan,flores+opus+tatoeba+bouquet,1000mb,6,2290,573,5.55,,0.026555584969394135,0.03134910389780998,0.030766896903514862,0.031305599957704544,93.0,114.0
identity,0.3178996443748474,0.3147626221179962,0.718606704304512,0.0,0.008726003490401396,0.015706806282722512,0.0,0.0,0.0017452006980802793,arb_arab-jpn_jpan,arb_arab,jpn_jpan,flores+opus+tatoeba+bouquet,1000mb,7,2290,573,7.25,,,,,,,
procrustes,0.05380477383732796,0.07261406630277634,0.7186067009147341,0.8551483420593369,0.9598603839441536,0.9755671902268761,0.7207678883071553,0.8900523560209425,0.9319371727748691,arb_arab-jpn_jpan,arb_arab,jpn_jpan,flores+opus+tatoeba+bouquet,1000mb,7,2290,573,7.25,,,,,,,
affine,0.024198850616812706,0.05621616169810295,0.739617155218135,0.794066317626527,0.944153577661431,0.9703315881326352,0.5794066317626527,0.8342059336823735,0.8848167539267016,arb_arab-jpn_jpan,arb_arab,jpn_jpan,flores+opus+tatoeba+bouquet,1000mb,7,2290,573,7.25,,,,,,,
ridge,0.032453570514917374,0.04037502035498619,0.7950929197669787,0.7853403141361257,0.9458987783595113,0.9738219895287958,0.6073298429319371,0.8219895287958116,0.893542757417103,arb_arab-jpn_jpan,arb_arab,jpn_jpan,flores+opus+tatoeba+bouquet,1000mb,7,2290,573,7.25,100.0,,,,,,
mlp,0.03310924395918846,0.040635477751493454,0.7917012870302876,0.7539267015706806,0.9267015706806283,0.9650959860383944,0.5410122164048866,0.7958115183246073,0.8551483420593369,arb_arab-jpn_jpan,arb_arab,jpn_jpan,flores+opus+tatoeba+bouquet,1000mb,7,2290,573,7.25,,0.032059952334472626,0.042153507471084595,0.04070510342717171,0.04192546010017395,151.0,172.0
identity,0.42621874809265137,0.4232180118560791,0.6988566650893336,0.0017452006980802793,0.005235602094240838,0.015706806282722512,0.0,0.0017452006980802793,0.0017452006980802793,arb_arab-jpn_jpan,arb_arab,jpn_jpan,flores+opus+tatoeba+bouquet,1000mb,8,2290,573,6.28,,,,,,,
procrustes,0.07824184000492096,0.10611099749803543,0.6988566646542278,0.8446771378708552,0.9546247818499127,0.9720767888307156,0.7329842931937173,0.8865619546247818,0.9179755671902269,arb_arab-jpn_jpan,arb_arab,jpn_jpan,flores+opus+tatoeba+bouquet,1000mb,8,2290,573,6.28,,,,,,,
affine,0.036489252001047134,0.0841318890452385,0.7310637332382269,0.8027923211169284,0.9476439790575916,0.9738219895287958,0.62478184991274,0.8446771378708552,0.893542757417103,arb_arab-jpn_jpan,arb_arab,jpn_jpan,flores+opus+tatoeba+bouquet,1000mb,8,2290,573,6.28,,,,,,,
ridge,0.04690193757414818,0.061201490461826324,0.7860933497382072,0.8080279232111692,0.9458987783595113,0.9703315881326352,0.6335078534031413,0.8342059336823735,0.900523560209424,arb_arab-jpn_jpan,arb_arab,jpn_jpan,flores+opus+tatoeba+bouquet,1000mb,8,2290,573,6.28,100.0,,,,,,
mlp,0.04723989591002464,0.061142440885305405,0.7869385633112529,0.7678883071553229,0.9458987783595113,0.9668411867364747,0.5776614310645725,0.8115183246073299,0.8760907504363001,arb_arab-jpn_jpan,arb_arab,jpn_jpan,flores+opus+tatoeba+bouquet,1000mb,8,2290,573,6.28,,0.0452735149724917,0.06037231162190437,0.061206452548503876,0.06034895405173302,119.0,140.0
identity,0.628589391708374,0.623753011226654,0.658805714304516,0.0034904013961605585,0.012216404886561954,0.017452006980802792,0.0,0.005235602094240838,0.006980802792321117,arb_arab-jpn_jpan,arb_arab,jpn_jpan,flores+opus+tatoeba+bouquet,1000mb,9,2290,573,5.36,,,,,,,
procrustes,0.12563122808933258,0.1665865182876587,0.6588057159454578,0.8219895287958116,0.9406631762652705,0.9685863874345549,0.6928446771378709,0.8638743455497382,0.8987783595113438,arb_arab-jpn_jpan,arb_arab,jpn_jpan,flores+opus+tatoeba+bouquet,1000mb,9,2290,573,5.36,,,,,,,
affine,0.053996492177248,0.12332598865032196,0.7372076317438008,0.7766143106457243,0.944153577661431,0.9703315881326352,0.581151832460733,0.8394415357766143,0.9022687609075044,arb_arab-jpn_jpan,arb_arab,jpn_jpan,flores+opus+tatoeba+bouquet,1000mb,9,2290,573,5.36,,,,,,,
ridge,0.06657332926988602,0.09142006188631058,0.783713355048965,0.7818499127399651,0.9389179755671903,0.9616055846422339,0.6055846422338569,0.8411867364746946,0.8883071553228621,arb_arab-jpn_jpan,arb_arab,jpn_jpan,flores+opus+tatoeba+bouquet,1000mb,9,2290,573,5.36,100.0,,,,,,
mlp,0.0677642747759819,0.09127189964056015,0.7827141142677381,0.7452006980802792,0.924956369982548,0.956369982547993,0.5619546247818499,0.7905759162303665,0.8708551483420593,arb_arab-jpn_jpan,arb_arab,jpn_jpan,flores+opus+tatoeba+bouquet,1000mb,9,2290,573,5.36,,0.06318398508610147,0.09026647359132767,0.09131886810064316,0.09008544683456421,88.0,109.0
identity,0.9391278028488159,0.9322973489761353,0.6343605398345837,0.0034904013961605585,0.010471204188481676,0.02268760907504363,0.0,0.006980802792321117,0.006980802792321117,arb_arab-jpn_jpan,arb_arab,jpn_jpan,flores+opus+tatoeba+bouquet,1000mb,10,2290,573,4.79,,,,,,,
procrustes,0.19692561030387878,0.25708162784576416,0.634360545791472,0.7993019197207679,0.9232111692844677,0.9528795811518325,0.6649214659685864,0.837696335078534,0.8795811518324608,arb_arab-jpn_jpan,arb_arab,jpn_jpan,flores+opus+tatoeba+bouquet,1000mb,10,2290,573,4.79,,,,,,,
affine,0.08323991298675537,0.19027498364448547,0.7243069478356681,0.7609075043630017,0.9354275741710296,0.9528795811518325,0.5497382198952879,0.8027923211169284,0.8726003490401396,arb_arab-jpn_jpan,arb_arab,jpn_jpan,flores+opus+tatoeba+bouquet,1000mb,10,2290,573,4.79,,,,,,,
ridge,0.12710778415203094,0.14217527210712433,0.7614967572554746,0.5863874345549738,0.8289703315881326,0.893542757417103,0.4013961605584642,0.6265270506108203,0.731239092495637,arb_arab-jpn_jpan,arb_arab,jpn_jpan,flores+opus+tatoeba+bouquet,1000mb,10,2290,573,4.79,1000.0,,,,,,
mlp,0.10696309059858322,0.14234335720539093,0.7775326410849632,0.7137870855148342,0.9040139616055847,0.9319371727748691,0.5148342059336823,0.7469458987783595,0.8202443280977313,arb_arab-jpn_jpan,arb_arab,jpn_jpan,flores+opus+tatoeba+bouquet,1000mb,10,2290,573,4.79,,0.09760550274090334,0.14379183948040009,0.14229582250118256,0.14345021545886993,68.0,89.0
identity,1.3623430728912354,1.3532580137252808,0.6113982856737565,0.0,0.010471204188481676,0.020942408376963352,0.0,0.0017452006980802793,0.0034904013961605585,arb_arab-jpn_jpan,arb_arab,jpn_jpan,flores+opus+tatoeba+bouquet,1000mb,11,2290,573,5.03,,,,,,,
procrustes,0.2940419614315033,0.37626075744628906,0.6113982868498945,0.7958115183246073,0.9075043630017452,0.9458987783595113,0.6649214659685864,0.8237347294938918,0.8656195462478184,arb_arab-jpn_jpan,arb_arab,jpn_jpan,flores+opus+tatoeba+bouquet,1000mb,11,2290,573,5.03,,,,,,,
affine,0.11773975938558578,0.2700502574443817,0.7127904140966413,0.6910994764397905,0.8900523560209425,0.9319371727748691,0.493891797556719,0.731239092495637,0.8219895287958116,arb_arab-jpn_jpan,arb_arab,jpn_jpan,flores+opus+tatoeba+bouquet,1000mb,11,2290,573,5.03,,,,,,,
ridge,0.17445337772369385,0.20052839815616608,0.7544394473328794,0.5392670157068062,0.7678883071553229,0.8586387434554974,0.36300174520069806,0.5951134380453752,0.6666666666666666,arb_arab-jpn_jpan,arb_arab,jpn_jpan,flores+opus+tatoeba+bouquet,1000mb,11,2290,573,5.03,1000.0,,,,,,
mlp,0.14468640089035034,0.20440900325775146,0.7619122604472498,0.6387434554973822,0.8568935427574171,0.900523560209424,0.43106457242582896,0.6596858638743456,0.7574171029668412,arb_arab-jpn_jpan,arb_arab,jpn_jpan,flores+opus+tatoeba+bouquet,1000mb,11,2290,573,5.03,,0.13152089669848932,0.19797445833683014,0.20497438311576843,0.19730786979198456,76.0,97.0
identity,2.2995409965515137,2.3059561252593994,0.6230797641839223,0.0,0.006980802792321117,0.019197207678883072,0.0,0.0,0.0,arb_arab-jpn_jpan,arb_arab,jpn_jpan,flores+opus+tatoeba+bouquet,1000mb,12,2290,573,4.21,,,,,,,
procrustes,0.5870187282562256,0.7973114848136902,0.6230797631906517,0.7678883071553229,0.893542757417103,0.9354275741710296,0.6300174520069808,0.7923211169284468,0.8534031413612565,arb_arab-jpn_jpan,arb_arab,jpn_jpan,flores+opus+tatoeba+bouquet,1000mb,12,2290,573,4.21,,,,,,,
affine,0.2784631848335266,0.6358518600463867,0.7127952076677221,0.7818499127399651,0.9179755671902269,0.9581151832460733,0.5567190226876091,0.8027923211169284,0.8586387434554974,arb_arab-jpn_jpan,arb_arab,jpn_jpan,flores+opus+tatoeba+bouquet,1000mb,12,2290,573,4.21,,,,,,,
ridge,0.36665260791778564,0.46609142422676086,0.7633009473951788,0.7260034904013961,0.8987783595113438,0.9336823734729494,0.5497382198952879,0.7469458987783595,0.8272251308900523,arb_arab-jpn_jpan,arb_arab,jpn_jpan,flores+opus+tatoeba+bouquet,1000mb,12,2290,573,4.21,1000.0,,,,,,
mlp,0.3588826060295105,0.4831971824169159,0.7631651930000014,0.7190226876090751,0.8900523560209425,0.93717277486911,0.5235602094240838,0.7486910994764397,0.8254799301919721,arb_arab-jpn_jpan,arb_arab,jpn_jpan,flores+opus+tatoeba+bouquet,1000mb,12,2290,573,4.21,,0.31600414171363367,0.4799482822418213,0.4854232370853424,0.47830507159233093,48.0,69.0
identity,0.00016111430886667222,0.0001600339455762878,0.7160672687167433,0.006980802792321117,0.03315881326352531,0.055846422338568937,0.0,0.0017452006980802793,0.005235602094240838,hin_deva-fra_latn,hin_deva,fra_latn,flores+opus+tatoeba+bouquet,1000mb,0,2290,573,4.97,,,,,,,
procrustes,4.5504588342737406e-05,6.497168214991689e-05,0.7160672744752218,0.5078534031413613,0.6928446771378709,0.7731239092495636,0.3298429319371728,0.518324607329843,0.5898778359511344,hin_deva-fra_latn,hin_deva,fra_latn,flores+opus+tatoeba+bouquet,1000mb,0,2290,573,4.97,,,,,,,
affine,2.2042759155738167e-05,5.332885848474689e-05,0.7118468776039746,0.34205933682373474,0.5410122164048866,0.6265270506108203,0.20593368237347295,0.3542757417102967,0.4223385689354276,hin_deva-fra_latn,hin_deva,fra_latn,flores+opus+tatoeba+bouquet,1000mb,0,2290,573,4.97,,,,,,,
ridge,2.9840140996384434e-05,3.747881419258192e-05,0.7870035534562158,0.2425828970331588,0.4537521815008726,0.5462478184991274,0.11867364746945899,0.23734729493891799,0.3298429319371728,hin_deva-fra_latn,hin_deva,fra_latn,flores+opus+tatoeba+bouquet,1000mb,0,2290,573,4.97,0.1,,,,,,
mlp,5.468407834996469e-05,5.4132378863869235e-05,0.5368692929246537,0.0017452006980802793,0.008726003490401396,0.017452006980802792,0.0,0.0034904013961605585,0.005235602094240838,hin_deva-fra_latn,hin_deva,fra_latn,flores+opus+tatoeba+bouquet,1000mb,0,2290,573,4.97,,5.497498932527378e-05,5.5126944062067196e-05,5.414096449385397e-05,5.509342372533865e-05,71.0,92.0
identity,0.04073745384812355,0.04056341201066971,0.7708504714300555,0.005235602094240838,0.015706806282722512,0.04363001745200698,0.0034904013961605585,0.006980802792321117,0.010471204188481676,hin_deva-fra_latn,hin_deva,fra_latn,flores+opus+tatoeba+bouquet,1000mb,1,2290,573,3.99,,,,,,,
procrustes,0.004859135486185551,0.006433095317333937,0.770850477602933,0.774869109947644,0.9022687609075044,0.9319371727748691,0.5968586387434555,0.8167539267015707,0.8691099476439791,hin_deva-fra_latn,hin_deva,fra_latn,flores+opus+tatoeba+bouquet,1000mb,1,2290,573,3.99,,,,,,,
affine,0.0021860592532902956,0.005237664096057415,0.7592658492892026,0.612565445026178,0.8202443280977313,0.881326352530541,0.41361256544502617,0.6404886561954625,0.731239092495637,hin_deva-fra_latn,hin_deva,fra_latn,flores+opus+tatoeba+bouquet,1000mb,1,2290,573,3.99,,,,,,,
ridge,0.0031268701422959566,0.003792874049395323,0.8165529605455494,0.49912739965095987,0.7242582897033158,0.806282722513089,0.34904013961605584,0.5270506108202443,0.6230366492146597,hin_deva-fra_latn,hin_deva,fra_latn,flores+opus+tatoeba+bouquet,1000mb,1,2290,573,3.99,10.0,,,,,,
mlp,0.004579323343932629,0.004578838124871254,0.7817835589972724,0.055846422338568937,0.13089005235602094,0.19197207678883071,0.015706806282722512,0.05759162303664921,0.09947643979057591,hin_deva-fra_latn,hin_deva,fra_latn,flores+opus+tatoeba+bouquet,1000mb,1,2290,573,3.99,,0.004569368366377823,0.004795154556632042,0.004599052015691996,0.004770445637404919,40.0,61.0
identity,0.08710470795631409,0.0866144597530365,0.8237496672048567,0.0,0.020942408376963352,0.04013961605584642,0.0,0.0017452006980802793,0.012216404886561954,hin_deva-fra_latn,hin_deva,fra_latn,flores+opus+tatoeba+bouquet,1000mb,2,2290,573,4.71,,,,,,,
procrustes,0.00722516980022192,0.009331596083939075,0.8237496735204597,0.8394415357766143,0.9458987783595113,0.9720767888307156,0.7033158813263525,0.881326352530541,0.9197207678883071,hin_deva-fra_latn,hin_deva,fra_latn,flores+opus+tatoeba+bouquet,1000mb,2,2290,573,4.71,,,,,,,
affine,0.0032250406220555305,0.007703073788434267,0.807774102109941,0.7399650959860384,0.8778359511343804,0.9214659685863874,0.5514834205933682,0.7504363001745201,0.8150087260034904,hin_deva-fra_latn,hin_deva,fra_latn,flores+opus+tatoeba+bouquet,1000mb,2,2290,573,4.71,,,,,,,
ridge,0.00448362622410059,0.0055913557298481464,0.8568964376229604,0.6788830715532286,0.8551483420593369,0.912739965095986,0.493891797556719,0.7068062827225131,0.7801047120418848,hin_deva-fra_latn,hin_deva,fra_latn,flores+opus+tatoeba+bouquet,1000mb,2,2290,573,4.71,10.0,,,,,,
mlp,0.006426071282476187,0.006483517587184906,0.8490398768015127,0.1518324607329843,0.3472949389179756,0.4537521815008726,0.04886561954624782,0.14834205933682373,0.22164048865619546,hin_deva-fra_latn,hin_deva,fra_latn,flores+opus+tatoeba+bouquet,1000mb,2,2290,573,4.71,,0.006488632227322369,0.006338832899928093,0.006516522727906704,0.006264334078878164,64.0,85.0
identity,0.12504668533802032,0.12433912605047226,0.7841591327050068,0.012216404886561954,0.034904013961605584,0.04363001745200698,0.0017452006980802793,0.0034904013961605585,0.013961605584642234,hin_deva-fra_latn,hin_deva,fra_latn,flores+opus+tatoeba+bouquet,1000mb,3,2290,573,4.98,,,,,,,
procrustes,0.01316783856600523,0.017106685787439346,0.7841591424623451,0.9075043630017452,0.9773123909249564,0.9860383944153578,0.7678883071553229,0.9301919720767888,0.9546247818499127,hin_deva-fra_latn,hin_deva,fra_latn,flores+opus+tatoeba+bouquet,1000mb,3,2290,573,4.98,,,,,,,
affine,0.005971224512904882,0.014249797910451889,0.7581178947726761,0.7888307155322862,0.9109947643979057,0.9511343804537522,0.5933682373472949,0.8202443280977313,0.8691099476439791,hin_deva-fra_latn,hin_deva,fra_latn,flores+opus+tatoeba+bouquet,1000mb,3,2290,573,4.98,,,,,,,
ridge,0.007716749329119921,0.010423525236546993,0.8200595491743514,0.8027923211169284,0.9406631762652705,0.9598603839441536,0.6335078534031413,0.8289703315881326,0.8726003490401396,hin_deva-fra_latn,hin_deva,fra_latn,flores+opus+tatoeba+bouquet,1000mb,3,2290,573,4.98,10.0,,,,,,
mlp,0.010922558605670929,0.011320606805384159,0.8150530733725062,0.41535776614310643,0.675392670157068,0.7766143106457243,0.2268760907504363,0.44851657940663175,0.5427574171029669,hin_deva-fra_latn,hin_deva,fra_latn,flores+opus+tatoeba+bouquet,1000mb,3,2290,573,4.98,,0.01085985197939656,0.01155682560056448,0.011323475278913975,0.011496119201183319,73.0,94.0
identity,0.17060396075248718,0.16917268931865692,0.773100466652211,0.006980802792321117,0.02617801047120419,0.041884816753926704,0.0,0.005235602094240838,0.008726003490401396,hin_deva-fra_latn,hin_deva,fra_latn,flores+opus+tatoeba+bouquet,1000mb,4,2290,573,5.4,,,,,,,
procrustes,0.02160404808819294,0.028544731438159943,0.7731004629366011,0.956369982547993,0.987783595113438,0.9947643979057592,0.8743455497382199,0.9650959860383944,0.9790575916230366,hin_deva-fra_latn,hin_deva,fra_latn,flores+opus+tatoeba+bouquet,1000mb,4,2290,573,5.4,,,,,,,
affine,0.010300563648343086,0.024216916412115097,0.753602028119186,0.8638743455497382,0.9616055846422339,0.9808027923211169,0.731239092495637,0.8952879581151832,0.9162303664921466,hin_deva-fra_latn,hin_deva,fra_latn,flores+opus+tatoeba+bouquet,1000mb,4,2290,573,5.4,,,,,,,
ridge,0.015542672947049141,0.01765587367117405,0.8125755353539182,0.8150087260034904,0.9493891797556719,0.9720767888307156,0.6614310645724258,0.8516579406631762,0.9022687609075044,hin_deva-fra_latn,hin_deva,fra_latn,flores+opus+tatoeba+bouquet,1000mb,4,2290,573,5.4,100.0,,,,,,
mlp,0.017474615946412086,0.01861787773668766,0.8080945500935673,0.680628272251309,0.8900523560209425,0.944153577661431,0.49040139616055844,0.7347294938917975,0.8237347294938918,hin_deva-fra_latn,hin_deva,fra_latn,flores+opus+tatoeba+bouquet,1000mb,4,2290,573,5.4,,0.017461603225180596,0.019048063084483147,0.018586358055472374,0.01899966225028038,87.0,108.0
identity,0.21393172442913055,0.21186622977256775,0.7630065526279929,0.005235602094240838,0.020942408376963352,0.04537521815008726,0.0,0.005235602094240838,0.006980802792321117,hin_deva-fra_latn,hin_deva,fra_latn,flores+opus+tatoeba+bouquet,1000mb,5,2290,573,7.45,,,,,,,
procrustes,0.030305270105600357,0.041000451892614365,0.7630065584378461,0.9581151832460733,0.9930191972076788,0.9965095986038395,0.8970331588132635,0.9720767888307156,0.9860383944153578,hin_deva-fra_latn,hin_deva,fra_latn,flores+opus+tatoeba+bouquet,1000mb,5,2290,573,7.45,,,,,,,
affine,0.01427166536450386,0.03341938927769661,0.7495246432033991,0.8865619546247818,0.9755671902268761,0.9842931937172775,0.7574171029668412,0.900523560209424,0.944153577661431,hin_deva-fra_latn,hin_deva,fra_latn,flores+opus+tatoeba+bouquet,1000mb,5,2290,573,7.45,,,,,,,
ridge,0.020623495802283287,0.024257522076368332,0.8093876829356145,0.8586387434554974,0.9650959860383944,0.9842931937172775,0.7033158813263525,0.9022687609075044,0.9336823734729494,hin_deva-fra_latn,hin_deva,fra_latn,flores+opus+tatoeba+bouquet,1000mb,5,2290,573,7.45,100.0,,,,,,
mlp,0.022811273112893105,0.02510455995798111,0.8043552434383013,0.7696335078534031,0.944153577661431,0.9685863874345549,0.5933682373472949,0.8237347294938918,0.893542757417103,hin_deva-fra_latn,hin_deva,fra_latn,flores+opus+tatoeba+bouquet,1000mb,5,2290,573,7.45,,0.022507556290789085,0.02584955282509327,0.025098996236920357,0.025812724605202675,156.0,177.0
identity,0.2683001458644867,0.265751451253891,0.7650777374910648,0.008726003490401396,0.02443280977312391,0.04537521815008726,0.0,0.0034904013961605585,0.010471204188481676,hin_deva-fra_latn,hin_deva,fra_latn,flores+opus+tatoeba+bouquet,1000mb,6,2290,573,7.62,,,,,,,
procrustes,0.04042064771056175,0.05539100617170334,0.7650777339704858,0.9773123909249564,0.9947643979057592,0.9965095986038395,0.9022687609075044,0.9860383944153578,0.9930191972076788,hin_deva-fra_latn,hin_deva,fra_latn,flores+opus+tatoeba+bouquet,1000mb,6,2290,573,7.62,,,,,,,
affine,0.020278779789805412,0.04733514413237572,0.7540199889061364,0.924956369982548,0.9842931937172775,0.9912739965095986,0.7905759162303665,0.9406631762652705,0.9616055846422339,hin_deva-fra_latn,hin_deva,fra_latn,flores+opus+tatoeba+bouquet,1000mb,6,2290,573,7.62,,,,,,,
ridge,0.028369644656777382,0.03444455564022064,0.8117388629754563,0.9075043630017452,0.9860383944153578,0.9930191972076788,0.7905759162303665,0.9301919720767888,0.9616055846422339,hin_deva-fra_latn,hin_deva,fra_latn,flores+opus+tatoeba+bouquet,1000mb,6,2290,573,7.62,100.0,,,,,,
mlp,0.03072422556579113,0.03522523120045662,0.8089370125475008,0.8708551483420593,0.9755671902268761,0.987783595113438,0.7120418848167539,0.893542757417103,0.9389179755671903,hin_deva-fra_latn,hin_deva,fra_latn,flores+opus+tatoeba+bouquet,1000mb,6,2290,573,7.62,,0.030089278959415176,0.03736612945795059,0.03521335497498512,0.037277087569236755,162.0,183.0
identity,0.35220247507095337,0.3491109311580658,0.7715374980835409,0.005235602094240838,0.02443280977312391,0.04013961605584642,0.0,0.006980802792321117,0.012216404886561954,hin_deva-fra_latn,hin_deva,fra_latn,flores+opus+tatoeba+bouquet,1000mb,7,2290,573,8.12,,,,,,,
procrustes,0.059595875442028046,0.08104778081178665,0.7715374978776901,0.9650959860383944,0.9947643979057592,0.9982547993019197,0.893542757417103,0.9860383944153578,0.9912739965095986,hin_deva-fra_latn,hin_deva,fra_latn,flores+opus+tatoeba+bouquet,1000mb,7,2290,573,8.12,,,,,,,
affine,0.030970582738518715,0.0718931034207344,0.7511445898708746,0.9406631762652705,0.9895287958115183,0.9947643979057592,0.794066317626527,0.9511343804537522,0.9738219895287958,hin_deva-fra_latn,hin_deva,fra_latn,flores+opus+tatoeba+bouquet,1000mb,7,2290,573,8.12,,,,,,,
ridge,0.04152978956699371,0.05224889516830444,0.8083069207611192,0.9354275741710296,0.9947643979057592,0.9982547993019197,0.8202443280977313,0.9476439790575916,0.9720767888307156,hin_deva-fra_latn,hin_deva,fra_latn,flores+opus+tatoeba+bouquet,1000mb,7,2290,573,8.12,100.0,,,,,,
mlp,0.04282091185450554,0.052710238844156265,0.8046516133708702,0.9075043630017452,0.9825479930191972,0.9965095986038395,0.7818499127399651,0.9301919720767888,0.956369982547993,hin_deva-fra_latn,hin_deva,fra_latn,flores+opus+tatoeba+bouquet,1000mb,7,2290,573,8.12,,0.04146579427249504,0.05613211542367935,0.052812136709690094,0.05600602179765701,185.0,200.0
identity,0.46060287952423096,0.45707768201828003,0.7585952289194436,0.006980802792321117,0.020942408376963352,0.038394415357766144,0.0017452006980802793,0.0034904013961605585,0.0034904013961605585,hin_deva-fra_latn,hin_deva,fra_latn,flores+opus+tatoeba+bouquet,1000mb,8,2290,573,6.0,,,,,,,
procrustes,0.08497346192598343,0.11536199599504471,0.7585952309536322,0.9720767888307156,0.9947643979057592,0.9965095986038395,0.8778359511343804,0.9808027923211169,0.9912739965095986,hin_deva-fra_latn,hin_deva,fra_latn,flores+opus+tatoeba+bouquet,1000mb,8,2290,573,6.0,,,,,,,
affine,0.04297590255737305,0.09936701506376266,0.7505004495171098,0.9389179755671903,0.9947643979057592,0.9947643979057592,0.8132635253054101,0.956369982547993,0.9755671902268761,hin_deva-fra_latn,hin_deva,fra_latn,flores+opus+tatoeba+bouquet,1000mb,8,2290,573,6.0,,,,,,,
ridge,0.05505654215812683,0.07288458198308945,0.8070182045057382,0.9493891797556719,0.9930191972076788,0.9982547993019197,0.8394415357766143,0.9616055846422339,0.9808027923211169,hin_deva-fra_latn,hin_deva,fra_latn,flores+opus+tatoeba+bouquet,1000mb,8,2290,573,6.0,100.0,,,,,,
mlp,0.057107437402009964,0.07338571548461914,0.8040276320978107,0.9267015706806283,0.9895287958115183,0.9982547993019197,0.7975567190226877,0.9424083769633508,0.9720767888307156,hin_deva-fra_latn,hin_deva,fra_latn,flores+opus+tatoeba+bouquet,1000mb,8,2290,573,6.0,,0.05472925158612656,0.07334922254085541,0.07332324981689453,0.07317908108234406,109.0,130.0
identity,0.6555941104888916,0.6497817635536194,0.7521437421674504,0.0017452006980802793,0.020942408376963352,0.029668411867364748,0.0017452006980802793,0.0017452006980802793,0.0034904013961605585,hin_deva-fra_latn,hin_deva,fra_latn,flores+opus+tatoeba+bouquet,1000mb,9,2290,573,5.94,,,,,,,
procrustes,0.12671016156673431,0.16959209740161896,0.7521437433287281,0.9511343804537522,0.9912739965095986,0.9965095986038395,0.8691099476439791,0.9738219895287958,0.9895287958115183,hin_deva-fra_latn,hin_deva,fra_latn,flores+opus+tatoeba+bouquet,1000mb,9,2290,573,5.94,,,,,,,
affine,0.06264888495206833,0.14476948976516724,0.7544960634178861,0.93717277486911,0.9930191972076788,0.9982547993019197,0.8184991273996509,0.9528795811518325,0.9720767888307156,hin_deva-fra_latn,hin_deva,fra_latn,flores+opus+tatoeba+bouquet,1000mb,9,2290,573,5.94,,,,,,,
ridge,0.07698461413383484,0.10725823789834976,0.8090443883478838,0.9424083769633508,0.9947643979057592,0.9982547993019197,0.8446771378708552,0.9650959860383944,0.9755671902268761,hin_deva-fra_latn,hin_deva,fra_latn,flores+opus+tatoeba+bouquet,1000mb,9,2290,573,5.94,100.0,,,,,,
mlp,0.07823090255260468,0.10751829296350479,0.8067639247987016,0.9284467713787086,0.987783595113438,0.9982547993019197,0.806282722513089,0.9546247818499127,0.9738219895287958,hin_deva-fra_latn,hin_deva,fra_latn,flores+opus+tatoeba+bouquet,1000mb,9,2290,573,5.94,,0.0731612303943345,0.10761484503746033,0.10766784101724625,0.10746567696332932,107.0,128.0
identity,0.9359013438224792,0.9272289872169495,0.7422333452927016,0.0017452006980802793,0.013961605584642234,0.029668411867364748,0.0,0.0017452006980802793,0.005235602094240838,hin_deva-fra_latn,hin_deva,fra_latn,flores+opus+tatoeba+bouquet,1000mb,10,2290,573,4.7,,,,,,,
procrustes,0.18284238874912262,0.24259786307811737,0.7422333471098899,0.9336823734729494,0.987783595113438,0.9947643979057592,0.8342059336823735,0.9598603839441536,0.9825479930191972,hin_deva-fra_latn,hin_deva,fra_latn,flores+opus+tatoeba+bouquet,1000mb,10,2290,573,4.7,,,,,,,
affine,0.08541131764650345,0.19540056586265564,0.745256955947861,0.9144851657940664,0.9947643979057592,0.9982547993019197,0.7731239092495636,0.93717277486911,0.9685863874345549,hin_deva-fra_latn,hin_deva,fra_latn,flores+opus+tatoeba+bouquet,1000mb,10,2290,573,4.7,,,,,,,
ridge,0.13184569776058197,0.14822140336036682,0.7958289314126686,0.837696335078534,0.9598603839441536,0.9842931937172775,0.6614310645724258,0.8760907504363001,0.924956369982548,hin_deva-fra_latn,hin_deva,fra_latn,flores+opus+tatoeba+bouquet,1000mb,10,2290,573,4.7,1000.0,,,,,,
mlp,0.11128391325473785,0.14814972877502441,0.799496835564881,0.8987783595113438,0.9860383944153578,0.9947643979057592,0.7539267015706806,0.9284467713787086,0.9511343804537522,hin_deva-fra_latn,hin_deva,fra_latn,flores+opus+tatoeba+bouquet,1000mb,10,2290,573,4.7,,0.10119737052556241,0.15296337008476257,0.14825497567653656,0.15234871208667755,65.0,86.0
identity,1.2927476167678833,1.2771941423416138,0.7329843497777421,0.0017452006980802793,0.012216404886561954,0.034904013961605584,0.0,0.0017452006980802793,0.0017452006980802793,hin_deva-fra_latn,hin_deva,fra_latn,flores+opus+tatoeba+bouquet,1000mb,11,2290,573,4.99,,,,,,,
procrustes,0.23322764039039612,0.3103659749031067,0.7329843500689016,0.9092495636998255,0.9773123909249564,0.9860383944153578,0.806282722513089,0.9319371727748691,0.9581151832460733,hin_deva-fra_latn,hin_deva,fra_latn,flores+opus+tatoeba+bouquet,1000mb,11,2290,573,4.99,,,,,,,
affine,0.11016785353422165,0.25228843092918396,0.7283279201895352,0.8673647469458988,0.9598603839441536,0.9860383944153578,0.7120418848167539,0.8987783595113438,0.9301919720767888,hin_deva-fra_latn,hin_deva,fra_latn,flores+opus+tatoeba+bouquet,1000mb,11,2290,573,4.99,,,,,,,
ridge,0.16432489454746246,0.1884324848651886,0.7899551935836209,0.7801047120418848,0.9301919720767888,0.956369982547993,0.5968586387434555,0.8202443280977313,0.8760907504363001,hin_deva-fra_latn,hin_deva,fra_latn,flores+opus+tatoeba+bouquet,1000mb,11,2290,573,4.99,1000.0,,,,,,
mlp,0.1371316909790039,0.19163872301578522,0.7881516386540433,0.8568935427574171,0.9598603839441536,0.9773123909249564,0.6841186736474695,0.8848167539267016,0.9179755671902269,hin_deva-fra_latn,hin_deva,fra_latn,flores+opus+tatoeba+bouquet,1000mb,11,2290,573,4.99,,0.12381191122712511,0.18994492292404175,0.19254536926746368,0.18933239579200745,74.0,95.0
identity,2.1079390048980713,2.1050589084625244,0.7224011196783253,0.0017452006980802793,0.019197207678883072,0.031413612565445025,0.0,0.0034904013961605585,0.005235602094240838,hin_deva-fra_latn,hin_deva,fra_latn,flores+opus+tatoeba+bouquet,1000mb,12,2290,573,4.49,,,,,,,
procrustes,0.5009052753448486,0.6816236972808838,0.7224011200975123,0.924956369982548,0.9895287958115183,0.9965095986038395,0.8097731239092496,0.944153577661431,0.9668411867364747,hin_deva-fra_latn,hin_deva,fra_latn,flores+opus+tatoeba+bouquet,1000mb,12,2290,573,4.49,,,,,,,
affine,0.2340320199728012,0.5363215208053589,0.7231620733958644,0.8883071553228621,0.9703315881326352,0.9895287958115183,0.7399650959860384,0.9040139616055847,0.9511343804537522,hin_deva-fra_latn,hin_deva,fra_latn,flores+opus+tatoeba+bouquet,1000mb,12,2290,573,4.49,,,,,,,
ridge,0.3130146861076355,0.3935372233390808,0.7806668672088879,0.8673647469458988,0.9650959860383944,0.987783595113438,0.7085514834205934,0.900523560209424,0.924956369982548,hin_deva-fra_latn,hin_deva,fra_latn,flores+opus+tatoeba+bouquet,1000mb,12,2290,573,4.49,1000.0,,,,,,
mlp,0.2925986051559448,0.4098637104034424,0.7788220593579996,0.8726003490401396,0.9668411867364747,0.987783595113438,0.699825479930192,0.8900523560209425,0.9232111692844677,hin_deva-fra_latn,hin_deva,fra_latn,flores+opus+tatoeba+bouquet,1000mb,12,2290,573,4.49,,0.2573384592930476,0.41213342547416687,0.4130779802799225,0.4092181622982025,57.0,78.0
identity,0.0001704452297417447,0.00016878193127922714,0.6848364780000697,0.010471204188481676,0.029668411867364748,0.05410122164048865,0.0017452006980802793,0.006980802792321117,0.017452006980802792,hin_deva-rus_cyrl,hin_deva,rus_cyrl,flores+opus+tatoeba+bouquet,1000mb,0,2290,573,4.51,,,,,,,
procrustes,5.079245238448493e-05,7.306921907002106e-05,0.6848364778539578,0.38917975567190227,0.5881326352530541,0.6596858638743456,0.22338568935427575,0.4083769633507853,0.493891797556719,hin_deva-rus_cyrl,hin_deva,rus_cyrl,flores+opus+tatoeba+bouquet,1000mb,0,2290,573,4.51,,,,,,,
affine,2.6438810891704634e-05,6.363383727148175e-05,0.6563979579731499,0.3263525305410122,0.5270506108202443,0.5986038394415357,0.2006980802792321,0.34554973821989526,0.42408376963350786,hin_deva-rus_cyrl,hin_deva,rus_cyrl,flores+opus+tatoeba+bouquet,1000mb,0,2290,573,4.51,,,,,,,
ridge,3.5391356504987925e-05,4.429128239280544e-05,0.73541320659028,0.2268760907504363,0.42408376963350786,0.5148342059336823,0.1082024432809773,0.23036649214659685,0.3228621291448517,hin_deva-rus_cyrl,hin_deva,rus_cyrl,flores+opus+tatoeba+bouquet,1000mb,0,2290,573,4.51,0.1,,,,,,
mlp,6.082003892515786e-05,6.037149432813749e-05,0.5679618064847286,0.0017452006980802793,0.008726003490401396,0.017452006980802792,0.0,0.0017452006980802793,0.0034904013961605585,hin_deva-rus_cyrl,hin_deva,rus_cyrl,flores+opus+tatoeba+bouquet,1000mb,0,2290,573,4.51,,6.0719591904974855e-05,6.0013040638295934e-05,6.037599450792186e-05,5.998332562739961e-05,56.0,77.0
identity,0.03837084397673607,0.03812174126505852,0.7413375376756781,0.0017452006980802793,0.015706806282722512,0.034904013961605584,0.0,0.0034904013961605585,0.005235602094240838,hin_deva-rus_cyrl,hin_deva,rus_cyrl,flores+opus+tatoeba+bouquet,1000mb,1,2290,573,4.29,,,,,,,
procrustes,0.005315381567925215,0.00710275350138545,0.7413375450308011,0.6457242582897034,0.8254799301919721,0.8865619546247818,0.47294938917975565,0.6614310645724258,0.7661431064572426,hin_deva-rus_cyrl,hin_deva,rus_cyrl,flores+opus+tatoeba+bouquet,1000mb,1,2290,573,4.29,,,,,,,
affine,0.0025005254428833723,0.006045355461537838,0.720404908908052,0.5619546247818499,0.7853403141361257,0.8516579406631762,0.3699825479930192,0.5724258289703316,0.6579406631762653,hin_deva-rus_cyrl,hin_deva,rus_cyrl,flores+opus+tatoeba+bouquet,1000mb,1,2290,573,4.29,,,,,,,
ridge,0.003529713023453951,0.004361553583294153,0.7740714446581674,0.45898778359511344,0.7050610820244329,0.7818499127399651,0.29842931937172773,0.493891797556719,0.5846422338568935,hin_deva-rus_cyrl,hin_deva,rus_cyrl,flores+opus+tatoeba+bouquet,1000mb,1,2290,573,4.29,10.0,,,,,,
mlp,0.005039529874920845,0.005200551822781563,0.7313974606641165,0.038394415357766144,0.11343804537521815,0.17975567190226877,0.012216404886561954,0.041884816753926704,0.06282722513089005,hin_deva-rus_cyrl,hin_deva,rus_cyrl,flores+opus+tatoeba+bouquet,1000mb,1,2290,573,4.29,,0.005066344528600122,0.0049725244753062725,0.005206379573792219,0.004953513853251934,50.0,71.0
identity,0.09083527326583862,0.08998553454875946,0.8061627620081826,0.0017452006980802793,0.017452006980802792,0.02617801047120419,0.0,0.0,0.0017452006980802793,hin_deva-rus_cyrl,hin_deva,rus_cyrl,flores+opus+tatoeba+bouquet,1000mb,2,2290,573,5.09,,,,,,,
procrustes,0.00796213187277317,0.010494056157767773,0.8061627556451088,0.7556719022687609,0.9144851657940664,0.9476439790575916,0.5951134380453752,0.8045375218150087,0.8638743455497382,hin_deva-rus_cyrl,hin_deva,rus_cyrl,flores+opus+tatoeba+bouquet,1000mb,2,2290,573,5.09,,,,,,,
affine,0.0038826577365398407,0.009386474266648293,0.7837802433904109,0.6614310645724258,0.8586387434554974,0.9022687609075044,0.43804537521815007,0.6893542757417103,0.7818499127399651,hin_deva-rus_cyrl,hin_deva,rus_cyrl,flores+opus+tatoeba+bouquet,1000mb,2,2290,573,5.09,,,,,,,
ridge,0.005341583397239447,0.006753941066563129,0.8329471403585129,0.6527050610820244,0.8586387434554974,0.893542757417103,0.4328097731239092,0.6788830715532286,0.7521815008726004,hin_deva-rus_cyrl,hin_deva,rus_cyrl,flores+opus+tatoeba+bouquet,1000mb,2,2290,573,5.09,10.0,,,,,,
mlp,0.007409453857690096,0.007657372392714024,0.8262716494886463,0.13961605584642234,0.3525305410122164,0.4869109947643979,0.055846422338568937,0.15881326352530542,0.22338568935427575,hin_deva-rus_cyrl,hin_deva,rus_cyrl,flores+opus+tatoeba+bouquet,1000mb,2,2290,573,5.09,,0.007495995427510052,0.007157961837947369,0.007666632998734713,0.007135698106139898,76.0,97.0
identity,0.12950049340724945,0.1282099336385727,0.7734547396586746,0.0017452006980802793,0.008726003490401396,0.02268760907504363,0.0,0.0017452006980802793,0.0034904013961605585,hin_deva-rus_cyrl,hin_deva,rus_cyrl,flores+opus+tatoeba+bouquet,1000mb,3,2290,573,5.08,,,,,,,
procrustes,0.012499089352786541,0.016294481232762337,0.773454729627136,0.8708551483420593,0.9650959860383944,0.9808027923211169,0.7382198952879581,0.9057591623036649,0.9301919720767888,hin_deva-rus_cyrl,hin_deva,rus_cyrl,flores+opus+tatoeba+bouquet,1000mb,3,2290,573,5.08,,,,,,,
affine,0.005012396723031998,0.011967775411903858,0.7817084298438567,0.743455497382199,0.893542757417103,0.9232111692844677,0.5427574171029669,0.7626527050610821,0.8237347294938918,hin_deva-rus_cyrl,hin_deva,rus_cyrl,flores+opus+tatoeba+bouquet,1000mb,3,2290,573,5.08,,,,,,,
ridge,0.006442069076001644,0.008729486726224422,0.8313453989917977,0.7626527050610821,0.9057591623036649,0.93717277486911,0.5741710296684118,0.7923211169284468,0.8516579406631762,hin_deva-rus_cyrl,hin_deva,rus_cyrl,flores+opus+tatoeba+bouquet,1000mb,3,2290,573,5.08,10.0,,,,,,
mlp,0.00904436782002449,0.009464187547564507,0.8307308318595489,0.3368237347294939,0.6108202443280978,0.7120418848167539,0.16753926701570682,0.34205933682373474,0.4258289703315881,hin_deva-rus_cyrl,hin_deva,rus_cyrl,flores+opus+tatoeba+bouquet,1000mb,3,2290,573,5.08,,0.009044473228806799,0.009645757265388966,0.009481887333095074,0.009597420692443848,76.0,97.0
identity,0.16889292001724243,0.16700449585914612,0.748991163995914,0.0,0.005235602094240838,0.015706806282722512,0.0,0.0017452006980802793,0.0017452006980802793,hin_deva-rus_cyrl,hin_deva,rus_cyrl,flores+opus+tatoeba+bouquet,1000mb,4,2290,573,6.2,,,,,,,
procrustes,0.019863363355398178,0.025889599695801735,0.7489911390706797,0.9284467713787086,0.9808027923211169,0.9895287958115183,0.8202443280977313,0.9389179755671903,0.9616055846422339,hin_deva-rus_cyrl,hin_deva,rus_cyrl,flores+opus+tatoeba+bouquet,1000mb,4,2290,573,6.2,,,,,,,
affine,0.007394712883979082,0.017463773488998413,0.7619070466366391,0.7975567190226877,0.912739965095986,0.9476439790575916,0.6335078534031413,0.8167539267015707,0.8691099476439791,hin_deva-rus_cyrl,hin_deva,rus_cyrl,flores+opus+tatoeba+bouquet,1000mb,4,2290,573,6.2,,,,,,,
ridge,0.011002999730408192,0.01264012511819601,0.826106230416834,0.7452006980802792,0.9092495636998255,0.9424083769633508,0.5549738219895288,0.7853403141361257,0.8411867364746946,hin_deva-rus_cyrl,hin_deva,rus_cyrl,flores+opus+tatoeba+bouquet,1000mb,4,2290,573,6.2,100.0,,,,,,
mlp,0.012500150129199028,0.013384492136538029,0.8225745224091292,0.5549738219895288,0.8184991273996509,0.881326352530541,0.35602094240837695,0.5898778359511344,0.7120418848167539,hin_deva-rus_cyrl,hin_deva,rus_cyrl,flores+opus+tatoeba+bouquet,1000mb,4,2290,573,6.2,,0.012460486991613201,0.013703946024179459,0.013440530747175217,0.013621029444038868,113.0,134.0
identity,0.2126304805278778,0.2103036791086197,0.7410375910247988,0.0,0.008726003490401396,0.02268760907504363,0.0,0.0017452006980802793,0.0017452006980802793,hin_deva-rus_cyrl,hin_deva,rus_cyrl,flores+opus+tatoeba+bouquet,1000mb,5,2290,573,5.28,,,,,,,
procrustes,0.029070820659399033,0.038505129516124725,0.7410375950764811,0.9581151832460733,0.9895287958115183,0.9930191972076788,0.8534031413612565,0.9598603839441536,0.9773123909249564,hin_deva-rus_cyrl,hin_deva,rus_cyrl,flores+opus+tatoeba+bouquet,1000mb,5,2290,573,5.28,,,,,,,
affine,0.011225699447095394,0.026392150670289993,0.7602881912905193,0.8638743455497382,0.9633507853403142,0.9773123909249564,0.7137870855148342,0.8883071553228621,0.93717277486911,hin_deva-rus_cyrl,hin_deva,rus_cyrl,flores+opus+tatoeba+bouquet,1000mb,5,2290,573,5.28,,,,,,,
ridge,0.01604379341006279,0.01912696845829487,0.817334530119936,0.8621291448516579,0.9668411867364747,0.9808027923211169,0.7085514834205934,0.8760907504363001,0.9301919720767888,hin_deva-rus_cyrl,hin_deva,rus_cyrl,flores+opus+tatoeba+bouquet,1000mb,5,2290,573,5.28,100.0,,,,,,
mlp,0.018090227618813515,0.019909605383872986,0.8132917856402824,0.7539267015706806,0.9406631762652705,0.9703315881326352,0.5462478184991274,0.7905759162303665,0.8568935427574171,hin_deva-rus_cyrl,hin_deva,rus_cyrl,flores+opus+tatoeba+bouquet,1000mb,5,2290,573,5.28,,0.01793872785161842,0.020280711352825165,0.019944828003644943,0.020215436816215515,83.0,104.0
identity,0.2581002712249756,0.25583091378211975,0.7499073594052446,0.0,0.010471204188481676,0.02268760907504363,0.0,0.0,0.0034904013961605585,hin_deva-rus_cyrl,hin_deva,rus_cyrl,flores+opus+tatoeba+bouquet,1000mb,6,2290,573,7.58,,,,,,,
procrustes,0.03917792811989784,0.05294106528162956,0.7499073499318926,0.956369982547993,0.9895287958115183,0.9947643979057592,0.8691099476439791,0.9668411867364747,0.9808027923211169,hin_deva-rus_cyrl,hin_deva,rus_cyrl,flores+opus+tatoeba+bouquet,1000mb,6,2290,573,7.58,,,,,,,
affine,0.017284009605646133,0.04033108055591583,0.7453226383559793,0.900523560209424,0.9825479930191972,0.9912739965095986,0.7696335078534031,0.9179755671902269,0.9511343804537522,hin_deva-rus_cyrl,hin_deva,rus_cyrl,flores+opus+tatoeba+bouquet,1000mb,6,2290,573,7.58,,,,,,,
ridge,0.023878848180174828,0.029369495809078217,0.8053023135246815,0.9144851657940664,0.9842931937172775,0.9912739965095986,0.7783595113438045,0.924956369982548,0.9616055846422339,hin_deva-rus_cyrl,hin_deva,rus_cyrl,flores+opus+tatoeba+bouquet,1000mb,6,2290,573,7.58,100.0,,,,,,
mlp,0.025990093126893044,0.030023707076907158,0.8030224622312121,0.8691099476439791,0.9720767888307156,0.9842931937172775,0.6823734729493892,0.8726003490401396,0.9301919720767888,hin_deva-rus_cyrl,hin_deva,rus_cyrl,flores+opus+tatoeba+bouquet,1000mb,6,2290,573,7.58,,0.02548036047003486,0.030964111909270287,0.03004681132733822,0.03087429516017437,159.0,180.0
identity,0.32887834310531616,0.3264349102973938,0.7614670865469972,0.0,0.008726003490401396,0.02443280977312391,0.0,0.0,0.005235602094240838,hin_deva-rus_cyrl,hin_deva,rus_cyrl,flores+opus+tatoeba+bouquet,1000mb,7,2290,573,6.37,,,,,,,
procrustes,0.05492760241031647,0.07362809777259827,0.761467082403738,0.9616055846422339,0.9912739965095986,0.9947643979057592,0.8726003490401396,0.9720767888307156,0.9808027923211169,hin_deva-rus_cyrl,hin_deva,rus_cyrl,flores+opus+tatoeba+bouquet,1000mb,7,2290,573,6.37,,,,,,,
affine,0.02291366085410118,0.05356454476714134,0.7381181549012555,0.9144851657940664,0.987783595113438,0.9947643979057592,0.7853403141361257,0.9197207678883071,0.956369982547993,hin_deva-rus_cyrl,hin_deva,rus_cyrl,flores+opus+tatoeba+bouquet,1000mb,7,2290,573,6.37,,,,,,,
ridge,0.03050164505839348,0.0388152152299881,0.8026573237776831,0.9179755671902269,0.987783595113438,0.9912739965095986,0.806282722513089,0.9319371727748691,0.9685863874345549,hin_deva-rus_cyrl,hin_deva,rus_cyrl,flores+opus+tatoeba+bouquet,1000mb,7,2290,573,6.37,100.0,,,,,,
mlp,0.03305751085281372,0.03936383128166199,0.7998760150634228,0.8917975567190227,0.9773123909249564,0.9860383944153578,0.731239092495637,0.9075043630017452,0.9476439790575916,hin_deva-rus_cyrl,hin_deva,rus_cyrl,flores+opus+tatoeba+bouquet,1000mb,7,2290,573,6.37,,0.031900382177396255,0.04259693622589111,0.03942977264523506,0.04253049194812775,116.0,137.0
identity,0.42395874857902527,0.42101940512657166,0.7544957426782232,0.0,0.010471204188481676,0.02443280977312391,0.0,0.0017452006980802793,0.005235602094240838,hin_deva-rus_cyrl,hin_deva,rus_cyrl,flores+opus+tatoeba+bouquet,1000mb,8,2290,573,5.41,,,,,,,
procrustes,0.07538668811321259,0.10134784132242203,0.7544957443776618,0.9581151832460733,0.9895287958115183,0.9912739965095986,0.8691099476439791,0.9755671902268761,0.9842931937172775,hin_deva-rus_cyrl,hin_deva,rus_cyrl,flores+opus+tatoeba+bouquet,1000mb,8,2290,573,5.41,,,,,,,
affine,0.029638586565852165,0.068795345723629,0.7503569866631239,0.9301919720767888,0.9860383944153578,0.9912739965095986,0.8150087260034904,0.9458987783595113,0.9755671902268761,hin_deva-rus_cyrl,hin_deva,rus_cyrl,flores+opus+tatoeba+bouquet,1000mb,8,2290,573,5.41,,,,,,,
ridge,0.037743039429187775,0.05050727352499962,0.8068089666178092,0.9319371727748691,0.9860383944153578,0.9895287958115183,0.806282722513089,0.9616055846422339,0.9790575916230366,hin_deva-rus_cyrl,hin_deva,rus_cyrl,flores+opus+tatoeba+bouquet,1000mb,8,2290,573,5.41,100.0,,,,,,
mlp,0.04090071842074394,0.050825685262680054,0.8049458670418709,0.893542757417103,0.9808027923211169,0.987783595113438,0.7574171029668412,0.9319371727748691,0.9685863874345549,hin_deva-rus_cyrl,hin_deva,rus_cyrl,flores+opus+tatoeba+bouquet,1000mb,8,2290,573,5.41,,0.03928179824442574,0.05044478178024292,0.05081704631447792,0.050411030650138855,84.0,105.0
identity,0.6009631752967834,0.5962526202201843,0.7488119594006549,0.0017452006980802793,0.013961605584642234,0.027923211169284468,0.0,0.0,0.005235602094240838,hin_deva-rus_cyrl,hin_deva,rus_cyrl,flores+opus+tatoeba+bouquet,1000mb,9,2290,573,5.44,,,,,,,
procrustes,0.11532199382781982,0.15388037264347076,0.7488119642454221,0.9511343804537522,0.9842931937172775,0.987783595113438,0.8481675392670157,0.9650959860383944,0.9825479930191972,hin_deva-rus_cyrl,hin_deva,rus_cyrl,flores+opus+tatoeba+bouquet,1000mb,9,2290,573,5.44,,,,,,,
affine,0.046298958361148834,0.10631939768791199,0.7479948610586675,0.9354275741710296,0.987783595113438,0.987783595113438,0.7783595113438045,0.9424083769633508,0.9720767888307156,hin_deva-rus_cyrl,hin_deva,rus_cyrl,flores+opus+tatoeba+bouquet,1000mb,9,2290,573,5.44,,,,,,,
ridge,0.056512732058763504,0.07949311286211014,0.8009433729298476,0.9301919720767888,0.9842931937172775,0.987783595113438,0.8080279232111692,0.9424083769633508,0.9738219895287958,hin_deva-rus_cyrl,hin_deva,rus_cyrl,flores+opus+tatoeba+bouquet,1000mb,9,2290,573,5.44,100.0,,,,,,
mlp,0.05967647582292557,0.07976596057415009,0.7976139622745799,0.9022687609075044,0.9825479930191972,0.987783595113438,0.7521815008726004,0.9232111692844677,0.9581151832460733,hin_deva-rus_cyrl,hin_deva,rus_cyrl,flores+opus+tatoeba+bouquet,1000mb,9,2290,573,5.44,,0.05615652296127695,0.07872071117162704,0.07975126802921295,0.07863552123308182,86.0,107.0
identity,0.8909571766853333,0.8819705247879028,0.7413147448641965,0.0,0.015706806282722512,0.02443280977312391,0.0,0.0,0.0017452006980802793,hin_deva-rus_cyrl,hin_deva,rus_cyrl,flores+opus+tatoeba+bouquet,1000mb,10,2290,573,4.71,,,,,,,
procrustes,0.17430178821086884,0.23096095025539398,0.7413147483399484,0.9319371727748691,0.9773123909249564,0.9808027923211169,0.8167539267015707,0.9511343804537522,0.9720767888307156,hin_deva-rus_cyrl,hin_deva,rus_cyrl,flores+opus+tatoeba+bouquet,1000mb,10,2290,573,4.71,,,,,,,
affine,0.07132688909769058,0.1625853031873703,0.7454075223983833,0.9022687609075044,0.9773123909249564,0.9860383944153578,0.7574171029668412,0.912739965095986,0.9528795811518325,hin_deva-rus_cyrl,hin_deva,rus_cyrl,flores+opus+tatoeba+bouquet,1000mb,10,2290,573,4.71,,,,,,,
ridge,0.10845965147018433,0.12358439713716507,0.789898075246815,0.8045375218150087,0.9476439790575916,0.9650959860383944,0.62478184991274,0.8324607329842932,0.8865619546247818,hin_deva-rus_cyrl,hin_deva,rus_cyrl,flores+opus+tatoeba+bouquet,1000mb,10,2290,573,4.71,1000.0,,,,,,
mlp,0.09283806383609772,0.1235877126455307,0.7956838228976362,0.881326352530541,0.9738219895287958,0.9790575916230366,0.7050610820244329,0.893542757417103,0.9336823734729494,hin_deva-rus_cyrl,hin_deva,rus_cyrl,flores+opus+tatoeba+bouquet,1000mb,10,2290,573,4.71,,0.08475606008009477,0.12459243088960648,0.12356696277856827,0.12445694953203201,61.0,82.0
identity,1.2456039190292358,1.2327498197555542,0.7348602615405695,0.0017452006980802793,0.012216404886561954,0.02443280977312391,0.0,0.0,0.005235602094240838,hin_deva-rus_cyrl,hin_deva,rus_cyrl,flores+opus+tatoeba+bouquet,1000mb,11,2290,573,4.58,,,,,,,
procrustes,0.22546784579753876,0.3013455271720886,0.7348602634525653,0.8900523560209425,0.9650959860383944,0.9773123909249564,0.7609075043630017,0.9144851657940664,0.9476439790575916,hin_deva-rus_cyrl,hin_deva,rus_cyrl,flores+opus+tatoeba+bouquet,1000mb,11,2290,573,4.58,,,,,,,
affine,0.09642914682626724,0.22194857895374298,0.7418881984059937,0.8656195462478184,0.9528795811518325,0.9738219895287958,0.7050610820244329,0.8743455497382199,0.9179755671902269,hin_deva-rus_cyrl,hin_deva,rus_cyrl,flores+opus+tatoeba+bouquet,1000mb,11,2290,573,4.58,,,,,,,
ridge,0.14256341755390167,0.16664835810661316,0.7890017791393714,0.7329842931937173,0.8970331588132635,0.9267015706806283,0.5392670157068062,0.7661431064572426,0.8324607329842932,hin_deva-rus_cyrl,hin_deva,rus_cyrl,flores+opus+tatoeba+bouquet,1000mb,11,2290,573,4.58,1000.0,,,,,,
mlp,0.1259201467037201,0.16933278739452362,0.7924158643174887,0.8080279232111692,0.9424083769633508,0.9581151832460733,0.6335078534031413,0.8272251308900523,0.8830715532286213,hin_deva-rus_cyrl,hin_deva,rus_cyrl,flores+opus+tatoeba+bouquet,1000mb,11,2290,573,4.58,,0.11362424741188686,0.16425976157188416,0.16964641213417053,0.16395162045955658,57.0,78.0
identity,2.195164442062378,2.196587324142456,0.7221807801019611,0.0017452006980802793,0.008726003490401396,0.02268760907504363,0.0,0.0,0.0034904013961605585,hin_deva-rus_cyrl,hin_deva,rus_cyrl,flores+opus+tatoeba+bouquet,1000mb,12,2290,573,4.43,,,,,,,
procrustes,0.5199493765830994,0.7173110246658325,0.7221807812033807,0.9057591623036649,0.9755671902268761,0.9860383944153578,0.7766143106457243,0.9354275741710296,0.9668411867364747,hin_deva-rus_cyrl,hin_deva,rus_cyrl,flores+opus+tatoeba+bouquet,1000mb,12,2290,573,4.43,,,,,,,
affine,0.25716423988342285,0.5923025012016296,0.7191534281399441,0.881326352530541,0.9703315881326352,0.9773123909249564,0.7242582897033158,0.9022687609075044,0.9424083769633508,hin_deva-rus_cyrl,hin_deva,rus_cyrl,flores+opus+tatoeba+bouquet,1000mb,12,2290,573,4.43,,,,,,,
ridge,0.3415201008319855,0.43640902638435364,0.7719813850541845,0.8446771378708552,0.9633507853403142,0.9703315881326352,0.699825479930192,0.8743455497382199,0.93717277486911,hin_deva-rus_cyrl,hin_deva,rus_cyrl,flores+opus+tatoeba+bouquet,1000mb,12,2290,573,4.43,1000.0,,,,,,
mlp,0.3302595317363739,0.45262089371681213,0.7712648399460723,0.8481675392670157,0.9581151832460733,0.9720767888307156,0.6684118673647469,0.8656195462478184,0.9319371727748691,hin_deva-rus_cyrl,hin_deva,rus_cyrl,flores+opus+tatoeba+bouquet,1000mb,12,2290,573,4.43,,0.2930520104639458,0.4510437846183777,0.4550250172615051,0.4473695456981659,52.0,73.0
identity,0.00016798025171738118,0.00016641868569422513,0.7050159025618027,0.006980802792321117,0.020942408376963352,0.05410122164048865,0.0017452006980802793,0.006980802792321117,0.008726003490401396,hin_deva-deu_latn,hin_deva,deu_latn,flores+opus+tatoeba+bouquet,1000mb,0,2290,573,4.44,,,,,,,
procrustes,4.620819163392298e-05,6.713652692269534e-05,0.7050159053564535,0.47469458987783597,0.6492146596858639,0.7277486910994765,0.31239092495637,0.5095986038394416,0.5776614310645725,hin_deva-deu_latn,hin_deva,deu_latn,flores+opus+tatoeba+bouquet,1000mb,0,2290,573,4.44,,,,,,,
affine,2.3217895432026125e-05,5.67983188375365e-05,0.6691864341157092,0.38394415357766143,0.5619546247818499,0.6387434554973822,0.23211169284467714,0.3944153577661431,0.4677137870855148,hin_deva-deu_latn,hin_deva,deu_latn,flores+opus+tatoeba+bouquet,1000mb,0,2290,573,4.44,,,,,,,
ridge,3.1321713322540745e-05,3.948168523493223e-05,0.7543887586703576,0.2530541012216405,0.45549738219895286,0.5305410122164049,0.15008726003490402,0.28097731239092494,0.3525305410122164,hin_deva-deu_latn,hin_deva,deu_latn,flores+opus+tatoeba+bouquet,1000mb,0,2290,573,4.44,0.1,,,,,,
mlp,5.611422602669336e-05,5.5491356761194766e-05,0.5529052252756907,0.0017452006980802793,0.008726003490401396,0.017452006980802792,0.0,0.0017452006980802793,0.0017452006980802793,hin_deva-deu_latn,hin_deva,deu_latn,flores+opus+tatoeba+bouquet,1000mb,0,2290,573,4.44,,5.599671468106945e-05,5.7336750614922494e-05,5.5507054639747366e-05,5.730426710215397e-05,50.0,71.0
identity,0.04056568071246147,0.04035253822803497,0.7254197734102988,0.006980802792321117,0.02443280977312391,0.034904013961605584,0.005235602094240838,0.005235602094240838,0.008726003490401396,hin_deva-deu_latn,hin_deva,deu_latn,flores+opus+tatoeba+bouquet,1000mb,1,2290,573,4.23,,,,,,,
procrustes,0.004865534137934446,0.0065513658337295055,0.7254197709692982,0.6858638743455497,0.8656195462478184,0.9075043630017452,0.518324607329843,0.7085514834205934,0.7905759162303665,hin_deva-deu_latn,hin_deva,deu_latn,flores+opus+tatoeba+bouquet,1000mb,1,2290,573,4.23,,,,,,,
affine,0.002290762960910797,0.0055653853341937065,0.7075278650899751,0.6003490401396161,0.7958115183246073,0.8411867364746946,0.42757417102966844,0.6265270506108203,0.7033158813263525,hin_deva-deu_latn,hin_deva,deu_latn,flores+opus+tatoeba+bouquet,1000mb,1,2290,573,4.23,,,,,,,
ridge,0.0032581205014139414,0.00400747312232852,0.7632189207635723,0.49040139616055844,0.675392670157068,0.7521815008726004,0.3193717277486911,0.5165794066317626,0.5794066317626527,hin_deva-deu_latn,hin_deva,deu_latn,flores+opus+tatoeba+bouquet,1000mb,1,2290,573,4.23,10.0,,,,,,
mlp,0.004742015153169632,0.004860590677708387,0.7008393105023382,0.034904013961605584,0.11867364746945899,0.16404886561954624,0.008726003490401396,0.03664921465968586,0.07329842931937172,hin_deva-deu_latn,hin_deva,deu_latn,flores+opus+tatoeba+bouquet,1000mb,1,2290,573,4.23,,0.004766945557838137,0.004694652743637562,0.004859096836298704,0.004691478330641985,45.0,66.0
identity,0.09112966060638428,0.0906008780002594,0.788096037287655,0.0017452006980802793,0.013961605584642234,0.020942408376963352,0.0017452006980802793,0.0017452006980802793,0.0034904013961605585,hin_deva-deu_latn,hin_deva,deu_latn,flores+opus+tatoeba+bouquet,1000mb,2,2290,573,4.56,,,,,,,
procrustes,0.007140400353819132,0.00944115687161684,0.78809603962324,0.806282722513089,0.9336823734729494,0.9650959860383944,0.6544502617801047,0.8481675392670157,0.8970331588132635,hin_deva-deu_latn,hin_deva,deu_latn,flores+opus+tatoeba+bouquet,1000mb,2,2290,573,4.56,,,,,,,
affine,0.003260531695559621,0.0079058688133955,0.7724402720746392,0.7172774869109948,0.8760907504363001,0.9232111692844677,0.5340314136125655,0.7417102966841187,0.8184991273996509,hin_deva-deu_latn,hin_deva,deu_latn,flores+opus+tatoeba+bouquet,1000mb,2,2290,573,4.56,,,,,,,
ridge,0.004516277462244034,0.005738692823797464,0.8211709885922782,0.6509598603839442,0.8446771378708552,0.9109947643979057,0.4816753926701571,0.6980802792321117,0.774869109947644,hin_deva-deu_latn,hin_deva,deu_latn,flores+opus+tatoeba+bouquet,1000mb,2,2290,573,4.56,10.0,,,,,,
mlp,0.006451161578297615,0.006692907307296991,0.7970361159919619,0.15532286212914484,0.29842931937172773,0.38917975567190227,0.06282722513089005,0.14834205933682373,0.21465968586387435,hin_deva-deu_latn,hin_deva,deu_latn,flores+opus+tatoeba+bouquet,1000mb,2,2290,573,4.56,,0.006508443123576316,0.006314047146588564,0.006694009993225336,0.006305835675448179,56.0,77.0
identity,0.13138706982135773,0.13043484091758728,0.7711011580501038,0.0017452006980802793,0.010471204188481676,0.02268760907504363,0.0017452006980802793,0.005235602094240838,0.006980802792321117,hin_deva-deu_latn,hin_deva,deu_latn,flores+opus+tatoeba+bouquet,1000mb,3,2290,573,5.11,,,,,,,
procrustes,0.012313532643020153,0.016231346875429153,0.7711011637339474,0.9022687609075044,0.9738219895287958,0.9842931937172775,0.8027923211169284,0.9301919720767888,0.9581151832460733,hin_deva-deu_latn,hin_deva,deu_latn,flores+opus+tatoeba+bouquet,1000mb,3,2290,573,5.11,,,,,,,
affine,0.005220907274633646,0.012524114921689034,0.7709968230937251,0.787085514834206,0.9144851657940664,0.9458987783595113,0.6073298429319371,0.8115183246073299,0.8603839441535777,hin_deva-deu_latn,hin_deva,deu_latn,flores+opus+tatoeba+bouquet,1000mb,3,2290,573,5.11,,,,,,,
ridge,0.0067387716844677925,0.009199827909469604,0.8185218981607083,0.7993019197207679,0.9232111692844677,0.9511343804537522,0.6492146596858639,0.8307155322862129,0.8778359511343804,hin_deva-deu_latn,hin_deva,deu_latn,flores+opus+tatoeba+bouquet,1000mb,3,2290,573,5.11,10.0,,,,,,
mlp,0.009612230584025383,0.0101399514824152,0.8041488774965694,0.3542757417102967,0.6387434554973822,0.7486910994764397,0.20418848167539266,0.4031413612565445,0.5165794066317626,hin_deva-deu_latn,hin_deva,deu_latn,flores+opus+tatoeba+bouquet,1000mb,3,2290,573,5.11,,0.009584669503524448,0.010100144892930984,0.01015027891844511,0.010074492543935776,73.0,94.0
identity,0.17379648983478546,0.17219333350658417,0.760777393476001,0.0017452006980802793,0.013961605584642234,0.029668411867364748,0.0017452006980802793,0.0034904013961605585,0.005235602094240838,hin_deva-deu_latn,hin_deva,deu_latn,flores+opus+tatoeba+bouquet,1000mb,4,2290,573,5.39,,,,,,,
procrustes,0.01966673508286476,0.026149209588766098,0.7607773892625657,0.9511343804537522,0.987783595113438,0.9947643979057592,0.8586387434554974,0.9650959860383944,0.9808027923211169,hin_deva-deu_latn,hin_deva,deu_latn,flores+opus+tatoeba+bouquet,1000mb,4,2290,573,5.39,,,,,,,
affine,0.008075662888586521,0.019184747710824013,0.7621934659245808,0.8464223385689355,0.9493891797556719,0.9616055846422339,0.6614310645724258,0.8760907504363001,0.9144851657940664,hin_deva-deu_latn,hin_deva,deu_latn,flores+opus+tatoeba+bouquet,1000mb,4,2290,573,5.39,,,,,,,
ridge,0.012164589017629623,0.01413427572697401,0.8118515185522437,0.7469458987783595,0.9040139616055847,0.9389179755671903,0.5636998254799301,0.8010471204188482,0.8638743455497382,hin_deva-deu_latn,hin_deva,deu_latn,flores+opus+tatoeba+bouquet,1000mb,4,2290,573,5.39,100.0,,,,,,
mlp,0.013869066722691059,0.014975913800299168,0.8077827572062576,0.6003490401396161,0.8359511343804538,0.9022687609075044,0.39965095986038396,0.6579406631762653,0.7382198952879581,hin_deva-deu_latn,hin_deva,deu_latn,flores+opus+tatoeba+bouquet,1000mb,4,2290,573,5.39,,0.013798020949417894,0.015014597214758396,0.015000932849943638,0.01498208474367857,83.0,104.0
identity,0.2225455492734909,0.22039209306240082,0.7518826458946928,0.0034904013961605585,0.010471204188481676,0.017452006980802792,0.0,0.005235602094240838,0.005235602094240838,hin_deva-deu_latn,hin_deva,deu_latn,flores+opus+tatoeba+bouquet,1000mb,5,2290,573,7.23,,,,,,,
procrustes,0.028884276747703552,0.039012301713228226,0.751882648548381,0.9581151832460733,0.9947643979057592,0.9965095986038395,0.8760907504363001,0.9703315881326352,0.987783595113438,hin_deva-deu_latn,hin_deva,deu_latn,flores+opus+tatoeba+bouquet,1000mb,5,2290,573,7.23,,,,,,,
affine,0.012455623596906662,0.029391294345259666,0.7540389336987172,0.8691099476439791,0.9738219895287958,0.9808027923211169,0.7242582897033158,0.8865619546247818,0.924956369982548,hin_deva-deu_latn,hin_deva,deu_latn,flores+opus+tatoeba+bouquet,1000mb,5,2290,573,7.23,,,,,,,
ridge,0.017921004444360733,0.02155240625143051,0.8028574074808306,0.8359511343804538,0.9458987783595113,0.9703315881326352,0.6631762652705061,0.8708551483420593,0.912739965095986,hin_deva-deu_latn,hin_deva,deu_latn,flores+opus+tatoeba+bouquet,1000mb,5,2290,573,7.23,100.0,,,,,,
mlp,0.020004460588097572,0.02237730287015438,0.7982944358393945,0.7382198952879581,0.9022687609075044,0.9354275741710296,0.5130890052356021,0.7643979057591623,0.8481675392670157,hin_deva-deu_latn,hin_deva,deu_latn,flores+opus+tatoeba+bouquet,1000mb,5,2290,573,7.23,,0.019757917545961613,0.02303209900856018,0.022403649985790253,0.0229888204485178,145.0,166.0
identity,0.26840540766716003,0.265816330909729,0.7559723713068005,0.0034904013961605585,0.010471204188481676,0.017452006980802792,0.0,0.0017452006980802793,0.006980802792321117,hin_deva-deu_latn,hin_deva,deu_latn,flores+opus+tatoeba+bouquet,1000mb,6,2290,573,8.23,,,,,,,
procrustes,0.03794537112116814,0.051865000277757645,0.7559723709575539,0.9546247818499127,0.9965095986038395,0.9982547993019197,0.8830715532286213,0.9738219895287958,0.9842931937172775,hin_deva-deu_latn,hin_deva,deu_latn,flores+opus+tatoeba+bouquet,1000mb,6,2290,573,8.23,,,,,,,
affine,0.01746252551674843,0.04059213772416115,0.7527088719308664,0.893542757417103,0.9790575916230366,0.9860383944153578,0.7609075043630017,0.9092495636998255,0.9546247818499127,hin_deva-deu_latn,hin_deva,deu_latn,flores+opus+tatoeba+bouquet,1000mb,6,2290,573,8.23,,,,,,,
ridge,0.024239568039774895,0.02969405986368656,0.8013683313965879,0.8603839441535777,0.9738219895287958,0.9808027923211169,0.7207678883071553,0.8952879581151832,0.9354275741710296,hin_deva-deu_latn,hin_deva,deu_latn,flores+opus+tatoeba+bouquet,1000mb,6,2290,573,8.23,100.0,,,,,,
mlp,0.026294248178601265,0.030301354825496674,0.8005002995462273,0.806282722513089,0.9528795811518325,0.9755671902268761,0.6474694589877836,0.8586387434554974,0.9057591623036649,hin_deva-deu_latn,hin_deva,deu_latn,flores+opus+tatoeba+bouquet,1000mb,6,2290,573,8.23,,0.025888350199569355,0.03135337308049202,0.030380237847566605,0.03123841993510723,178.0,199.0
identity,0.34521907567977905,0.34196966886520386,0.7660843165057986,0.0,0.015706806282722512,0.019197207678883072,0.0,0.0017452006980802793,0.006980802792321117,hin_deva-deu_latn,hin_deva,deu_latn,flores+opus+tatoeba+bouquet,1000mb,7,2290,573,8.23,,,,,,,
procrustes,0.053756870329380035,0.07322686910629272,0.7660843253242409,0.9546247818499127,0.9982547993019197,0.9982547993019197,0.8708551483420593,0.9755671902268761,0.9860383944153578,hin_deva-deu_latn,hin_deva,deu_latn,flores+opus+tatoeba+bouquet,1000mb,7,2290,573,8.23,,,,,,,
affine,0.02451242133975029,0.05692385509610176,0.7485575623181375,0.8865619546247818,0.9842931937172775,0.9982547993019197,0.7766143106457243,0.912739965095986,0.9511343804537522,hin_deva-deu_latn,hin_deva,deu_latn,flores+opus+tatoeba+bouquet,1000mb,7,2290,573,8.23,,,,,,,
ridge,0.032715532928705215,0.0415414422750473,0.7998441871377162,0.8830715532286213,0.9825479930191972,0.9947643979057592,0.7696335078534031,0.9162303664921466,0.9406631762652705,hin_deva-deu_latn,hin_deva,deu_latn,flores+opus+tatoeba+bouquet,1000mb,7,2290,573,8.23,100.0,,,,,,
mlp,0.03407370671629906,0.04207458719611168,0.7970245917967123,0.8411867364746946,0.9546247818499127,0.987783595113438,0.675392670157068,0.8848167539267016,0.9267015706806283,hin_deva-deu_latn,hin_deva,deu_latn,flores+opus+tatoeba+bouquet,1000mb,7,2290,573,8.23,,0.03318301622163166,0.04478778317570686,0.04203144088387489,0.0446908213198185,197.0,200.0
identity,0.4503864347934723,0.4468329846858978,0.7593026983575362,0.0,0.006980802792321117,0.015706806282722512,0.0,0.0,0.0,hin_deva-deu_latn,hin_deva,deu_latn,flores+opus+tatoeba+bouquet,1000mb,8,2290,573,5.98,,,,,,,
procrustes,0.0801241397857666,0.10905063152313232,0.7593027049696195,0.9458987783595113,0.9982547993019197,0.9982547993019197,0.8586387434554974,0.9703315881326352,0.9842931937172775,hin_deva-deu_latn,hin_deva,deu_latn,flores+opus+tatoeba+bouquet,1000mb,8,2290,573,5.98,,,,,,,
affine,0.03665647655725479,0.08469327539205551,0.7496863872012692,0.9162303664921466,0.987783595113438,0.9947643979057592,0.7958115183246073,0.9354275741710296,0.9598603839441536,hin_deva-deu_latn,hin_deva,deu_latn,flores+opus+tatoeba+bouquet,1000mb,8,2290,573,5.98,,,,,,,
ridge,0.046716321259737015,0.06243021413683891,0.8028885650319103,0.9075043630017452,0.9912739965095986,0.9965095986038395,0.7958115183246073,0.9301919720767888,0.9616055846422339,hin_deva-deu_latn,hin_deva,deu_latn,flores+opus+tatoeba+bouquet,1000mb,8,2290,573,5.98,100.0,,,,,,
mlp,0.04905017837882042,0.06283415853977203,0.8007643180015215,0.8760907504363001,0.9773123909249564,0.9965095986038395,0.7504363001745201,0.9022687609075044,0.9493891797556719,hin_deva-deu_latn,hin_deva,deu_latn,flores+opus+tatoeba+bouquet,1000mb,8,2290,573,5.98,,0.04692998189817776,0.06223229318857193,0.06286298483610153,0.06220005080103874,104.0,125.0
identity,0.6249294877052307,0.6204632520675659,0.7559015725963936,0.0017452006980802793,0.006980802792321117,0.015706806282722512,0.0,0.0017452006980802793,0.0034904013961605585,hin_deva-deu_latn,hin_deva,deu_latn,flores+opus+tatoeba+bouquet,1000mb,9,2290,573,5.99,,,,,,,
procrustes,0.11477592587471008,0.1543782353401184,0.7559015758611884,0.9406631762652705,0.9895287958115183,0.9982547993019197,0.8429319371727748,0.9598603839441536,0.9790575916230366,hin_deva-deu_latn,hin_deva,deu_latn,flores+opus+tatoeba+bouquet,1000mb,9,2290,573,5.99,,,,,,,
affine,0.048894405364990234,0.11230460554361343,0.7551765612818744,0.924956369982548,0.9808027923211169,0.9930191972076788,0.8080279232111692,0.9319371727748691,0.9633507853403142,hin_deva-deu_latn,hin_deva,deu_latn,flores+opus+tatoeba+bouquet,1000mb,9,2290,573,5.99,,,,,,,
ridge,0.05986107513308525,0.08409105986356735,0.8057680672028229,0.9214659685863874,0.9860383944153578,0.9930191972076788,0.8115183246073299,0.9354275741710296,0.9633507853403142,hin_deva-deu_latn,hin_deva,deu_latn,flores+opus+tatoeba+bouquet,1000mb,9,2290,573,5.99,100.0,,,,,,
mlp,0.06138109788298607,0.08425621688365936,0.803702063890895,0.8970331588132635,0.9808027923211169,0.9930191972076788,0.7766143106457243,0.9162303664921466,0.9511343804537522,hin_deva-deu_latn,hin_deva,deu_latn,flores+opus+tatoeba+bouquet,1000mb,9,2290,573,5.99,,0.05783522129058838,0.08319413661956787,0.08445428311824799,0.0828707367181778,106.0,127.0
identity,0.907890260219574,0.9016484022140503,0.7468712530286874,0.0017452006980802793,0.008726003490401396,0.017452006980802792,0.0017452006980802793,0.0034904013961605585,0.0034904013961605585,hin_deva-deu_latn,hin_deva,deu_latn,flores+opus+tatoeba+bouquet,1000mb,10,2290,573,4.8,,,,,,,
procrustes,0.171502023935318,0.2286040037870407,0.7468712618448577,0.9267015706806283,0.987783595113438,0.9930191972076788,0.8237347294938918,0.9546247818499127,0.9738219895287958,hin_deva-deu_latn,hin_deva,deu_latn,flores+opus+tatoeba+bouquet,1000mb,10,2290,573,4.8,,,,,,,
affine,0.07133475691080093,0.16249656677246094,0.7532958296279363,0.9022687609075044,0.9825479930191972,0.9930191972076788,0.7591623036649214,0.9214659685863874,0.9581151832460733,hin_deva-deu_latn,hin_deva,deu_latn,flores+opus+tatoeba+bouquet,1000mb,10,2290,573,4.8,,,,,,,
ridge,0.10890065133571625,0.12457818537950516,0.7952270389902523,0.7888307155322862,0.9406631762652705,0.9738219895287958,0.5776614310645725,0.8150087260034904,0.8865619546247818,hin_deva-deu_latn,hin_deva,deu_latn,flores+opus+tatoeba+bouquet,1000mb,10,2290,573,4.8,1000.0,,,,,,
mlp,0.0925522968173027,0.12403590977191925,0.8008473959706794,0.8691099476439791,0.9755671902268761,0.9860383944153578,0.7015706806282722,0.900523560209424,0.9424083769633508,hin_deva-deu_latn,hin_deva,deu_latn,flores+opus+tatoeba+bouquet,1000mb,10,2290,573,4.8,,0.08478189959670558,0.1234489232301712,0.12400244176387787,0.12326440960168839,64.0,85.0
identity,1.2460925579071045,1.2405688762664795,0.7378720226094502,0.005235602094240838,0.010471204188481676,0.015706806282722512,0.0017452006980802793,0.005235602094240838,0.006980802792321117,hin_deva-deu_latn,hin_deva,deu_latn,flores+opus+tatoeba+bouquet,1000mb,11,2290,573,4.64,,,,,,,
procrustes,0.23015578091144562,0.30758193135261536,0.7378720203277054,0.8865619546247818,0.9738219895287958,0.987783595113438,0.7591623036649214,0.9319371727748691,0.9511343804537522,hin_deva-deu_latn,hin_deva,deu_latn,flores+opus+tatoeba+bouquet,1000mb,11,2290,573,4.64,,,,,,,
affine,0.09860119968652725,0.2259606570005417,0.7395750710392005,0.8603839441535777,0.9738219895287958,0.9930191972076788,0.6771378708551483,0.9022687609075044,0.9319371727748691,hin_deva-deu_latn,hin_deva,deu_latn,flores+opus+tatoeba+bouquet,1000mb,11,2290,573,4.64,,,,,,,
ridge,0.14599362015724182,0.171714186668396,0.789345030352008,0.731239092495637,0.9109947643979057,0.9458987783595113,0.5235602094240838,0.7574171029668412,0.837696335078534,hin_deva-deu_latn,hin_deva,deu_latn,flores+opus+tatoeba+bouquet,1000mb,11,2290,573,4.64,1000.0,,,,,,
mlp,0.12776929140090942,0.17348945140838623,0.7930529742874219,0.8132635253054101,0.9685863874345549,0.9825479930191972,0.6335078534031413,0.8481675392670157,0.9022687609075044,hin_deva-deu_latn,hin_deva,deu_latn,flores+opus+tatoeba+bouquet,1000mb,11,2290,573,4.64,,0.11628403356581023,0.16717475652694702,0.17396502196788788,0.1666685789823532,59.0,80.0
identity,2.349835157394409,2.3607473373413086,0.7216259415843278,0.005235602094240838,0.010471204188481676,0.017452006980802792,0.0017452006980802793,0.0034904013961605585,0.005235602094240838,hin_deva-deu_latn,hin_deva,deu_latn,flores+opus+tatoeba+bouquet,1000mb,12,2290,573,4.56,,,,,,,
procrustes,0.5282949209213257,0.731540322303772,0.7216259394584064,0.9040139616055847,0.9808027923211169,0.987783595113438,0.7835951134380453,0.9336823734729494,0.956369982547993,hin_deva-deu_latn,hin_deva,deu_latn,flores+opus+tatoeba+bouquet,1000mb,12,2290,573,4.56,,,,,,,
affine,0.2694128453731537,0.6166983842849731,0.7232474110467666,0.8568935427574171,0.9685863874345549,0.9842931937172775,0.675392670157068,0.8900523560209425,0.9319371727748691,hin_deva-deu_latn,hin_deva,deu_latn,flores+opus+tatoeba+bouquet,1000mb,12,2290,573,4.56,,,,,,,
ridge,0.3581494390964508,0.4568205773830414,0.7782264688814582,0.806282722513089,0.9406631762652705,0.9755671902268761,0.62478184991274,0.8446771378708552,0.8952879581151832,hin_deva-deu_latn,hin_deva,deu_latn,flores+opus+tatoeba+bouquet,1000mb,12,2290,573,4.56,1000.0,,,,,,
mlp,0.34141552448272705,0.47333261370658875,0.777940529054353,0.8097731239092496,0.9458987783595113,0.9790575916230366,0.6178010471204188,0.8534031413612565,0.8987783595113438,hin_deva-deu_latn,hin_deva,deu_latn,flores+opus+tatoeba+bouquet,1000mb,12,2290,573,4.56,,0.302990689422145,0.4774007499217987,0.47616761922836304,0.47466352581977844,57.0,78.0
identity,0.00017187958292197436,0.00017033987387549132,0.704767275274186,0.005235602094240838,0.02268760907504363,0.04537521815008726,0.0034904013961605585,0.005235602094240838,0.005235602094240838,hin_deva-jpn_jpan,hin_deva,jpn_jpan,flores+opus+tatoeba+bouquet,1000mb,0,2290,573,4.41,,,,,,,
procrustes,5.5756096116965637e-05,7.926714897621423e-05,0.7047672783215743,0.39092495636998253,0.5933682373472949,0.675392670157068,0.19197207678883071,0.3717277486910995,0.45898778359511344,hin_deva-jpn_jpan,hin_deva,jpn_jpan,flores+opus+tatoeba+bouquet,1000mb,0,2290,573,4.41,,,,,,,
affine,2.8351440050755627e-05,6.852257502032444e-05,0.7115708442121067,0.3856893542757417,0.5951134380453752,0.6858638743455497,0.1849912739965096,0.3717277486910995,0.45200698080279234,hin_deva-jpn_jpan,hin_deva,jpn_jpan,flores+opus+tatoeba+bouquet,1000mb,0,2290,573,4.41,,,,,,,
ridge,3.7973855796735734e-05,4.753629764309153e-05,0.7800723454640511,0.3089005235602094,0.5427574171029669,0.6143106457242583,0.14485165794066318,0.3089005235602094,0.3769633507853403,hin_deva-jpn_jpan,hin_deva,jpn_jpan,flores+opus+tatoeba+bouquet,1000mb,0,2290,573,4.41,0.1,,,,,,
mlp,6.684240361209959e-05,6.602887879125774e-05,0.6062251922115106,0.0017452006980802793,0.008726003490401396,0.017452006980802792,0.0017452006980802793,0.0017452006980802793,0.0017452006980802793,hin_deva-jpn_jpan,hin_deva,jpn_jpan,flores+opus+tatoeba+bouquet,1000mb,0,2290,573,4.41,,6.682097437354086e-05,6.810864579165354e-05,6.604841473745182e-05,6.807001045672223e-05,50.0,71.0
identity,0.03979015722870827,0.039498161524534225,0.7013869787507171,0.0017452006980802793,0.017452006980802792,0.031413612565445025,0.0017452006980802793,0.0017452006980802793,0.0034904013961605585,hin_deva-jpn_jpan,hin_deva,jpn_jpan,flores+opus+tatoeba+bouquet,1000mb,1,2290,573,4.39,,,,,,,
procrustes,0.005765257403254509,0.007619692478328943,0.7013869846131747,0.6404886561954625,0.8342059336823735,0.881326352530541,0.44851657940663175,0.6422338568935427,0.7085514834205934,hin_deva-jpn_jpan,hin_deva,jpn_jpan,flores+opus+tatoeba+bouquet,1000mb,1,2290,573,4.39,,,,,,,
affine,0.002928950358182192,0.007029663771390915,0.6825586373879369,0.5636998254799301,0.7975567190226877,0.8743455497382199,0.3507853403141361,0.5654450261780105,0.6631762652705061,hin_deva-jpn_jpan,hin_deva,jpn_jpan,flores+opus+tatoeba+bouquet,1000mb,1,2290,573,4.39,,,,,,,
ridge,0.004119225777685642,0.005009050015360117,0.7512680212604049,0.5549738219895288,0.7643979057591623,0.8464223385689355,0.3036649214659686,0.5392670157068062,0.62478184991274,hin_deva-jpn_jpan,hin_deva,jpn_jpan,flores+opus+tatoeba+bouquet,1000mb,1,2290,573,4.39,10.0,,,,,,
mlp,0.005794140510261059,0.00589819997549057,0.6937499227729735,0.06631762652705062,0.18673647469458987,0.268760907504363,0.010471204188481676,0.027923211169284468,0.0506108202443281,hin_deva-jpn_jpan,hin_deva,jpn_jpan,flores+opus+tatoeba+bouquet,1000mb,1,2290,573,4.39,,0.005811097382596045,0.0058021824806928635,0.005911576095968485,0.005780019797384739,50.0,71.0
identity,0.08819123357534409,0.08735653758049011,0.7761028958863709,0.005235602094240838,0.013961605584642234,0.02617801047120419,0.0034904013961605585,0.005235602094240838,0.008726003490401396,hin_deva-jpn_jpan,hin_deva,jpn_jpan,flores+opus+tatoeba+bouquet,1000mb,2,2290,573,5.34,,,,,,,
procrustes,0.008646956644952297,0.011121154762804508,0.7761028971496543,0.7190226876090751,0.8917975567190227,0.9267015706806283,0.525305410122164,0.7294938917975567,0.8080279232111692,hin_deva-jpn_jpan,hin_deva,jpn_jpan,flores+opus+tatoeba+bouquet,1000mb,2,2290,573,5.34,,,,,,,
affine,0.004187058657407761,0.009963205084204674,0.7652964225958544,0.6788830715532286,0.8691099476439791,0.9162303664921466,0.43106457242582896,0.6945898778359512,0.7661431064572426,hin_deva-jpn_jpan,hin_deva,jpn_jpan,flores+opus+tatoeba+bouquet,1000mb,2,2290,573,5.34,,,,,,,
ridge,0.005761728156358004,0.007161117158830166,0.8241602157750808,0.6666666666666666,0.8551483420593369,0.9022687609075044,0.42757417102966844,0.6649214659685864,0.7504363001745201,hin_deva-jpn_jpan,hin_deva,jpn_jpan,flores+opus+tatoeba+bouquet,1000mb,2,2290,573,5.34,10.0,,,,,,
mlp,0.007932543754577637,0.008076864294707775,0.8098933300196751,0.2111692844677138,0.45549738219895286,0.5828970331588132,0.04363001745200698,0.16753926701570682,0.26352530541012215,hin_deva-jpn_jpan,hin_deva,jpn_jpan,flores+opus+tatoeba+bouquet,1000mb,2,2290,573,5.34,,0.007972996456153465,0.00790491048246622,0.008080893196165562,0.007901448756456375,82.0,103.0
identity,0.1323174685239792,0.13071796298027039,0.7585449518511089,0.006980802792321117,0.017452006980802792,0.029668411867364748,0.0017452006980802793,0.005235602094240838,0.008726003490401396,hin_deva-jpn_jpan,hin_deva,jpn_jpan,flores+opus+tatoeba+bouquet,1000mb,3,2290,573,5.42,,,,,,,
procrustes,0.014788740314543247,0.019075455144047737,0.758544968936832,0.8097731239092496,0.9424083769633508,0.9738219895287958,0.6631762652705061,0.8481675392670157,0.900523560209424,hin_deva-jpn_jpan,hin_deva,jpn_jpan,flores+opus+tatoeba+bouquet,1000mb,3,2290,573,5.42,,,,,,,
affine,0.006862111389636993,0.01629190519452095,0.75788332728224,0.7382198952879581,0.9040139616055847,0.9493891797556719,0.506108202443281,0.7504363001745201,0.8184991273996509,hin_deva-jpn_jpan,hin_deva,jpn_jpan,flores+opus+tatoeba+bouquet,1000mb,3,2290,573,5.42,,,,,,,
ridge,0.008832409046590328,0.011803393252193928,0.8227321242493818,0.787085514834206,0.924956369982548,0.9633507853403142,0.5759162303664922,0.7835951134380453,0.8551483420593369,hin_deva-jpn_jpan,hin_deva,jpn_jpan,flores+opus+tatoeba+bouquet,1000mb,3,2290,573,5.42,10.0,,,,,,
mlp,0.012101566419005394,0.012527554295957088,0.8170614780513726,0.49040139616055844,0.7626527050610821,0.8342059336823735,0.2268760907504363,0.4869109947643979,0.5986038394415357,hin_deva-jpn_jpan,hin_deva,jpn_jpan,flores+opus+tatoeba+bouquet,1000mb,3,2290,573,5.42,,0.01207055047041539,0.012829139828681946,0.012552892789244652,0.012802728451788425,84.0,105.0
identity,0.17977966368198395,0.17718595266342163,0.7507242151194716,0.0017452006980802793,0.015706806282722512,0.02617801047120419,0.0017452006980802793,0.005235602094240838,0.005235602094240838,hin_deva-jpn_jpan,hin_deva,jpn_jpan,flores+opus+tatoeba+bouquet,1000mb,4,2290,573,6.04,,,,,,,
procrustes,0.02332676388323307,0.03045770339667797,0.7507241945283305,0.8778359511343804,0.9842931937172775,0.9930191972076788,0.7452006980802792,0.9232111692844677,0.9598603839441536,hin_deva-jpn_jpan,hin_deva,jpn_jpan,flores+opus+tatoeba+bouquet,1000mb,4,2290,573,6.04,,,,,,,
affine,0.010684829205274582,0.02505474165081978,0.7508621886730613,0.8184991273996509,0.9546247818499127,0.9720767888307156,0.6195462478184991,0.8534031413612565,0.9109947643979057,hin_deva-jpn_jpan,hin_deva,jpn_jpan,flores+opus+tatoeba+bouquet,1000mb,4,2290,573,6.04,,,,,,,
ridge,0.0160361360758543,0.018074514344334602,0.8155459487421807,0.7678883071553229,0.9389179755671903,0.9685863874345549,0.5636998254799301,0.794066317626527,0.8708551483420593,hin_deva-jpn_jpan,hin_deva,jpn_jpan,flores+opus+tatoeba+bouquet,1000mb,4,2290,573,6.04,100.0,,,,,,
mlp,0.017609553411602974,0.01877204142510891,0.8133335047422505,0.680628272251309,0.9022687609075044,0.9406631762652705,0.4432809773123909,0.7137870855148342,0.8132635253054101,hin_deva-jpn_jpan,hin_deva,jpn_jpan,flores+opus+tatoeba+bouquet,1000mb,4,2290,573,6.04,,0.017544233042633896,0.019461654126644135,0.018819067627191544,0.019364459440112114,106.0,127.0
identity,0.2262628823518753,0.22279560565948486,0.741493611811876,0.0,0.015706806282722512,0.02443280977312391,0.0,0.0017452006980802793,0.006980802792321117,hin_deva-jpn_jpan,hin_deva,jpn_jpan,flores+opus+tatoeba+bouquet,1000mb,5,2290,573,8.32,,,,,,,
procrustes,0.03206798806786537,0.04239382967352867,0.7414936186245615,0.9267015706806283,0.9895287958115183,0.9930191972076788,0.7923211169284468,0.956369982547993,0.9703315881326352,hin_deva-jpn_jpan,hin_deva,jpn_jpan,flores+opus+tatoeba+bouquet,1000mb,5,2290,573,8.32,,,,,,,
affine,0.01381547749042511,0.03239688649773598,0.7569198678564484,0.8411867364746946,0.9616055846422339,0.9755671902268761,0.6369982547993019,0.8708551483420593,0.9301919720767888,hin_deva-jpn_jpan,hin_deva,jpn_jpan,flores+opus+tatoeba+bouquet,1000mb,5,2290,573,8.32,,,,,,,
ridge,0.0199029128998518,0.023268308490514755,0.8192246894112567,0.8254799301919721,0.9668411867364747,0.9808027923211169,0.6544502617801047,0.8586387434554974,0.9144851657940664,hin_deva-jpn_jpan,hin_deva,jpn_jpan,flores+opus+tatoeba+bouquet,1000mb,5,2290,573,8.32,100.0,,,,,,
mlp,0.021358458325266838,0.02384408563375473,0.8172997470745522,0.7486910994764397,0.9319371727748691,0.9668411867364747,0.5340314136125655,0.7853403141361257,0.8656195462478184,hin_deva-jpn_jpan,hin_deva,jpn_jpan,flores+opus+tatoeba+bouquet,1000mb,5,2290,573,8.32,,0.021081188129204693,0.02444159798324108,0.023806212469935417,0.024407371878623962,184.0,200.0
identity,0.274644672870636,0.27079299092292786,0.7405997620511807,0.0034904013961605585,0.012216404886561954,0.02443280977312391,0.0,0.0017452006980802793,0.006980802792321117,hin_deva-jpn_jpan,hin_deva,jpn_jpan,flores+opus+tatoeba+bouquet,1000mb,6,2290,573,8.24,,,,,,,
procrustes,0.040012162178754807,0.05366115644574165,0.7405997822235951,0.9319371727748691,0.9825479930191972,0.9895287958115183,0.8115183246073299,0.9598603839441536,0.9720767888307156,hin_deva-jpn_jpan,hin_deva,jpn_jpan,flores+opus+tatoeba+bouquet,1000mb,6,2290,573,8.24,,,,,,,
affine,0.017155315726995468,0.04009485989809036,0.7578177975109055,0.8568935427574171,0.9703315881326352,0.9773123909249564,0.68760907504363,0.8900523560209425,0.9354275741710296,hin_deva-jpn_jpan,hin_deva,jpn_jpan,flores+opus+tatoeba+bouquet,1000mb,6,2290,573,8.24,,,,,,,
ridge,0.023833584040403366,0.028730325400829315,0.822592836152813,0.8551483420593369,0.9703315881326352,0.9825479930191972,0.6858638743455497,0.8883071553228621,0.9301919720767888,hin_deva-jpn_jpan,hin_deva,jpn_jpan,flores+opus+tatoeba+bouquet,1000mb,6,2290,573,8.24,100.0,,,,,,
mlp,0.025198906660079956,0.029211249202489853,0.8204035171123448,0.7923211169284468,0.9598603839441536,0.9703315881326352,0.5898778359511344,0.8272251308900523,0.900523560209424,hin_deva-jpn_jpan,hin_deva,jpn_jpan,flores+opus+tatoeba+bouquet,1000mb,6,2290,573,8.24,,0.024829174815253777,0.03011428751051426,0.02921191416680813,0.030019069090485573,196.0,200.0
identity,0.37196460366249084,0.36676937341690063,0.7514149103784418,0.0034904013961605585,0.015706806282722512,0.02443280977312391,0.0017452006980802793,0.0034904013961605585,0.005235602094240838,hin_deva-jpn_jpan,hin_deva,jpn_jpan,flores+opus+tatoeba+bouquet,1000mb,7,2290,573,6.38,,,,,,,
procrustes,0.053844671696424484,0.07215730100870132,0.7514149037335287,0.9493891797556719,0.9842931937172775,0.9912739965095986,0.8219895287958116,0.9668411867364747,0.9755671902268761,hin_deva-jpn_jpan,hin_deva,jpn_jpan,flores+opus+tatoeba+bouquet,1000mb,7,2290,573,6.38,,,,,,,
affine,0.023094478994607925,0.053262099623680115,0.7649291635000484,0.8638743455497382,0.9703315881326352,0.9773123909249564,0.6858638743455497,0.893542757417103,0.9406631762652705,hin_deva-jpn_jpan,hin_deva,jpn_jpan,flores+opus+tatoeba+bouquet,1000mb,7,2290,573,6.38,,,,,,,
ridge,0.030767304822802544,0.03829745203256607,0.8226379124438223,0.8760907504363001,0.9773123909249564,0.9842931937172775,0.7260034904013961,0.8970331588132635,0.9493891797556719,hin_deva-jpn_jpan,hin_deva,jpn_jpan,flores+opus+tatoeba+bouquet,1000mb,7,2290,573,6.38,100.0,,,,,,
mlp,0.032318223267793655,0.03873997554183006,0.8187120678565379,0.8342059336823735,0.9633507853403142,0.9842931937172775,0.6509598603839442,0.8673647469458988,0.9162303664921466,hin_deva-jpn_jpan,hin_deva,jpn_jpan,flores+opus+tatoeba+bouquet,1000mb,7,2290,573,6.38,,0.03106329973899957,0.041587214916944504,0.03873948007822037,0.04148489981889725,117.0,138.0
identity,0.499968022108078,0.4938112199306488,0.7419132729200116,0.005235602094240838,0.012216404886561954,0.02443280977312391,0.0017452006980802793,0.0034904013961605585,0.005235602094240838,hin_deva-jpn_jpan,hin_deva,jpn_jpan,flores+opus+tatoeba+bouquet,1000mb,8,2290,573,6.56,,,,,,,
procrustes,0.07881411164999008,0.10631819069385529,0.7419132769518028,0.9458987783595113,0.9790575916230366,0.9842931937172775,0.8394415357766143,0.9598603839441536,0.9703315881326352,hin_deva-jpn_jpan,hin_deva,jpn_jpan,flores+opus+tatoeba+bouquet,1000mb,8,2290,573,6.56,,,,,,,
affine,0.035075508058071136,0.08039037883281708,0.7519283228222438,0.8743455497382199,0.9650959860383944,0.9790575916230366,0.7172774869109948,0.9144851657940664,0.9476439790575916,hin_deva-jpn_jpan,hin_deva,jpn_jpan,flores+opus+tatoeba+bouquet,1000mb,8,2290,573,6.56,,,,,,,
ridge,0.04461836442351341,0.05844245105981827,0.8114655629264147,0.8830715532286213,0.9738219895287958,0.9842931937172775,0.7574171029668412,0.9092495636998255,0.9406631762652705,hin_deva-jpn_jpan,hin_deva,jpn_jpan,flores+opus+tatoeba+bouquet,1000mb,8,2290,573,6.56,100.0,,,,,,
mlp,0.045075371861457825,0.058672402054071426,0.8070961446333016,0.8603839441535777,0.9685863874345549,0.9842931937172775,0.7015706806282722,0.8865619546247818,0.9301919720767888,hin_deva-jpn_jpan,hin_deva,jpn_jpan,flores+opus+tatoeba+bouquet,1000mb,8,2290,573,6.56,,0.04325192511984796,0.05825221538543701,0.05869484692811966,0.05810699611902237,124.0,145.0
identity,0.7431556582450867,0.7331497073173523,0.7357098297570501,0.0,0.008726003490401396,0.020942408376963352,0.0,0.0,0.0034904013961605585,hin_deva-jpn_jpan,hin_deva,jpn_jpan,flores+opus+tatoeba+bouquet,1000mb,9,2290,573,5.67,,,,,,,
procrustes,0.11540648341178894,0.1547420471906662,0.7357098271728517,0.9284467713787086,0.9808027923211169,0.987783595113438,0.8184991273996509,0.9511343804537522,0.9668411867364747,hin_deva-jpn_jpan,hin_deva,jpn_jpan,flores+opus+tatoeba+bouquet,1000mb,9,2290,573,5.67,,,,,,,
affine,0.051675476133823395,0.11662133783102036,0.75445877568787,0.8708551483420593,0.9668411867364747,0.9825479930191972,0.7190226876090751,0.912739965095986,0.9424083769633508,hin_deva-jpn_jpan,hin_deva,jpn_jpan,flores+opus+tatoeba+bouquet,1000mb,9,2290,573,5.67,,,,,,,
ridge,0.06314422935247421,0.08657925575971603,0.8084716699186232,0.8760907504363001,0.9703315881326352,0.9790575916230366,0.7225130890052356,0.9075043630017452,0.9406631762652705,hin_deva-jpn_jpan,hin_deva,jpn_jpan,flores+opus+tatoeba+bouquet,1000mb,9,2290,573,5.67,100.0,,,,,,
mlp,0.0640299841761589,0.08652126044034958,0.8056517770336178,0.8446771378708552,0.9633507853403142,0.9773123909249564,0.6963350785340314,0.8743455497382199,0.924956369982548,hin_deva-jpn_jpan,hin_deva,jpn_jpan,flores+opus+tatoeba+bouquet,1000mb,9,2290,573,5.67,,0.0596594682922869,0.08675622940063477,0.0866921991109848,0.08653860539197922,94.0,115.0
identity,1.1208446025848389,1.105613112449646,0.7254793074039895,0.0,0.005235602094240838,0.015706806282722512,0.0,0.0,0.0,hin_deva-jpn_jpan,hin_deva,jpn_jpan,flores+opus+tatoeba+bouquet,1000mb,10,2290,573,5.0,,,,,,,
procrustes,0.17504754662513733,0.23379069566726685,0.7254793091465829,0.9075043630017452,0.9755671902268761,0.987783595113438,0.7853403141361257,0.9336823734729494,0.9581151832460733,hin_deva-jpn_jpan,hin_deva,jpn_jpan,flores+opus+tatoeba+bouquet,1000mb,10,2290,573,5.0,,,,,,,
affine,0.07971654087305069,0.1787651628255844,0.7486418524204478,0.8429319371727748,0.9476439790575916,0.9790575916230366,0.6910994764397905,0.8848167539267016,0.9179755671902269,hin_deva-jpn_jpan,hin_deva,jpn_jpan,flores+opus+tatoeba+bouquet,1000mb,10,2290,573,5.0,,,,,,,
ridge,0.12103094905614853,0.1357097178697586,0.7909394112465573,0.7050610820244329,0.8865619546247818,0.9301919720767888,0.4781849912739965,0.7556719022687609,0.8411867364746946,hin_deva-jpn_jpan,hin_deva,jpn_jpan,flores+opus+tatoeba+bouquet,1000mb,10,2290,573,5.0,1000.0,,,,,,
mlp,0.09985194355249405,0.13522879779338837,0.7966670938009465,0.8132635253054101,0.9476439790575916,0.9685863874345549,0.6300174520069808,0.8429319371727748,0.9040139616055847,hin_deva-jpn_jpan,hin_deva,jpn_jpan,flores+opus+tatoeba+bouquet,1000mb,10,2290,573,5.0,,0.09071448242122476,0.14007575809955597,0.1354868859052658,0.1394127607345581,72.0,93.0
identity,1.6194310188293457,1.598385214805603,0.7170039387167844,0.0017452006980802793,0.0034904013961605585,0.006980802792321117,0.0,0.0,0.0,hin_deva-jpn_jpan,hin_deva,jpn_jpan,flores+opus+tatoeba+bouquet,1000mb,11,2290,573,4.67,,,,,,,
procrustes,0.2433651089668274,0.3227519989013672,0.7170039366237624,0.893542757417103,0.9703315881326352,0.9842931937172775,0.7766143106457243,0.9197207678883071,0.9406631762652705,hin_deva-jpn_jpan,hin_deva,jpn_jpan,flores+opus+tatoeba+bouquet,1000mb,11,2290,573,4.67,,,,,,,
affine,0.11290036141872406,0.25474271178245544,0.7345018455639291,0.7993019197207679,0.9389179755671903,0.9633507853403142,0.62478184991274,0.8429319371727748,0.8900523560209425,hin_deva-jpn_jpan,hin_deva,jpn_jpan,flores+opus+tatoeba+bouquet,1000mb,11,2290,573,4.67,,,,,,,
ridge,0.1664486825466156,0.1912889927625656,0.7835498749347564,0.6509598603839442,0.8446771378708552,0.9057591623036649,0.4397905759162304,0.6858638743455497,0.7678883071553229,hin_deva-jpn_jpan,hin_deva,jpn_jpan,flores+opus+tatoeba+bouquet,1000mb,11,2290,573,4.67,1000.0,,,,,,
mlp,0.14595651626586914,0.1937645822763443,0.7866425982822803,0.731239092495637,0.924956369982548,0.9458987783595113,0.5305410122164049,0.7766143106457243,0.849912739965096,hin_deva-jpn_jpan,hin_deva,jpn_jpan,flores+opus+tatoeba+bouquet,1000mb,11,2290,573,4.67,,0.1312403137033636,0.196018785238266,0.1940232813358307,0.19553984701633453,60.0,81.0
identity,2.383331298828125,2.3789360523223877,0.7221980636820926,0.0,0.0034904013961605585,0.008726003490401396,0.0,0.0,0.0017452006980802793,hin_deva-jpn_jpan,hin_deva,jpn_jpan,flores+opus+tatoeba+bouquet,1000mb,12,2290,573,4.37,,,,,,,
procrustes,0.537082314491272,0.7317482233047485,0.7221980602900868,0.8883071553228621,0.9720767888307156,0.9808027923211169,0.7504363001745201,0.9197207678883071,0.9511343804537522,hin_deva-jpn_jpan,hin_deva,jpn_jpan,flores+opus+tatoeba+bouquet,1000mb,12,2290,573,4.37,,,,,,,
affine,0.2665883004665375,0.6057388186454773,0.7321097612264581,0.8516579406631762,0.9616055846422339,0.9790575916230366,0.6701570680628273,0.900523560209424,0.9389179755671903,hin_deva-jpn_jpan,hin_deva,jpn_jpan,flores+opus+tatoeba+bouquet,1000mb,12,2290,573,4.37,,,,,,,
ridge,0.35419565439224243,0.44494539499282837,0.7886379941009217,0.8254799301919721,0.9511343804537522,0.9668411867364747,0.6527050610820244,0.8691099476439791,0.9179755671902269,hin_deva-jpn_jpan,hin_deva,jpn_jpan,flores+opus+tatoeba+bouquet,1000mb,12,2290,573,4.37,1000.0,,,,,,
mlp,0.3431846499443054,0.4604884386062622,0.7895528476727199,0.8202443280977313,0.9493891797556719,0.9668411867364747,0.6509598603839442,0.8551483420593369,0.9179755671902269,hin_deva-jpn_jpan,hin_deva,jpn_jpan,flores+opus+tatoeba+bouquet,1000mb,12,2290,573,4.37,,0.3013909648765217,0.4694844186306,0.4628201425075531,0.46670302748680115,50.0,71.0
identity,0.00017626026237849146,0.00017604709137231112,0.715530396146066,0.00646830530401035,0.027166882276843468,0.050452781371280724,0.00258732212160414,0.007761966364812419,0.018111254851228976,fra_latn-rus_cyrl,fra_latn,rus_cyrl,flores+opus+tatoeba+bouquet,1000mb,0,3090,773,6.82,,,,,,,
procrustes,5.0586499128257856e-05,6.908651994308457e-05,0.7155303952116429,0.46959896507115134,0.6248382923673997,0.6752910737386805,0.33764553686934023,0.49805950840879687,0.5769728331177232,fra_latn-rus_cyrl,fra_latn,rus_cyrl,flores+opus+tatoeba+bouquet,1000mb,0,3090,773,6.82,,,,,,,
affine,2.878135273931548e-05,5.366560799302533e-05,0.7474686357879688,0.4346701164294955,0.6080206985769728,0.6830530401034929,0.31953428201811124,0.47347994825355755,0.5485122897800776,fra_latn-rus_cyrl,fra_latn,rus_cyrl,flores+opus+tatoeba+bouquet,1000mb,0,3090,773,6.82,,,,,,,
ridge,3.4673863410716876e-05,4.264275776222348e-05,0.7886902840071934,0.31047865459249674,0.4721862871927555,0.5653298835705045,0.2069857697283312,0.3428201811125485,0.41009055627425617,fra_latn-rus_cyrl,fra_latn,rus_cyrl,flores+opus+tatoeba+bouquet,1000mb,0,3090,773,6.82,0.1,,,,,,
mlp,6.298755761235952e-05,6.251194281503558e-05,0.6596959380125269,0.00129366106080207,0.00646830530401035,0.0129366106080207,0.00129366106080207,0.00258732212160414,0.00517464424320828,fra_latn-rus_cyrl,fra_latn,rus_cyrl,flores+opus+tatoeba+bouquet,1000mb,0,3090,773,6.82,,6.328516445302574e-05,6.0864451370434836e-05,6.252952880458906e-05,6.085363929742016e-05,68.0,89.0
identity,0.0406176932156086,0.040439583361148834,0.7811879113111805,0.00129366106080207,0.01164294954721863,0.02328589909443726,0.0,0.00258732212160414,0.00646830530401035,fra_latn-rus_cyrl,fra_latn,rus_cyrl,flores+opus+tatoeba+bouquet,1000mb,1,3090,773,5.08,,,,,,,
procrustes,0.005452947225421667,0.006665545050054789,0.7811879103225057,0.7218628719275549,0.8706338939197931,0.9133247089262613,0.5769728331177232,0.7684346701164295,0.8266494178525227,fra_latn-rus_cyrl,fra_latn,rus_cyrl,flores+opus+tatoeba+bouquet,1000mb,1,3090,773,5.08,,,,,,,
affine,0.0027017632964998484,0.004982940386980772,0.7777445469103983,0.7218628719275549,0.8602846054333765,0.8952134540750324,0.5459249676584734,0.7360931435963778,0.8059508408796895,fra_latn-rus_cyrl,fra_latn,rus_cyrl,flores+opus+tatoeba+bouquet,1000mb,1,3090,773,5.08,,,,,,,
ridge,0.003453487064689398,0.004024134483188391,0.8121705673319828,0.6015523932729625,0.7943078913324709,0.8447606727037517,0.445019404915912,0.6558861578266494,0.7283311772315654,fra_latn-rus_cyrl,fra_latn,rus_cyrl,flores+opus+tatoeba+bouquet,1000mb,1,3090,773,5.08,10.0,,,,,,
mlp,0.005034188274294138,0.004994792863726616,0.7723206107927322,0.054333764553686936,0.129366106080207,0.20827943078913325,0.018111254851228976,0.05821474773609314,0.08796895213454076,fra_latn-rus_cyrl,fra_latn,rus_cyrl,flores+opus+tatoeba+bouquet,1000mb,1,3090,773,5.08,,0.005054773212495175,0.005113238003104925,0.005000525154173374,0.005101382732391357,27.0,48.0
identity,0.09099660813808441,0.0901133120059967,0.8360927752973838,0.0038809831824062097,0.018111254851228976,0.031047865459249677,0.00258732212160414,0.0038809831824062097,0.007761966364812419,fra_latn-rus_cyrl,fra_latn,rus_cyrl,flores+opus+tatoeba+bouquet,1000mb,2,3090,773,5.47,,,,,,,
procrustes,0.007765129674226046,0.009471888653934002,0.8360927748271401,0.8279430789133247,0.9275549805950841,0.9598965071151359,0.7166882276843467,0.8758085381630013,0.9016817593790427,fra_latn-rus_cyrl,fra_latn,rus_cyrl,flores+opus+tatoeba+bouquet,1000mb,2,3090,773,5.47,,,,,,,
affine,0.0041610971093177795,0.007659709081053734,0.8319629758388376,0.796895213454075,0.908150064683053,0.9379042690815006,0.6494178525226391,0.8266494178525227,0.8667529107373868,fra_latn-rus_cyrl,fra_latn,rus_cyrl,flores+opus+tatoeba+bouquet,1000mb,2,3090,773,5.47,,,,,,,
ridge,0.005231448449194431,0.006218485068529844,0.8631083713860226,0.7516170763260026,0.8848641655886158,0.9301423027166882,0.6183699870633894,0.7852522639068564,0.8421733505821475,fra_latn-rus_cyrl,fra_latn,rus_cyrl,flores+opus+tatoeba+bouquet,1000mb,2,3090,773,5.47,10.0,,,,,,
mlp,0.00742130633443594,0.007407606579363346,0.8536493098857905,0.16170763260025872,0.3648124191461837,0.4760672703751617,0.07373868046571798,0.20051746442432083,0.2742561448900388,fra_latn-rus_cyrl,fra_latn,rus_cyrl,flores+opus+tatoeba+bouquet,1000mb,2,3090,773,5.47,,0.007423947438259016,0.007691041566431522,0.0074174972251057625,0.007678974885493517,37.0,58.0
identity,0.12638986110687256,0.1249355599284172,0.8027672433916485,0.00258732212160414,0.014230271668822769,0.031047865459249677,0.00129366106080207,0.0038809831824062097,0.007761966364812419,fra_latn-rus_cyrl,fra_latn,rus_cyrl,flores+opus+tatoeba+bouquet,1000mb,3,3090,773,6.59,,,,,,,
procrustes,0.011734343133866787,0.014443843625485897,0.8027672343290214,0.908150064683053,0.9676584734799483,0.9831824062095731,0.8085381630012937,0.9314359637774903,0.9495472186287193,fra_latn-rus_cyrl,fra_latn,rus_cyrl,flores+opus+tatoeba+bouquet,1000mb,3,3090,773,6.59,,,,,,,
affine,0.005366734694689512,0.009835828095674515,0.825436699964065,0.8460543337645536,0.9379042690815006,0.9573091849935317,0.7128072445019404,0.869340232858991,0.908150064683053,fra_latn-rus_cyrl,fra_latn,rus_cyrl,flores+opus+tatoeba+bouquet,1000mb,3,3090,773,6.59,,,,,,,
ridge,0.006361393257975578,0.008018451742827892,0.8592047458871203,0.851228978007762,0.9353169469598965,0.9534282018111255,0.7128072445019404,0.8706338939197931,0.9016817593790427,fra_latn-rus_cyrl,fra_latn,rus_cyrl,flores+opus+tatoeba+bouquet,1000mb,3,3090,773,6.59,10.0,,,,,,
mlp,0.009061803109943867,0.009132515639066696,0.8575476435964965,0.36610608020698576,0.6313065976714101,0.7179818887451488,0.1888745148771022,0.3868046571798189,0.49805950840879687,fra_latn-rus_cyrl,fra_latn,rus_cyrl,flores+opus+tatoeba+bouquet,1000mb,3,3090,773,6.59,,0.009050514295019886,0.009548285976052284,0.00914751272648573,0.009535621851682663,64.0,85.0
identity,0.16557829082012177,0.1631903201341629,0.7836123362591416,0.00258732212160414,0.009055627425614488,0.018111254851228976,0.0,0.00258732212160414,0.0038809831824062097,fra_latn-rus_cyrl,fra_latn,rus_cyrl,flores+opus+tatoeba+bouquet,1000mb,4,3090,773,7.79,,,,,,,
procrustes,0.018938729539513588,0.023381536826491356,0.7836123418572418,0.9482535575679172,0.9805950840879689,0.9857697283311773,0.8706338939197931,0.9663648124191462,0.9741267787839586,fra_latn-rus_cyrl,fra_latn,rus_cyrl,flores+opus+tatoeba+bouquet,1000mb,4,3090,773,7.79,,,,,,,
affine,0.007871637120842934,0.014454448595643044,0.8115085245615328,0.9003880983182406,0.9741267787839586,0.9780077619663649,0.7749029754204398,0.9197930142302717,0.9495472186287193,fra_latn-rus_cyrl,fra_latn,rus_cyrl,flores+opus+tatoeba+bouquet,1000mb,4,3090,773,7.79,,,,,,,
ridge,0.010599873960018158,0.011788790114223957,0.8530331438713213,0.8305304010349288,0.9340232858990944,0.9611901681759379,0.6934023285899095,0.8615782664941786,0.908150064683053,fra_latn-rus_cyrl,fra_latn,rus_cyrl,flores+opus+tatoeba+bouquet,1000mb,4,3090,773,7.79,100.0,,,,,,
mlp,0.012446506880223751,0.012892467901110649,0.8489294050892765,0.6183699870633894,0.8421733505821475,0.9029754204398448,0.4191461836998706,0.6636481241914618,0.7490297542043984,fra_latn-rus_cyrl,fra_latn,rus_cyrl,flores+opus+tatoeba+bouquet,1000mb,4,3090,773,7.79,,0.012426447991112416,0.013104052282869816,0.012922228313982487,0.013056144118309021,95.0,116.0
identity,0.199797123670578,0.19693349301815033,0.7886193767131268,0.00129366106080207,0.007761966364812419,0.016817593790426907,0.00129366106080207,0.00129366106080207,0.00517464424320828,fra_latn-rus_cyrl,fra_latn,rus_cyrl,flores+opus+tatoeba+bouquet,1000mb,5,3090,773,7.88,,,,,,,
procrustes,0.02561318315565586,0.032632965594530106,0.7886193901036926,0.9663648124191462,0.9870633893919794,0.9935316946959897,0.906856403622251,0.9741267787839586,0.9805950840879689,fra_latn-rus_cyrl,fra_latn,rus_cyrl,flores+opus+tatoeba+bouquet,1000mb,5,3090,773,7.88,,,,,,,
affine,0.01184706762433052,0.021592427045106888,0.806476124447244,0.9301423027166882,0.9767141009055628,0.9831824062095731,0.8486416558861578,0.9482535575679172,0.9663648124191462,fra_latn-rus_cyrl,fra_latn,rus_cyrl,flores+opus+tatoeba+bouquet,1000mb,5,3090,773,7.88,,,,,,,
ridge,0.01530746091157198,0.017718885093927383,0.8418292555939841,0.906856403622251,0.9754204398447607,0.9793014230271668,0.8085381630012937,0.9353169469598965,0.9573091849935317,fra_latn-rus_cyrl,fra_latn,rus_cyrl,flores+opus+tatoeba+bouquet,1000mb,5,3090,773,7.88,100.0,,,,,,
mlp,0.01781272329390049,0.01899433694779873,0.838907894245597,0.8111254851228978,0.944372574385511,0.9702457956015524,0.648124191461837,0.8486416558861578,0.8965071151358344,fra_latn-rus_cyrl,fra_latn,rus_cyrl,flores+opus+tatoeba+bouquet,1000mb,5,3090,773,7.88,,0.01773816482587294,0.01940138451755047,0.01902190037071705,0.019378775730729103,97.0,118.0
identity,0.24907419085502625,0.2459001988172531,0.7949615956959687,0.00258732212160414,0.01034928848641656,0.02199223803363519,0.0,0.00258732212160414,0.0038809831824062097,fra_latn-rus_cyrl,fra_latn,rus_cyrl,flores+opus+tatoeba+bouquet,1000mb,6,3090,773,9.38,,,,,,,
procrustes,0.03628304600715637,0.04690735414624214,0.794961594128116,0.9702457956015524,0.9909443725743855,0.9922380336351876,0.9197930142302717,0.9805950840879689,0.9857697283311773,fra_latn-rus_cyrl,fra_latn,rus_cyrl,flores+opus+tatoeba+bouquet,1000mb,6,3090,773,9.38,,,,,,,
affine,0.018025780096650124,0.03297678381204605,0.7987214729542031,0.9508408796895214,0.981888745148771,0.9857697283311773,0.8771021992238034,0.9650711513583441,0.9728331177231565,fra_latn-rus_cyrl,fra_latn,rus_cyrl,flores+opus+tatoeba+bouquet,1000mb,6,3090,773,9.38,,,,,,,
ridge,0.022368213161826134,0.026935400441288948,0.8307118380640539,0.9469598965071151,0.981888745148771,0.9870633893919794,0.8796895213454075,0.96248382923674,0.9702457956015524,fra_latn-rus_cyrl,fra_latn,rus_cyrl,flores+opus+tatoeba+bouquet,1000mb,6,3090,773,9.38,100.0,,,,,,
mlp,0.02533506602048874,0.028236547484993935,0.8266759560882215,0.9042690815006468,0.9728331177231565,0.9831824062095731,0.7994825355756792,0.9391979301423027,0.9573091849935317,fra_latn-rus_cyrl,fra_latn,rus_cyrl,flores+opus+tatoeba+bouquet,1000mb,6,3090,773,9.38,,0.025107013738968155,0.02815191261470318,0.028244970366358757,0.028113659471273422,135.0,156.0
identity,0.30678823590278625,0.3035718500614166,0.7900840434871255,0.00258732212160414,0.01034928848641656,0.02069857697283312,0.00129366106080207,0.0038809831824062097,0.00517464424320828,fra_latn-rus_cyrl,fra_latn,rus_cyrl,flores+opus+tatoeba+bouquet,1000mb,7,3090,773,8.0,,,,,,,
procrustes,0.05147693678736687,0.06681918352842331,0.7900840455606332,0.9676584734799483,0.9896507115135834,0.9922380336351876,0.9314359637774903,0.9780077619663649,0.981888745148771,fra_latn-rus_cyrl,fra_latn,rus_cyrl,flores+opus+tatoeba+bouquet,1000mb,7,3090,773,8.0,,,,,,,
affine,0.023790773004293442,0.04335104674100876,0.8011333424796127,0.9586028460543338,0.9831824062095731,0.9909443725743855,0.8771021992238034,0.9676584734799483,0.9767141009055628,fra_latn-rus_cyrl,fra_latn,rus_cyrl,flores+opus+tatoeba+bouquet,1000mb,7,3090,773,8.0,,,,,,,
ridge,0.028375975787639618,0.03560372814536095,0.8302181918909842,0.9560155239327296,0.981888745148771,0.9883570504527813,0.8835705045278137,0.96248382923674,0.9728331177231565,fra_latn-rus_cyrl,fra_latn,rus_cyrl,flores+opus+tatoeba+bouquet,1000mb,7,3090,773,8.0,100.0,,,,,,
mlp,0.03163861483335495,0.03668518364429474,0.8278822330006927,0.9327296248382924,0.9754204398447607,0.9883570504527813,0.8318240620957309,0.944372574385511,0.9611901681759379,fra_latn-rus_cyrl,fra_latn,rus_cyrl,flores+opus+tatoeba+bouquet,1000mb,7,3090,773,8.0,,0.031122821298512546,0.03665151447057724,0.03667980432510376,0.03658690303564072,102.0,123.0
identity,0.39434924721717834,0.3906959593296051,0.7923544080970315,0.00646830530401035,0.014230271668822769,0.02328589909443726,0.00129366106080207,0.0038809831824062097,0.007761966364812419,fra_latn-rus_cyrl,fra_latn,rus_cyrl,flores+opus+tatoeba+bouquet,1000mb,8,3090,773,8.96,,,,,,,
procrustes,0.06859386712312698,0.08908703178167343,0.7923544063519418,0.9715394566623544,0.9909443725743855,0.9935316946959897,0.9340232858990944,0.9754204398447607,0.981888745148771,fra_latn-rus_cyrl,fra_latn,rus_cyrl,flores+opus+tatoeba+bouquet,1000mb,8,3090,773,8.96,,,,,,,
affine,0.03056425042450428,0.055575892329216,0.8081675174546041,0.9598965071151359,0.9883570504527813,0.9935316946959897,0.8990944372574385,0.9663648124191462,0.9780077619663649,fra_latn-rus_cyrl,fra_latn,rus_cyrl,flores+opus+tatoeba+bouquet,1000mb,8,3090,773,8.96,,,,,,,
ridge,0.03530227020382881,0.04604942724108696,0.8337002868965139,0.9534282018111255,0.9883570504527813,0.9883570504527813,0.9042690815006468,0.9676584734799483,0.9741267787839586,fra_latn-rus_cyrl,fra_latn,rus_cyrl,flores+opus+tatoeba+bouquet,1000mb,8,3090,773,8.96,100.0,,,,,,
mlp,0.03798982501029968,0.04676032438874245,0.830972584187535,0.9456662354463131,0.9831824062095731,0.9883570504527813,0.8564036222509702,0.9573091849935317,0.9702457956015524,fra_latn-rus_cyrl,fra_latn,rus_cyrl,flores+opus+tatoeba+bouquet,1000mb,8,3090,773,8.96,,0.03684619162231684,0.048473723232746124,0.0467752180993557,0.04835689440369606,127.0,148.0
identity,0.5589259266853333,0.5537769198417664,0.802106008954086,0.00129366106080207,0.01034928848641656,0.015523932729624839,0.0,0.0,0.0038809831824062097,fra_latn-rus_cyrl,fra_latn,rus_cyrl,flores+opus+tatoeba+bouquet,1000mb,9,3090,773,8.46,,,,,,,
procrustes,0.10120320320129395,0.1304345428943634,0.8021060058764728,0.9715394566623544,0.9909443725743855,0.9935316946959897,0.9301423027166882,0.9767141009055628,0.9857697283311773,fra_latn-rus_cyrl,fra_latn,rus_cyrl,flores+opus+tatoeba+bouquet,1000mb,9,3090,773,8.46,,,,,,,
affine,0.04739128425717354,0.08559828996658325,0.8080300394848894,0.9560155239327296,0.9870633893919794,0.9909443725743855,0.9003880983182406,0.9611901681759379,0.9715394566623544,fra_latn-rus_cyrl,fra_latn,rus_cyrl,flores+opus+tatoeba+bouquet,1000mb,9,3090,773,8.46,,,,,,,
ridge,0.05315854400396347,0.07177195698022842,0.8314126700821279,0.9521345407503234,0.9870633893919794,0.9883570504527813,0.8913324708926261,0.9650711513583441,0.9728331177231565,fra_latn-rus_cyrl,fra_latn,rus_cyrl,flores+opus+tatoeba+bouquet,1000mb,9,3090,773,8.46,100.0,,,,,,
mlp,0.05499154329299927,0.07215844094753265,0.829366022361765,0.944372574385511,0.9844760672703752,0.9870633893919794,0.8602846054333765,0.9573091849935317,0.963777490297542,fra_latn-rus_cyrl,fra_latn,rus_cyrl,flores+opus+tatoeba+bouquet,1000mb,9,3090,773,8.46,,0.05236467414281585,0.07565326988697052,0.0722566694021225,0.07549719512462616,114.0,135.0
identity,0.8033587336540222,0.7968074083328247,0.7987949448927465,0.00258732212160414,0.009055627425614488,0.018111254851228976,0.0,0.0,0.0038809831824062097,fra_latn-rus_cyrl,fra_latn,rus_cyrl,flores+opus+tatoeba+bouquet,1000mb,10,3090,773,7.89,,,,,,,
procrustes,0.140690416097641,0.18139134347438812,0.7987949455343294,0.9715394566623544,0.9909443725743855,0.9909443725743855,0.9288486416558862,0.9754204398447607,0.9870633893919794,fra_latn-rus_cyrl,fra_latn,rus_cyrl,flores+opus+tatoeba+bouquet,1000mb,10,3090,773,7.89,,,,,,,
affine,0.07229512929916382,0.13106368482112885,0.8019206425300663,0.9534282018111255,0.981888745148771,0.9922380336351876,0.8848641655886158,0.9650711513583441,0.9715394566623544,fra_latn-rus_cyrl,fra_latn,rus_cyrl,flores+opus+tatoeba+bouquet,1000mb,10,3090,773,7.89,,,,,,,
ridge,0.07928962260484695,0.11070765554904938,0.8268423373583869,0.9456662354463131,0.981888745148771,0.9857697283311773,0.88745148771022,0.9598965071151359,0.9728331177231565,fra_latn-rus_cyrl,fra_latn,rus_cyrl,flores+opus+tatoeba+bouquet,1000mb,10,3090,773,7.89,100.0,,,,,,
mlp,0.08137299120426178,0.11110764741897583,0.8260063830132095,0.9340232858990944,0.9754204398447607,0.9844760672703752,0.8473479948253557,0.9456662354463131,0.96248382923674,fra_latn-rus_cyrl,fra_latn,rus_cyrl,flores+opus+tatoeba+bouquet,1000mb,10,3090,773,7.89,,0.07642238248478282,0.11267242580652237,0.11125082522630692,0.11240798979997635,100.0,121.0
identity,1.1539725065231323,1.1468478441238403,0.7863410374450427,0.0,0.01164294954721863,0.016817593790426907,0.0,0.0,0.00258732212160414,fra_latn-rus_cyrl,fra_latn,rus_cyrl,flores+opus+tatoeba+bouquet,1000mb,11,3090,773,7.49,,,,,,,
procrustes,0.1840066909790039,0.2364100068807602,0.7863410348274591,0.9573091849935317,0.9870633893919794,0.9922380336351876,0.9003880983182406,0.963777490297542,0.9741267787839586,fra_latn-rus_cyrl,fra_latn,rus_cyrl,flores+opus+tatoeba+bouquet,1000mb,11,3090,773,7.49,,,,,,,
affine,0.09774737805128098,0.17663727700710297,0.7995510891582659,0.9301423027166882,0.9741267787839586,0.981888745148771,0.8499353169469599,0.9456662354463131,0.9586028460543338,fra_latn-rus_cyrl,fra_latn,rus_cyrl,flores+opus+tatoeba+bouquet,1000mb,11,3090,773,7.49,,,,,,,
ridge,0.13028578460216522,0.1499028503894806,0.822607974776369,0.8473479948253557,0.9508408796895214,0.963777490297542,0.703751617076326,0.8796895213454075,0.9120310478654593,fra_latn-rus_cyrl,fra_latn,rus_cyrl,flores+opus+tatoeba+bouquet,1000mb,11,3090,773,7.49,1000.0,,,,,,
mlp,0.10900947451591492,0.1508994847536087,0.8235266032914035,0.9133247089262613,0.9676584734799483,0.9754204398447607,0.8046571798188874,0.926261319534282,0.9482535575679172,fra_latn-rus_cyrl,fra_latn,rus_cyrl,flores+opus+tatoeba+bouquet,1000mb,11,3090,773,7.49,,0.10136068087409843,0.15034346282482147,0.1513228416442871,0.14937934279441833,89.0,110.0
identity,1.9836626052856445,1.9666686058044434,0.78231106883894,0.00258732212160414,0.0038809831824062097,0.014230271668822769,0.0,0.00129366106080207,0.00258732212160414,fra_latn-rus_cyrl,fra_latn,rus_cyrl,flores+opus+tatoeba+bouquet,1000mb,12,3090,773,6.68,,,,,,,
procrustes,0.4281061291694641,0.5604479908943176,0.7823110657076104,0.9547218628719275,0.9883570504527813,0.9922380336351876,0.8913324708926261,0.9663648124191462,0.9767141009055628,fra_latn-rus_cyrl,fra_latn,rus_cyrl,flores+opus+tatoeba+bouquet,1000mb,12,3090,773,6.68,,,,,,,
affine,0.2606508731842041,0.4712057113647461,0.7784639615901081,0.9391979301423027,0.9793014230271668,0.9870633893919794,0.8460543337645536,0.9560155239327296,0.9689521345407504,fra_latn-rus_cyrl,fra_latn,rus_cyrl,flores+opus+tatoeba+bouquet,1000mb,12,3090,773,6.68,,,,,,,
ridge,0.3172479271888733,0.3892579674720764,0.8081558586606034,0.9184993531694696,0.9728331177231565,0.9831824062095731,0.8085381630012937,0.9379042690815006,0.9547218628719275,fra_latn-rus_cyrl,fra_latn,rus_cyrl,flores+opus+tatoeba+bouquet,1000mb,12,3090,773,6.68,1000.0,,,,,,
mlp,0.2934255003929138,0.40404608845710754,0.80553784230927,0.9197930142302717,0.9715394566623544,0.9857697283311773,0.8072445019404916,0.9417852522639069,0.9560155239327296,fra_latn-rus_cyrl,fra_latn,rus_cyrl,flores+opus+tatoeba+bouquet,1000mb,12,3090,773,6.68,,0.2684736918996681,0.39976030588150024,0.4059269428253174,0.3974532186985016,69.0,90.0
identity,0.0001730300864437595,0.00017187012417707592,0.5458306059246131,0.007761966364812419,0.02457956015523933,0.03880983182406209,0.0038809831824062097,0.009055627425614488,0.016817593790426907,fra_latn-deu_latn,fra_latn,deu_latn,flores+opus+tatoeba+bouquet,1000mb,0,3090,773,5.94,,,,,,,
procrustes,5.6899360060924664e-05,7.524772809119895e-05,0.5458306053587749,0.38033635187580855,0.5291073738680466,0.5821474773609314,0.276843467011643,0.4087968952134541,0.4721862871927555,fra_latn-deu_latn,fra_latn,deu_latn,flores+opus+tatoeba+bouquet,1000mb,0,3090,773,5.94,,,,,,,
affine,3.199857383151539e-05,5.833422255818732e-05,0.4820301386081354,0.23544631306597671,0.37904269081500647,0.4540750323415265,0.14359637774902975,0.23673997412677877,0.3078913324708926,fra_latn-deu_latn,fra_latn,deu_latn,flores+opus+tatoeba+bouquet,1000mb,0,3090,773,5.94,,,,,,,
ridge,3.78268159693107e-05,4.572167745209299e-05,0.5737988746564416,0.15782664941785252,0.2936610608020699,0.36222509702457956,0.09055627425614489,0.17335058214747737,0.2147477360931436,fra_latn-deu_latn,fra_latn,deu_latn,flores+opus+tatoeba+bouquet,1000mb,0,3090,773,5.94,0.1,,,,,,
mlp,5.802336454507895e-05,5.697945016436279e-05,0.46793131820653017,0.00129366106080207,0.00646830530401035,0.0129366106080207,0.0,0.0,0.00129366106080207,fra_latn-deu_latn,fra_latn,deu_latn,flores+opus+tatoeba+bouquet,1000mb,0,3090,773,5.94,,5.820428850711323e-05,5.715314546250738e-05,5.698701716028154e-05,5.7142220612149686e-05,47.0,68.0
identity,0.04078879579901695,0.040366705507040024,0.5550092721746277,0.00517464424320828,0.016817593790426907,0.0258732212160414,0.00129366106080207,0.00517464424320828,0.00646830530401035,fra_latn-deu_latn,fra_latn,deu_latn,flores+opus+tatoeba+bouquet,1000mb,1,3090,773,4.98,,,,,,,
procrustes,0.00615115137770772,0.007405874319374561,0.5550092735571712,0.5834411384217335,0.6765847347994826,0.7102199223803364,0.4890038809831824,0.6028460543337646,0.6338939197930142,fra_latn-deu_latn,fra_latn,deu_latn,flores+opus+tatoeba+bouquet,1000mb,1,3090,773,4.98,,,,,,,
affine,0.0032466913107782602,0.005849104840308428,0.4931018449857797,0.39327296248382926,0.5549805950840879,0.6002587322121604,0.2716688227684347,0.4204398447606727,0.48124191461837,fra_latn-deu_latn,fra_latn,deu_latn,flores+opus+tatoeba+bouquet,1000mb,1,3090,773,4.98,,,,,,,
ridge,0.004038933198899031,0.004622803535312414,0.5744716725330555,0.35834411384217335,0.49676584734799484,0.5485122897800776,0.22897800776196636,0.36610608020698576,0.4320827943078913,fra_latn-deu_latn,fra_latn,deu_latn,flores+opus+tatoeba+bouquet,1000mb,1,3090,773,4.98,10.0,,,,,,
mlp,0.005306062288582325,0.00517883338034153,0.5425929950367926,0.014230271668822769,0.04398447606727038,0.07632600258732213,0.0038809831824062097,0.019404915912031046,0.02199223803363519,fra_latn-deu_latn,fra_latn,deu_latn,flores+opus+tatoeba+bouquet,1000mb,1,3090,773,4.98,,0.00531274984082715,0.005433429963886738,0.0051926979795098305,0.005420309957116842,25.0,46.0
identity,0.08736618608236313,0.08617063611745834,0.5880331922374,0.0038809831824062097,0.02069857697283312,0.03234152652005175,0.00129366106080207,0.0038809831824062097,0.009055627425614488,fra_latn-deu_latn,fra_latn,deu_latn,flores+opus+tatoeba+bouquet,1000mb,2,3090,773,5.68,,,,,,,
procrustes,0.009316393174231052,0.010970068164169788,0.5880331903060009,0.6507115135834411,0.7153945666235446,0.7373868046571799,0.5782664941785253,0.666235446313066,0.6895213454075032,fra_latn-deu_latn,fra_latn,deu_latn,flores+opus+tatoeba+bouquet,1000mb,2,3090,773,5.68,,,,,,,
affine,0.004857782274484634,0.008731772191822529,0.5312596784925195,0.45666235446313064,0.5963777490297542,0.648124191461837,0.35446313065976714,0.49547218628719275,0.5446313065976714,fra_latn-deu_latn,fra_latn,deu_latn,flores+opus+tatoeba+bouquet,1000mb,2,3090,773,5.68,,,,,,,
ridge,0.005943139549344778,0.0069785644300282,0.5999093774502283,0.4579560155239327,0.5886157826649417,0.6403622250970246,0.32470892626131953,0.47089262613195343,0.5304010349288486,fra_latn-deu_latn,fra_latn,deu_latn,flores+opus+tatoeba+bouquet,1000mb,2,3090,773,5.68,10.0,,,,,,
mlp,0.0076706078834831715,0.0075842286460101604,0.5988520101073366,0.04398447606727038,0.12289780077619664,0.20439844760672704,0.015523932729624839,0.056921086675291076,0.08020698576972833,fra_latn-deu_latn,fra_latn,deu_latn,flores+opus+tatoeba+bouquet,1000mb,2,3090,773,5.68,,0.007661389525641094,0.008065838366746902,0.007607093080878258,0.00804582517594099,42.0,63.0
identity,0.12481032311916351,0.12301015853881836,0.5777613523756397,0.00258732212160414,0.015523932729624839,0.02328589909443726,0.0,0.00517464424320828,0.009055627425614488,fra_latn-deu_latn,fra_latn,deu_latn,flores+opus+tatoeba+bouquet,1000mb,3,3090,773,5.93,,,,,,,
procrustes,0.015883447602391243,0.018848780542612076,0.577761355777118,0.6985769728331177,0.7360931435963778,0.7464424320827943,0.6377749029754204,0.702457956015524,0.7192755498059509,fra_latn-deu_latn,fra_latn,deu_latn,flores+opus+tatoeba+bouquet,1000mb,3,3090,773,5.93,,,,,,,
affine,0.007883001118898392,0.014182460494339466,0.5260296435996954,0.536869340232859,0.6558861578266494,0.6921086675291074,0.3958602846054334,0.5679172056921087,0.6222509702457956,fra_latn-deu_latn,fra_latn,deu_latn,flores+opus+tatoeba+bouquet,1000mb,3,3090,773,5.93,,,,,,,
ridge,0.010626248084008694,0.011276005767285824,0.6052408938706433,0.3906856403622251,0.5666235446313066,0.6403622250970246,0.258732212160414,0.4178525226390686,0.4799482535575679,fra_latn-deu_latn,fra_latn,deu_latn,flores+opus+tatoeba+bouquet,1000mb,3,3090,773,5.93,100.0,,,,,,
mlp,0.011875570751726627,0.011946395970880985,0.605208859917032,0.15135834411384216,0.3091849935316947,0.4036222509702458,0.0685640362225097,0.16817593790426907,0.240620957309185,fra_latn-deu_latn,fra_latn,deu_latn,flores+opus+tatoeba+bouquet,1000mb,3,3090,773,5.93,,0.01182167276486077,0.012671789154410362,0.011966068297624588,0.012624314986169338,48.0,69.0
identity,0.16857768595218658,0.16571687161922455,0.5763878223376104,0.00258732212160414,0.01034928848641656,0.02457956015523933,0.0,0.00129366106080207,0.007761966364812419,fra_latn-deu_latn,fra_latn,deu_latn,flores+opus+tatoeba+bouquet,1000mb,4,3090,773,8.41,,,,,,,
procrustes,0.025753114372491837,0.031053271144628525,0.5763878322124972,0.7141009055627425,0.7477360931435963,0.7529107373868047,0.6675291073738681,0.7257438551099612,0.7322121604139715,fra_latn-deu_latn,fra_latn,deu_latn,flores+opus+tatoeba+bouquet,1000mb,4,3090,773,8.41,,,,,,,
affine,0.012179176323115826,0.02198178507387638,0.5401460779501501,0.5899094437257438,0.7011642949547219,0.723156532988357,0.47865459249676584,0.6093143596377749,0.6597671410090556,fra_latn-deu_latn,fra_latn,deu_latn,flores+opus+tatoeba+bouquet,1000mb,4,3090,773,8.41,,,,,,,
ridge,0.01575440913438797,0.017400609329342842,0.6074657624793192,0.5407503234152652,0.6727037516170763,0.7076326002587322,0.40620957309184996,0.5769728331177232,0.6261319534282018,fra_latn-deu_latn,fra_latn,deu_latn,flores+opus+tatoeba+bouquet,1000mb,4,3090,773,8.41,100.0,,,,,,
mlp,0.01733514480292797,0.0180119089782238,0.6133106669530459,0.33376455368693403,0.538163001293661,0.6157826649417852,0.18240620957309184,0.38809831824062097,0.4463130659767141,fra_latn-deu_latn,fra_latn,deu_latn,flores+opus+tatoeba+bouquet,1000mb,4,3090,773,8.41,,0.017292046115141024,0.01804203912615776,0.017984546720981598,0.01800641417503357,110.0,131.0
identity,0.2105366736650467,0.20696686208248138,0.5742735247230232,0.0038809831824062097,0.01034928848641656,0.019404915912031046,0.0,0.00129366106080207,0.007761966364812419,fra_latn-deu_latn,fra_latn,deu_latn,flores+opus+tatoeba+bouquet,1000mb,5,3090,773,8.74,,,,,,,
procrustes,0.03611296787858009,0.044739216566085815,0.5742735316195763,0.7244501940491591,0.7451487710219923,0.7516170763260026,0.6765847347994826,0.7257438551099612,0.7360931435963778,fra_latn-deu_latn,fra_latn,deu_latn,flores+opus+tatoeba+bouquet,1000mb,5,3090,773,8.74,,,,,,,
affine,0.018578629940748215,0.03371802344918251,0.5211093448597295,0.6313065976714101,0.7102199223803364,0.7296248382923674,0.5265200517464425,0.6520051746442432,0.6830530401034929,fra_latn-deu_latn,fra_latn,deu_latn,flores+opus+tatoeba+bouquet,1000mb,5,3090,773,8.74,,,,,,,
ridge,0.023230252787470818,0.026651570573449135,0.5984515689513912,0.6170763260025873,0.7179818887451488,0.7309184993531694,0.5019404915912031,0.6429495472186287,0.6688227684346701,fra_latn-deu_latn,fra_latn,deu_latn,flores+opus+tatoeba+bouquet,1000mb,5,3090,773,8.74,100.0,,,,,,
mlp,0.025278504937887192,0.027124732732772827,0.6032146531845295,0.48253557567917205,0.6597671410090556,0.6972833117723156,0.3130659767141009,0.5097024579560155,0.5899094437257438,fra_latn-deu_latn,fra_latn,deu_latn,flores+opus+tatoeba+bouquet,1000mb,5,3090,773,8.74,,0.024982810232110998,0.028795383870601654,0.027100076898932457,0.02875242382287979,119.0,140.0
identity,0.2595198452472687,0.25538069009780884,0.5722687709502993,0.00129366106080207,0.009055627425614488,0.02199223803363519,0.0,0.0,0.00258732212160414,fra_latn-deu_latn,fra_latn,deu_latn,flores+opus+tatoeba+bouquet,1000mb,6,3090,773,9.78,,,,,,,
procrustes,0.0500241182744503,0.06280206888914108,0.5722687702651673,0.7322121604139715,0.7464424320827943,0.7490297542043984,0.6921086675291074,0.7296248382923674,0.7347994825355757,fra_latn-deu_latn,fra_latn,deu_latn,flores+opus+tatoeba+bouquet,1000mb,6,3090,773,9.78,,,,,,,
affine,0.025766482576727867,0.046552084386348724,0.5213877496392625,0.6545924967658473,0.7115135834411385,0.7347994825355757,0.5692108667529108,0.6610608020698577,0.6830530401034929,fra_latn-deu_latn,fra_latn,deu_latn,flores+opus+tatoeba+bouquet,1000mb,6,3090,773,9.78,,,,,,,
ridge,0.03115423582494259,0.037036411464214325,0.5916330066242728,0.6610608020698577,0.7244501940491591,0.7373868046571799,0.5692108667529108,0.6791720569210866,0.702457956015524,fra_latn-deu_latn,fra_latn,deu_latn,flores+opus+tatoeba+bouquet,1000mb,6,3090,773,9.78,100.0,,,,,,
mlp,0.032802194356918335,0.03714541718363762,0.5936633080039673,0.592496765847348,0.6998706338939198,0.7244501940491591,0.4320827943078913,0.6209573091849935,0.6597671410090556,fra_latn-deu_latn,fra_latn,deu_latn,flores+opus+tatoeba+bouquet,1000mb,6,3090,773,9.78,,0.03244874042204835,0.03618994355201721,0.03712185099720955,0.03618213161826134,146.0,167.0
identity,0.3253194987773895,0.3203752040863037,0.5683556450011776,0.00258732212160414,0.01034928848641656,0.02328589909443726,0.0,0.00129366106080207,0.0038809831824062097,fra_latn-deu_latn,fra_latn,deu_latn,flores+opus+tatoeba+bouquet,1000mb,7,3090,773,9.28,,,,,,,
procrustes,0.07301747053861618,0.09219817072153091,0.5683556409119318,0.7296248382923674,0.7464424320827943,0.7477360931435963,0.6934023285899095,0.7335058214747736,0.7399741267787839,fra_latn-deu_latn,fra_latn,deu_latn,flores+opus+tatoeba+bouquet,1000mb,7,3090,773,9.28,,,,,,,
affine,0.03595195710659027,0.06504981964826584,0.5173855304816173,0.6610608020698577,0.7141009055627425,0.7335058214747736,0.5769728331177232,0.6778783958602846,0.6959896507115135,fra_latn-deu_latn,fra_latn,deu_latn,flores+opus+tatoeba+bouquet,1000mb,7,3090,773,9.28,,,,,,,
ridge,0.04203074797987938,0.05221286043524742,0.5848628475714813,0.6739974126778784,0.7257438551099612,0.7386804657179818,0.5899094437257438,0.6921086675291074,0.705045278137128,fra_latn-deu_latn,fra_latn,deu_latn,flores+opus+tatoeba+bouquet,1000mb,7,3090,773,9.28,100.0,,,,,,
mlp,0.042244307696819305,0.05183521285653114,0.5812023921135846,0.6442432082794308,0.7153945666235446,0.7335058214747736,0.5161707632600259,0.6597671410090556,0.6882276843467011,fra_latn-deu_latn,fra_latn,deu_latn,flores+opus+tatoeba+bouquet,1000mb,7,3090,773,9.28,,0.0411081856793978,0.053400132805109024,0.05198320001363754,0.05331451818346977,135.0,156.0
identity,0.4263264834880829,0.42060571908950806,0.5694404724486531,0.00129366106080207,0.015523932729624839,0.029754204398447608,0.0,0.00129366106080207,0.007761966364812419,fra_latn-deu_latn,fra_latn,deu_latn,flores+opus+tatoeba+bouquet,1000mb,8,3090,773,7.43,,,,,,,
procrustes,0.10399959981441498,0.13175097107887268,0.5694404684125125,0.7309184993531694,0.7464424320827943,0.7490297542043984,0.6946959896507116,0.7347994825355757,0.741267787839586,fra_latn-deu_latn,fra_latn,deu_latn,flores+opus+tatoeba+bouquet,1000mb,8,3090,773,7.43,,,,,,,
affine,0.053800396621227264,0.09733281284570694,0.5234349649419805,0.6765847347994826,0.7309184993531694,0.7438551099611902,0.5873221216041398,0.685640362225097,0.7102199223803364,fra_latn-deu_latn,fra_latn,deu_latn,flores+opus+tatoeba+bouquet,1000mb,8,3090,773,7.43,,,,,,,
ridge,0.07307879626750946,0.07873892784118652,0.5818795098936554,0.6015523932729625,0.7089262613195343,0.7283311772315654,0.47089262613195343,0.6313065976714101,0.666235446313066,fra_latn-deu_latn,fra_latn,deu_latn,flores+opus+tatoeba+bouquet,1000mb,8,3090,773,7.43,1000.0,,,,,,
mlp,0.060949187725782394,0.07791028916835785,0.5906150139009505,0.6636481241914618,0.723156532988357,0.7399741267787839,0.5588615782664942,0.6804657179818887,0.7011642949547219,fra_latn-deu_latn,fra_latn,deu_latn,flores+opus+tatoeba+bouquet,1000mb,8,3090,773,7.43,,0.05775408522987908,0.08091121912002563,0.0780649408698082,0.08082203567028046,88.0,109.0
identity,0.5872268080711365,0.5800716876983643,0.5724021145266077,0.00129366106080207,0.0129366106080207,0.03234152652005175,0.0,0.00258732212160414,0.00646830530401035,fra_latn-deu_latn,fra_latn,deu_latn,flores+opus+tatoeba+bouquet,1000mb,9,3090,773,6.4,,,,,,,
procrustes,0.14746670424938202,0.18488574028015137,0.5724021135487417,0.7283311772315654,0.7464424320827943,0.7490297542043984,0.6972833117723156,0.7347994825355757,0.741267787839586,fra_latn-deu_latn,fra_latn,deu_latn,flores+opus+tatoeba+bouquet,1000mb,9,3090,773,6.4,,,,,,,
affine,0.07240790128707886,0.1304541379213333,0.5266290625536206,0.6817593790426908,0.7257438551099612,0.7373868046571799,0.5860284605433377,0.6934023285899095,0.7192755498059509,fra_latn-deu_latn,fra_latn,deu_latn,flores+opus+tatoeba+bouquet,1000mb,9,3090,773,6.4,,,,,,,
ridge,0.09590199589729309,0.10509677976369858,0.5856272672170154,0.6248382923673997,0.7128072445019404,0.7322121604139715,0.5097024579560155,0.6429495472186287,0.684346701164295,fra_latn-deu_latn,fra_latn,deu_latn,flores+opus+tatoeba+bouquet,1000mb,9,3090,773,6.4,1000.0,,,,,,
mlp,0.08150315284729004,0.10501666367053986,0.5921993105611725,0.6623544631306598,0.7218628719275549,0.7386804657179818,0.5588615782664942,0.6882276843467011,0.703751617076326,fra_latn-deu_latn,fra_latn,deu_latn,flores+opus+tatoeba+bouquet,1000mb,9,3090,773,6.4,,0.07601486417380246,0.10319139808416367,0.10531093925237656,0.1027003675699234,62.0,83.0
identity,0.8274888396263123,0.8189844489097595,0.573586571408947,0.00258732212160414,0.015523932729624839,0.028460543337645538,0.00129366106080207,0.00129366106080207,0.00258732212160414,fra_latn-deu_latn,fra_latn,deu_latn,flores+opus+tatoeba+bouquet,1000mb,10,3090,773,5.97,,,,,,,
procrustes,0.20400696992874146,0.2549048066139221,0.5735865688316659,0.7128072445019404,0.7451487710219923,0.7464424320827943,0.684346701164295,0.7257438551099612,0.7335058214747736,fra_latn-deu_latn,fra_latn,deu_latn,flores+opus+tatoeba+bouquet,1000mb,10,3090,773,5.97,,,,,,,
affine,0.10481477528810501,0.1883525252342224,0.5293391012126138,0.6649417852522639,0.723156532988357,0.7335058214747736,0.5523932729624839,0.6714100905562742,0.6985769728331177,fra_latn-deu_latn,fra_latn,deu_latn,flores+opus+tatoeba+bouquet,1000mb,10,3090,773,5.97,,,,,,,
ridge,0.13546231389045715,0.15126225352287292,0.5935120263593432,0.6093143596377749,0.703751617076326,0.7244501940491591,0.4890038809831824,0.6313065976714101,0.6727037516170763,fra_latn-deu_latn,fra_latn,deu_latn,flores+opus+tatoeba+bouquet,1000mb,10,3090,773,5.97,1000.0,,,,,,
mlp,0.11952508985996246,0.15218013525009155,0.6017819835722005,0.6468305304010349,0.7115135834411385,0.7283311772315654,0.5278137128072445,0.6532988357050453,0.6869340232858991,fra_latn-deu_latn,fra_latn,deu_latn,flores+opus+tatoeba+bouquet,1000mb,10,3090,773,5.97,,0.10908469219099391,0.15483061969280243,0.15283741056919098,0.1538030207157135,50.0,71.0
identity,1.168535590171814,1.1584584712982178,0.5624489875915131,0.0038809831824062097,0.01034928848641656,0.02328589909443726,0.00129366106080207,0.00517464424320828,0.00646830530401035,fra_latn-deu_latn,fra_latn,deu_latn,flores+opus+tatoeba+bouquet,1000mb,11,3090,773,5.59,,,,,,,
procrustes,0.2696957588195801,0.33607128262519836,0.5624489926742278,0.7076326002587322,0.7373868046571799,0.7438551099611902,0.6649417852522639,0.7166882276843467,0.7283311772315654,fra_latn-deu_latn,fra_latn,deu_latn,flores+opus+tatoeba+bouquet,1000mb,11,3090,773,5.59,,,,,,,
affine,0.14367350935935974,0.2580075263977051,0.5232980680719552,0.6338939197930142,0.702457956015524,0.7244501940491591,0.5265200517464425,0.6390685640362225,0.6688227684346701,fra_latn-deu_latn,fra_latn,deu_latn,flores+opus+tatoeba+bouquet,1000mb,11,3090,773,5.59,,,,,,,
ridge,0.18228523433208466,0.20740555226802826,0.5901051204079611,0.5575679172056921,0.6765847347994826,0.6946959896507116,0.4230271668822768,0.5821474773609314,0.6351875808538163,fra_latn-deu_latn,fra_latn,deu_latn,flores+opus+tatoeba+bouquet,1000mb,11,3090,773,5.59,1000.0,,,,,,
mlp,0.16782264411449432,0.20980387926101685,0.5959040793502978,0.6015523932729625,0.6869340232858991,0.7089262613195343,0.47347994825355755,0.6222509702457956,0.6571798188874515,fra_latn-deu_latn,fra_latn,deu_latn,flores+opus+tatoeba+bouquet,1000mb,11,3090,773,5.59,,0.15193868767131458,0.20456445217132568,0.2107822597026825,0.20344452559947968,41.0,62.0
identity,2.218625783920288,2.204627513885498,0.554180074900566,0.00258732212160414,0.01164294954721863,0.02328589909443726,0.0,0.0038809831824062097,0.00517464424320828,fra_latn-deu_latn,fra_latn,deu_latn,flores+opus+tatoeba+bouquet,1000mb,12,3090,773,5.39,,,,,,,
procrustes,0.6348409652709961,0.8028566837310791,0.5541800755880675,0.7076326002587322,0.7386804657179818,0.7438551099611902,0.6610608020698577,0.7218628719275549,0.7270375161707633,fra_latn-deu_latn,fra_latn,deu_latn,flores+opus+tatoeba+bouquet,1000mb,12,3090,773,5.39,,,,,,,
affine,0.38168925046920776,0.6875630021095276,0.5135977590981148,0.6442432082794308,0.705045278137128,0.7270375161707633,0.5109961190168176,0.6455368693402329,0.6688227684346701,fra_latn-deu_latn,fra_latn,deu_latn,flores+opus+tatoeba+bouquet,1000mb,12,3090,773,5.39,,,,,,,
ridge,0.45197346806526184,0.5521255731582642,0.5782334535747712,0.6235446313065977,0.6934023285899095,0.7141009055627425,0.48124191461837,0.6274256144890039,0.6636481241914618,fra_latn-deu_latn,fra_latn,deu_latn,flores+opus+tatoeba+bouquet,1000mb,12,3090,773,5.39,1000.0,,,,,,
mlp,0.45442819595336914,0.5630027651786804,0.5828560751646693,0.6015523932729625,0.6882276843467011,0.705045278137128,0.4683053040103493,0.6067270375161707,0.6403622250970246,fra_latn-deu_latn,fra_latn,deu_latn,flores+opus+tatoeba+bouquet,1000mb,12,3090,773,5.39,,0.40531512011181225,0.5620095133781433,0.5660821199417114,0.5585602521896362,35.0,56.0
identity,0.00017576655955053866,0.00017501215916126966,0.7005743879068445,0.013961605584642234,0.031413612565445025,0.04537521815008726,0.0,0.005235602094240838,0.012216404886561954,fra_latn-jpn_jpan,fra_latn,jpn_jpan,flores+opus+tatoeba+bouquet,1000mb,0,2290,573,4.42,,,,,,,
procrustes,5.471790427691303e-05,8.026547584449872e-05,0.7005743883935066,0.31762652705061084,0.5410122164048866,0.631762652705061,0.15532286212914484,0.30017452006980805,0.37521815008726006,fra_latn-jpn_jpan,fra_latn,jpn_jpan,flores+opus+tatoeba+bouquet,1000mb,0,2290,573,4.42,,,,,,,
affine,2.819408655341249e-05,6.810142076574266e-05,0.7169793233677372,0.3647469458987784,0.5916230366492147,0.6788830715532286,0.1762652705061082,0.3507853403141361,0.44502617801047123,fra_latn-jpn_jpan,fra_latn,jpn_jpan,flores+opus+tatoeba+bouquet,1000mb,0,2290,573,4.42,,,,,,,
ridge,3.7641613744199276e-05,4.769018414663151e-05,0.7815211261998237,0.2914485165794066,0.4956369982547993,0.6055846422338569,0.13089005235602094,0.27225130890052357,0.3507853403141361,fra_latn-jpn_jpan,fra_latn,jpn_jpan,flores+opus+tatoeba+bouquet,1000mb,0,2290,573,4.42,0.1,,,,,,
mlp,6.684217078145593e-05,6.60286023048684e-05,0.6326649265576376,0.0017452006980802793,0.008726003490401396,0.017452006980802792,0.0017452006980802793,0.0017452006980802793,0.0017452006980802793,fra_latn-jpn_jpan,fra_latn,jpn_jpan,flores+opus+tatoeba+bouquet,1000mb,0,2290,573,4.42,,6.682095982162564e-05,6.81087767588906e-05,6.604826194234192e-05,6.806971941841766e-05,50.0,71.0
identity,0.04334985092282295,0.04305334389209747,0.7060636490768127,0.0,0.008726003490401396,0.020942408376963352,0.0,0.0017452006980802793,0.005235602094240838,fra_latn-jpn_jpan,fra_latn,jpn_jpan,flores+opus+tatoeba+bouquet,1000mb,1,2290,573,4.31,,,,,,,
procrustes,0.005804937332868576,0.007699822541326284,0.7060636485413548,0.6178010471204188,0.8167539267015707,0.8708551483420593,0.39790575916230364,0.6335078534031413,0.7207678883071553,fra_latn-jpn_jpan,fra_latn,jpn_jpan,flores+opus+tatoeba+bouquet,1000mb,1,2290,573,4.31,,,,,,,
affine,0.0028825735207647085,0.007043330930173397,0.6843670931612282,0.5724258289703316,0.7993019197207679,0.8603839441535777,0.37521815008726006,0.5933682373472949,0.6858638743455497,fra_latn-jpn_jpan,fra_latn,jpn_jpan,flores+opus+tatoeba+bouquet,1000mb,1,2290,573,4.31,,,,,,,
ridge,0.004077363759279251,0.0049957288429141045,0.7523479147021805,0.5392670157068062,0.7696335078534031,0.8254799301919721,0.3228621291448517,0.5654450261780105,0.6474694589877836,fra_latn-jpn_jpan,fra_latn,jpn_jpan,flores+opus+tatoeba+bouquet,1000mb,1,2290,573,4.31,10.0,,,,,,
mlp,0.00571987871080637,0.005856293719261885,0.6976759652029015,0.07504363001745201,0.20593368237347295,0.29668411867364747,0.010471204188481676,0.04363001745200698,0.06980802792321117,fra_latn-jpn_jpan,fra_latn,jpn_jpan,flores+opus+tatoeba+bouquet,1000mb,1,2290,573,4.31,,0.0057304009625857525,0.005711737554520369,0.005853163544088602,0.005693309009075165,47.0,68.0
identity,0.09174171090126038,0.09076602011919022,0.7699347321692941,0.0,0.013961605584642234,0.019197207678883072,0.0,0.0034904013961605585,0.006980802792321117,fra_latn-jpn_jpan,fra_latn,jpn_jpan,flores+opus+tatoeba+bouquet,1000mb,2,2290,573,5.73,,,,,,,
procrustes,0.008627216331660748,0.011200590059161186,0.7699347324182907,0.7137870855148342,0.8795811518324608,0.9301919720767888,0.5078534031413613,0.7277486910994765,0.7923211169284468,fra_latn-jpn_jpan,fra_latn,jpn_jpan,flores+opus+tatoeba+bouquet,1000mb,2,2290,573,5.73,,,,,,,
affine,0.004121443256735802,0.010069241747260094,0.7477174327025605,0.6910994764397905,0.8673647469458988,0.9092495636998255,0.44851657940663175,0.7085514834205934,0.7766143106457243,fra_latn-jpn_jpan,fra_latn,jpn_jpan,flores+opus+tatoeba+bouquet,1000mb,2,2290,573,5.73,,,,,,,
ridge,0.005721332971006632,0.007192185148596764,0.8127730166028138,0.6649214659685864,0.8534031413612565,0.9162303664921466,0.44502617801047123,0.6928446771378709,0.7556719022687609,fra_latn-jpn_jpan,fra_latn,jpn_jpan,flores+opus+tatoeba+bouquet,1000mb,2,2290,573,5.73,10.0,,,,,,
mlp,0.007871998474001884,0.0081117432564497,0.799606181004251,0.2094240837696335,0.4432809773123909,0.5759162303664922,0.04886561954624782,0.17102966841186737,0.2513089005235602,fra_latn-jpn_jpan,fra_latn,jpn_jpan,flores+opus+tatoeba+bouquet,1000mb,2,2290,573,5.73,,0.007943975541627768,0.007940826006233692,0.00812612846493721,0.007898359559476376,94.0,115.0
identity,0.13498744368553162,0.13314901292324066,0.7496763924649483,0.0,0.012216404886561954,0.019197207678883072,0.0,0.0017452006980802793,0.005235602094240838,fra_latn-jpn_jpan,fra_latn,jpn_jpan,flores+opus+tatoeba+bouquet,1000mb,3,2290,573,5.43,,,,,,,
procrustes,0.014407833106815815,0.018850065767765045,0.7496764027101454,0.794066317626527,0.9424083769633508,0.9703315881326352,0.6369982547993019,0.8254799301919721,0.8691099476439791,fra_latn-jpn_jpan,fra_latn,jpn_jpan,flores+opus+tatoeba+bouquet,1000mb,3,2290,573,5.43,,,,,,,
affine,0.006752172484993935,0.016324738040566444,0.7523590901698674,0.7417102966841187,0.9144851657940664,0.9389179755671903,0.5549738219895288,0.7853403141361257,0.8534031413612565,fra_latn-jpn_jpan,fra_latn,jpn_jpan,flores+opus+tatoeba+bouquet,1000mb,3,2290,573,5.43,,,,,,,
ridge,0.008805006742477417,0.011850763112306595,0.8104567250044634,0.7661431064572426,0.9424083769633508,0.9720767888307156,0.5724258289703316,0.7958115183246073,0.8621291448516579,fra_latn-jpn_jpan,fra_latn,jpn_jpan,flores+opus+tatoeba+bouquet,1000mb,3,2290,573,5.43,10.0,,,,,,
mlp,0.012109302915632725,0.01269376277923584,0.8054328692484417,0.45549738219895286,0.7382198952879581,0.8342059336823735,0.19895287958115182,0.45200698080279234,0.5776614310645725,fra_latn-jpn_jpan,fra_latn,jpn_jpan,flores+opus+tatoeba+bouquet,1000mb,3,2290,573,5.43,,0.012072471788886822,0.012707199901342392,0.01269630528986454,0.0126909539103508,84.0,105.0
identity,0.18251706659793854,0.1793791949748993,0.7537006507920478,0.0017452006980802793,0.005235602094240838,0.017452006980802792,0.0,0.0017452006980802793,0.0017452006980802793,fra_latn-jpn_jpan,fra_latn,jpn_jpan,flores+opus+tatoeba+bouquet,1000mb,4,2290,573,6.59,,,,,,,
procrustes,0.022578977048397064,0.029911896213889122,0.75370065056561,0.8778359511343804,0.9825479930191972,0.9912739965095986,0.7661431064572426,0.912739965095986,0.9528795811518325,fra_latn-jpn_jpan,fra_latn,jpn_jpan,flores+opus+tatoeba+bouquet,1000mb,4,2290,573,6.59,,,,,,,
affine,0.01041931938380003,0.02479156292974949,0.7658161015785091,0.8184991273996509,0.9528795811518325,0.9808027923211169,0.6596858638743456,0.8568935427574171,0.912739965095986,fra_latn-jpn_jpan,fra_latn,jpn_jpan,flores+opus+tatoeba+bouquet,1000mb,4,2290,573,6.59,,,,,,,
ridge,0.015935737639665604,0.018182823434472084,0.806529019163756,0.7661431064572426,0.9319371727748691,0.9703315881326352,0.568935427574171,0.8167539267015707,0.8778359511343804,fra_latn-jpn_jpan,fra_latn,jpn_jpan,flores+opus+tatoeba+bouquet,1000mb,4,2290,573,6.59,100.0,,,,,,
mlp,0.01744655892252922,0.01883198507130146,0.8059576987632591,0.6893542757417103,0.8952879581151832,0.944153577661431,0.45898778359511344,0.7277486910994765,0.8184991273996509,fra_latn-jpn_jpan,fra_latn,jpn_jpan,flores+opus+tatoeba+bouquet,1000mb,4,2290,573,6.59,,0.017323329085201927,0.019095752388238907,0.01883256435394287,0.01903361640870571,124.0,145.0
identity,0.21946124732494354,0.21548835933208466,0.7534154622458642,0.0,0.008726003490401396,0.013961605584642234,0.0,0.0,0.0017452006980802793,fra_latn-jpn_jpan,fra_latn,jpn_jpan,flores+opus+tatoeba+bouquet,1000mb,5,2290,573,7.75,,,,,,,
procrustes,0.029583705589175224,0.03996945545077324,0.7534154552406355,0.9057591623036649,0.9825479930191972,0.9930191972076788,0.794066317626527,0.9389179755671903,0.9633507853403142,fra_latn-jpn_jpan,fra_latn,jpn_jpan,flores+opus+tatoeba+bouquet,1000mb,5,2290,573,7.75,,,,,,,
affine,0.013538550585508347,0.03210274502635002,0.7630066525758183,0.837696335078534,0.956369982547993,0.9825479930191972,0.6701570680628273,0.8638743455497382,0.9179755671902269,fra_latn-jpn_jpan,fra_latn,jpn_jpan,flores+opus+tatoeba+bouquet,1000mb,5,2290,573,7.75,,,,,,,
ridge,0.019736142829060555,0.02337431162595749,0.8115015840179072,0.8045375218150087,0.9633507853403142,0.9808027923211169,0.643979057591623,0.8603839441535777,0.9162303664921466,fra_latn-jpn_jpan,fra_latn,jpn_jpan,flores+opus+tatoeba+bouquet,1000mb,5,2290,573,7.75,100.0,,,,,,
mlp,0.02130369283258915,0.023910950869321823,0.8099759002061561,0.7556719022687609,0.9301919720767888,0.9738219895287958,0.568935427574171,0.8027923211169284,0.8830715532286213,fra_latn-jpn_jpan,fra_latn,jpn_jpan,flores+opus+tatoeba+bouquet,1000mb,5,2290,573,7.75,,0.02103551443327557,0.024500615894794464,0.023880450055003166,0.024456294253468513,163.0,184.0
identity,0.269744336605072,0.2649778723716736,0.7598488815840895,0.0017452006980802793,0.008726003490401396,0.019197207678883072,0.0,0.0034904013961605585,0.005235602094240838,fra_latn-jpn_jpan,fra_latn,jpn_jpan,flores+opus+tatoeba+bouquet,1000mb,6,2290,573,6.9,,,,,,,
procrustes,0.038216300308704376,0.052133627235889435,0.7598488847081454,0.93717277486911,0.987783595113438,0.9947643979057592,0.8429319371727748,0.9581151832460733,0.9668411867364747,fra_latn-jpn_jpan,fra_latn,jpn_jpan,flores+opus+tatoeba+bouquet,1000mb,6,2290,573,6.9,,,,,,,
affine,0.016688615083694458,0.0392557792365551,0.7675447711077467,0.8638743455497382,0.9790575916230366,0.9895287958115183,0.7225130890052356,0.8952879581151832,0.9406631762652705,fra_latn-jpn_jpan,fra_latn,jpn_jpan,flores+opus+tatoeba+bouquet,1000mb,6,2290,573,6.9,,,,,,,
ridge,0.023143194615840912,0.02838694490492344,0.8217918229520392,0.8656195462478184,0.9720767888307156,0.987783595113438,0.7137870855148342,0.8952879581151832,0.9267015706806283,fra_latn-jpn_jpan,fra_latn,jpn_jpan,flores+opus+tatoeba+bouquet,1000mb,6,2290,573,6.9,100.0,,,,,,
mlp,0.02496468462049961,0.028834111988544464,0.8207264317830093,0.8219895287958116,0.9598603839441536,0.9860383944153578,0.6457242582897034,0.8691099476439791,0.9162303664921466,fra_latn-jpn_jpan,fra_latn,jpn_jpan,flores+opus+tatoeba+bouquet,1000mb,6,2290,573,6.9,,0.024519488046115093,0.030226951465010643,0.028842464089393616,0.03017127886414528,136.0,157.0
identity,0.34824448823928833,0.3424683213233948,0.7522113534930243,0.0017452006980802793,0.010471204188481676,0.020942408376963352,0.0,0.0034904013961605585,0.005235602094240838,fra_latn-jpn_jpan,fra_latn,jpn_jpan,flores+opus+tatoeba+bouquet,1000mb,7,2290,573,6.34,,,,,,,
procrustes,0.05621480196714401,0.07595055550336838,0.7522113444960699,0.9406631762652705,0.9860383944153578,0.9930191972076788,0.8464223385689355,0.956369982547993,0.9738219895287958,fra_latn-jpn_jpan,fra_latn,jpn_jpan,flores+opus+tatoeba+bouquet,1000mb,7,2290,573,6.34,,,,,,,
affine,0.022366875782608986,0.05255439132452011,0.7729775534998764,0.8516579406631762,0.9650959860383944,0.9860383944153578,0.7050610820244329,0.9109947643979057,0.9424083769633508,fra_latn-jpn_jpan,fra_latn,jpn_jpan,flores+opus+tatoeba+bouquet,1000mb,7,2290,573,6.34,,,,,,,
ridge,0.029577577486634254,0.038012899458408356,0.8249050255851469,0.8691099476439791,0.9668411867364747,0.9842931937172775,0.7294938917975567,0.9179755671902269,0.9389179755671903,fra_latn-jpn_jpan,fra_latn,jpn_jpan,flores+opus+tatoeba+bouquet,1000mb,7,2290,573,6.34,100.0,,,,,,
mlp,0.03102346509695053,0.038245849311351776,0.8241946621831858,0.8202443280977313,0.9650959860383944,0.9808027923211169,0.675392670157068,0.8795811518324608,0.9284467713787086,fra_latn-jpn_jpan,fra_latn,jpn_jpan,flores+opus+tatoeba+bouquet,1000mb,7,2290,573,6.34,,0.02979006211866032,0.04011243209242821,0.03814089298248291,0.04007511958479881,117.0,138.0
identity,0.462054967880249,0.45535197854042053,0.7573880456941785,0.0,0.015706806282722512,0.020942408376963352,0.0,0.0034904013961605585,0.0034904013961605585,fra_latn-jpn_jpan,fra_latn,jpn_jpan,flores+opus+tatoeba+bouquet,1000mb,8,2290,573,6.18,,,,,,,
procrustes,0.07974208146333694,0.10814622044563293,0.7573880469041488,0.9424083769633508,0.987783595113438,0.9912739965095986,0.849912739965096,0.9581151832460733,0.9720767888307156,fra_latn-jpn_jpan,fra_latn,jpn_jpan,flores+opus+tatoeba+bouquet,1000mb,8,2290,573,6.18,,,,,,,
affine,0.03383251652121544,0.07871044427156448,0.7661609322524128,0.8795811518324608,0.9808027923211169,0.9895287958115183,0.7260034904013961,0.9214659685863874,0.9493891797556719,fra_latn-jpn_jpan,fra_latn,jpn_jpan,flores+opus+tatoeba+bouquet,1000mb,8,2290,573,6.18,,,,,,,
ridge,0.042954012751579285,0.0575842410326004,0.8166833677843944,0.8917975567190227,0.9773123909249564,0.9860383944153578,0.7539267015706806,0.9267015706806283,0.9546247818499127,fra_latn-jpn_jpan,fra_latn,jpn_jpan,flores+opus+tatoeba+bouquet,1000mb,8,2290,573,6.18,100.0,,,,,,
mlp,0.04376031458377838,0.05771125108003616,0.8152782785623158,0.8673647469458988,0.9703315881326352,0.9842931937172775,0.7190226876090751,0.900523560209424,0.9354275741710296,fra_latn-jpn_jpan,fra_latn,jpn_jpan,flores+opus+tatoeba+bouquet,1000mb,8,2290,573,6.18,,0.0417863427463806,0.05645890161395073,0.05767316371202469,0.05628502741456032,112.0,133.0
identity,0.6775773763656616,0.6680682897567749,0.7633052507425495,0.0017452006980802793,0.012216404886561954,0.02617801047120419,0.0017452006980802793,0.0017452006980802793,0.006980802792321117,fra_latn-jpn_jpan,fra_latn,jpn_jpan,flores+opus+tatoeba+bouquet,1000mb,9,2290,573,5.55,,,,,,,
procrustes,0.12019071727991104,0.1599777787923813,0.7633052524183417,0.9424083769633508,0.987783595113438,0.9930191972076788,0.8307155322862129,0.9598603839441536,0.9755671902268761,fra_latn-jpn_jpan,fra_latn,jpn_jpan,flores+opus+tatoeba+bouquet,1000mb,9,2290,573,5.55,,,,,,,
affine,0.0498851053416729,0.11511488258838654,0.76571651234847,0.8691099476439791,0.9773123909249564,0.9860383944153578,0.7172774869109948,0.9022687609075044,0.9389179755671903,fra_latn-jpn_jpan,fra_latn,jpn_jpan,flores+opus+tatoeba+bouquet,1000mb,9,2290,573,5.55,,,,,,,
ridge,0.06088359281420708,0.08528266847133636,0.8141779437797757,0.8778359511343804,0.9755671902268761,0.9860383944153578,0.7504363001745201,0.9092495636998255,0.944153577661431,fra_latn-jpn_jpan,fra_latn,jpn_jpan,flores+opus+tatoeba+bouquet,1000mb,9,2290,573,5.55,100.0,,,,,,
mlp,0.06203728914260864,0.08537403494119644,0.8129645664252512,0.8586387434554974,0.9703315881326352,0.9842931937172775,0.7068062827225131,0.8848167539267016,0.9319371727748691,fra_latn-jpn_jpan,fra_latn,jpn_jpan,flores+opus+tatoeba+bouquet,1000mb,9,2290,573,5.55,,0.057542861523953354,0.08549799770116806,0.08565820008516312,0.08517904579639435,91.0,112.0
identity,0.9917863607406616,0.9782248735427856,0.7538028036910004,0.008726003490401396,0.010471204188481676,0.02443280977312391,0.0,0.006980802792321117,0.008726003490401396,fra_latn-jpn_jpan,fra_latn,jpn_jpan,flores+opus+tatoeba+bouquet,1000mb,10,2290,573,4.91,,,,,,,
procrustes,0.1769626885652542,0.23343956470489502,0.7538028068441143,0.9336823734729494,0.9860383944153578,0.9912739965095986,0.8150087260034904,0.9493891797556719,0.9668411867364747,fra_latn-jpn_jpan,fra_latn,jpn_jpan,flores+opus+tatoeba+bouquet,1000mb,10,2290,573,4.91,,,,,,,
affine,0.07696063071489334,0.1757633537054062,0.7572693264292514,0.8429319371727748,0.9633507853403142,0.9842931937172775,0.7068062827225131,0.8795811518324608,0.9197207678883071,fra_latn-jpn_jpan,fra_latn,jpn_jpan,flores+opus+tatoeba+bouquet,1000mb,10,2290,573,4.91,,,,,,,
ridge,0.11809048801660538,0.1327996402978897,0.7968672879893274,0.68760907504363,0.8987783595113438,0.9476439790575916,0.5165794066317626,0.7574171029668412,0.8342059336823735,fra_latn-jpn_jpan,fra_latn,jpn_jpan,flores+opus+tatoeba+bouquet,1000mb,10,2290,573,4.91,1000.0,,,,,,
mlp,0.0994095578789711,0.13325044512748718,0.8041162472231743,0.8010471204188482,0.9389179755671903,0.9738219895287958,0.631762652705061,0.8534031413612565,0.900523560209424,fra_latn-jpn_jpan,fra_latn,jpn_jpan,flores+opus+tatoeba+bouquet,1000mb,10,2290,573,4.91,,0.0908848223361102,0.1361755132675171,0.13319379091262817,0.13572442531585693,68.0,89.0
identity,1.4663922786712646,1.4429762363433838,0.7338114446512719,0.008726003490401396,0.017452006980802792,0.02268760907504363,0.0017452006980802793,0.008726003490401396,0.010471204188481676,fra_latn-jpn_jpan,fra_latn,jpn_jpan,flores+opus+tatoeba+bouquet,1000mb,11,2290,573,5.12,,,,,,,
procrustes,0.2456139624118805,0.3202926218509674,0.7338114585688468,0.9179755671902269,0.9842931937172775,0.9895287958115183,0.7958115183246073,0.9406631762652705,0.9650959860383944,fra_latn-jpn_jpan,fra_latn,jpn_jpan,flores+opus+tatoeba+bouquet,1000mb,11,2290,573,5.12,,,,,,,
affine,0.10936009138822556,0.24881611764431,0.7503539608388354,0.806282722513089,0.9528795811518325,0.9755671902268761,0.6422338568935427,0.8534031413612565,0.9057591623036649,fra_latn-jpn_jpan,fra_latn,jpn_jpan,flores+opus+tatoeba+bouquet,1000mb,11,2290,573,5.12,,,,,,,
ridge,0.16303136944770813,0.18707729876041412,0.7898064970304406,0.6509598603839442,0.8603839441535777,0.9162303664921466,0.4467713787085515,0.7137870855148342,0.7975567190226877,fra_latn-jpn_jpan,fra_latn,jpn_jpan,flores+opus+tatoeba+bouquet,1000mb,11,2290,573,5.12,1000.0,,,,,,
mlp,0.1362229585647583,0.1903962343931198,0.791191683411707,0.7504363001745201,0.9301919720767888,0.9528795811518325,0.5567190226876091,0.7923211169284468,0.8673647469458988,fra_latn-jpn_jpan,fra_latn,jpn_jpan,flores+opus+tatoeba+bouquet,1000mb,11,2290,573,5.12,,0.12357799279870409,0.1896921992301941,0.1909503936767578,0.1886543333530426,76.0,97.0
identity,2.1391398906707764,2.128389596939087,0.747487277451932,0.005235602094240838,0.015706806282722512,0.02617801047120419,0.0,0.0034904013961605585,0.012216404886561954,fra_latn-jpn_jpan,fra_latn,jpn_jpan,flores+opus+tatoeba+bouquet,1000mb,12,2290,573,4.61,,,,,,,
procrustes,0.4777332842350006,0.653904378414154,0.7474872758892438,0.912739965095986,0.9842931937172775,0.9912739965095986,0.7591623036649214,0.9336823734729494,0.9633507853403142,fra_latn-jpn_jpan,fra_latn,jpn_jpan,flores+opus+tatoeba+bouquet,1000mb,12,2290,573,4.61,,,,,,,
affine,0.2588365375995636,0.5870311260223389,0.7503208801248931,0.849912739965096,0.9703315881326352,0.9930191972076788,0.680628272251309,0.8865619546247818,0.9301919720767888,fra_latn-jpn_jpan,fra_latn,jpn_jpan,flores+opus+tatoeba+bouquet,1000mb,12,2290,573,4.61,,,,,,,
ridge,0.3482169508934021,0.4328308403491974,0.7971508981162179,0.8184991273996509,0.9598603839441536,0.9825479930191972,0.6492146596858639,0.8568935427574171,0.9109947643979057,fra_latn-jpn_jpan,fra_latn,jpn_jpan,flores+opus+tatoeba+bouquet,1000mb,12,2290,573,4.61,1000.0,,,,,,
mlp,0.32944971323013306,0.4505619406700134,0.795535352714927,0.8219895287958116,0.956369982547993,0.9860383944153578,0.6387434554973822,0.8586387434554974,0.9109947643979057,fra_latn-jpn_jpan,fra_latn,jpn_jpan,flores+opus+tatoeba+bouquet,1000mb,12,2290,573,4.61,,0.2932617510810043,0.45754575729370117,0.4529237747192383,0.45532432198524475,58.0,79.0
identity,0.00015132276166696101,0.000152677865116857,0.5489305402899265,0.008915304606240713,0.0237741456166419,0.04309063893016345,0.0,0.005943536404160475,0.01188707280832095,rus_cyrl-deu_latn,rus_cyrl,deu_latn,flores+opus+tatoeba+bouquet,1000mb,0,2690,673,5.31,,,,,,,
procrustes,5.523352592717856e-05,7.74465806898661e-05,0.5489305389165525,0.512630014858841,0.6448736998514116,0.6953937592867756,0.37295690936106984,0.5274888558692422,0.5794947994056464,rus_cyrl-deu_latn,rus_cyrl,deu_latn,flores+opus+tatoeba+bouquet,1000mb,0,2690,673,5.31,,,,,,,
affine,2.943539402622264e-05,5.905111174797639e-05,0.5079242680107356,0.28083209509658247,0.4427934621099554,0.5230312035661219,0.15601783060921248,0.30906389301634474,0.37147102526002973,rus_cyrl-deu_latn,rus_cyrl,deu_latn,flores+opus+tatoeba+bouquet,1000mb,0,2690,673,5.31,,,,,,,
ridge,3.53360446752049e-05,4.519346839515492e-05,0.5862390928320957,0.22436849925705796,0.3922734026745914,0.475482912332838,0.1337295690936107,0.2540861812778603,0.3150074294205052,rus_cyrl-deu_latn,rus_cyrl,deu_latn,flores+opus+tatoeba+bouquet,1000mb,0,2690,673,5.31,0.1,,,,,,
mlp,5.756879545515403e-05,5.7932978961616755e-05,0.3877334166458129,0.0014858841010401188,0.007429420505200594,0.014858841010401188,0.0,0.0014858841010401188,0.005943536404160475,rus_cyrl-deu_latn,rus_cyrl,deu_latn,flores+opus+tatoeba+bouquet,1000mb,0,2690,673,5.31,,5.761461139436027e-05,5.7615849073044956e-05,5.7926987210521474e-05,5.7609246141510084e-05,55.0,76.0
identity,0.03651526942849159,0.036502037197351456,0.5908937509623325,0.0029717682020802376,0.020802377414561663,0.0237741456166419,0.0,0.0029717682020802376,0.004457652303120356,rus_cyrl-deu_latn,rus_cyrl,deu_latn,flores+opus+tatoeba+bouquet,1000mb,1,2690,673,4.3,,,,,,,
procrustes,0.005875743459910154,0.007354035973548889,0.5908937521999599,0.7265973254086181,0.8053491827637445,0.8231797919762258,0.6047548291233283,0.7563150074294205,0.7771173848439822,rus_cyrl-deu_latn,rus_cyrl,deu_latn,flores+opus+tatoeba+bouquet,1000mb,1,2690,673,4.3,,,,,,,
affine,0.0029421800281852484,0.005864787846803665,0.5223234155503131,0.4457652303120357,0.6404160475482912,0.6939078751857355,0.3224368499257058,0.5037147102526003,0.5735512630014858,rus_cyrl-deu_latn,rus_cyrl,deu_latn,flores+opus+tatoeba+bouquet,1000mb,1,2690,673,4.3,,,,,,,
ridge,0.003793898271396756,0.004496634937822819,0.6014616818331199,0.3967310549777117,0.5943536404160475,0.6582466567607727,0.2838038632986627,0.45170876671619614,0.5170876671619614,rus_cyrl-deu_latn,rus_cyrl,deu_latn,flores+opus+tatoeba+bouquet,1000mb,1,2690,673,4.3,10.0,,,,,,
mlp,0.005169872660189867,0.0051696510054171085,0.5507958930648023,0.017830609212481426,0.05943536404160475,0.11292719167904904,0.007429420505200594,0.0237741456166419,0.03268945022288262,rus_cyrl-deu_latn,rus_cyrl,deu_latn,flores+opus+tatoeba+bouquet,1000mb,1,2690,673,4.3,,0.005146405757649949,0.005615659989416599,0.005175969563424587,0.005600155331194401,27.0,48.0
identity,0.08343983441591263,0.08308076858520508,0.6225283565031884,0.0029717682020802376,0.007429420505200594,0.020802377414561663,0.0,0.0029717682020802376,0.0029717682020802376,rus_cyrl-deu_latn,rus_cyrl,deu_latn,flores+opus+tatoeba+bouquet,1000mb,2,2690,673,5.39,,,,,,,
procrustes,0.009106576442718506,0.01118569914251566,0.6225283623110811,0.7563150074294205,0.8187221396731055,0.8395245170876672,0.6597325408618128,0.7652303120356612,0.7934621099554234,rus_cyrl-deu_latn,rus_cyrl,deu_latn,flores+opus+tatoeba+bouquet,1000mb,2,2690,673,5.39,,,,,,,
affine,0.004445422440767288,0.008804271928966045,0.552534213121226,0.5319465081723626,0.6909361069836553,0.7399702823179792,0.38781575037147104,0.563150074294205,0.6166419019316494,rus_cyrl-deu_latn,rus_cyrl,deu_latn,flores+opus+tatoeba+bouquet,1000mb,2,2690,673,5.39,,,,,,,
ridge,0.005546320229768753,0.006779151037335396,0.6277693896249439,0.5304606240713224,0.7057949479940565,0.7548291233283804,0.399702823179792,0.5809806835066865,0.6315007429420505,rus_cyrl-deu_latn,rus_cyrl,deu_latn,flores+opus+tatoeba+bouquet,1000mb,2,2690,673,5.39,10.0,,,,,,
mlp,0.00748478015884757,0.0075250668451189995,0.6163628979048178,0.06835066864784546,0.19316493313521546,0.2659732540861813,0.031203566121842496,0.0713224368499257,0.11738484398216939,rus_cyrl-deu_latn,rus_cyrl,deu_latn,flores+opus+tatoeba+bouquet,1000mb,2,2690,673,5.39,,0.007500081433375415,0.00755776884034276,0.00750188622623682,0.007521872408688068,58.0,79.0
identity,0.11617030203342438,0.11560516059398651,0.6189918876954934,0.0,0.010401188707280832,0.022288261515601784,0.0,0.0,0.0,rus_cyrl-deu_latn,rus_cyrl,deu_latn,flores+opus+tatoeba+bouquet,1000mb,3,2690,673,6.79,,,,,,,
procrustes,0.013118527829647064,0.01614566147327423,0.6189918923559492,0.7696879643387816,0.8291233283803864,0.8439821693907875,0.674591381872214,0.7815750371471025,0.8112927191679049,rus_cyrl-deu_latn,rus_cyrl,deu_latn,flores+opus+tatoeba+bouquet,1000mb,3,2690,673,6.79,,,,,,,
affine,0.007197558414191008,0.014183278195559978,0.5720247079164564,0.5661218424962853,0.7414561664190193,0.7786032689450223,0.4650817236255572,0.6092124814264487,0.6523031203566122,rus_cyrl-deu_latn,rus_cyrl,deu_latn,flores+opus+tatoeba+bouquet,1000mb,3,2690,673,6.79,,,,,,,
ridge,0.010387230664491653,0.01109084952622652,0.6298924466289922,0.4086181277860327,0.6210995542347697,0.7057949479940565,0.27340267459138184,0.4635958395245171,0.5527488855869243,rus_cyrl-deu_latn,rus_cyrl,deu_latn,flores+opus+tatoeba+bouquet,1000mb,3,2690,673,6.79,100.0,,,,,,
mlp,0.011632950976490974,0.011900187470018864,0.6240029880144484,0.16047548291233285,0.3774145616641902,0.4799405646359584,0.07429420505200594,0.21099554234769688,0.28826151560178304,rus_cyrl-deu_latn,rus_cyrl,deu_latn,flores+opus+tatoeba+bouquet,1000mb,3,2690,673,6.79,,0.011700644059792945,0.011493531987071037,0.011933578178286552,0.01146724447607994,98.0,119.0
identity,0.14803440868854523,0.14740124344825745,0.623748901802386,0.0014858841010401188,0.008915304606240713,0.0237741456166419,0.0,0.0,0.0014858841010401188,rus_cyrl-deu_latn,rus_cyrl,deu_latn,flores+opus+tatoeba+bouquet,1000mb,4,2690,673,6.5,,,,,,,
procrustes,0.019473254680633545,0.0243102815002203,0.6237489095092039,0.787518573551263,0.8424962852897474,0.8558692421991084,0.7147102526002972,0.8053491827637445,0.8231797919762258,rus_cyrl-deu_latn,rus_cyrl,deu_latn,flores+opus+tatoeba+bouquet,1000mb,4,2690,673,6.5,,,,,,,
affine,0.010915580205619335,0.021875547245144844,0.579944040019744,0.6597325408618128,0.7845468053491828,0.8142644873699851,0.5200594353640416,0.6760772659732541,0.7295690936106983,rus_cyrl-deu_latn,rus_cyrl,deu_latn,flores+opus+tatoeba+bouquet,1000mb,4,2690,673,6.5,,,,,,,
ridge,0.015381887555122375,0.016973741352558136,0.6389436127762843,0.563150074294205,0.736998514115899,0.7830609212481426,0.4234769687964339,0.612184249628529,0.6805349182763745,rus_cyrl-deu_latn,rus_cyrl,deu_latn,flores+opus+tatoeba+bouquet,1000mb,4,2690,673,6.5,100.0,,,,,,
mlp,0.016994722187519073,0.017909256741404533,0.6370838169439028,0.3655274888558692,0.5735512630014858,0.6567607726597325,0.19316493313521546,0.3967310549777117,0.4814264487369985,rus_cyrl-deu_latn,rus_cyrl,deu_latn,flores+opus+tatoeba+bouquet,1000mb,4,2690,673,6.5,,0.0169999041398497,0.017748506739735603,0.017997078597545624,0.017676429823040962,90.0,111.0
identity,0.1857350617647171,0.1852039396762848,0.6257600070240141,0.0014858841010401188,0.010401188707280832,0.022288261515601784,0.0,0.0014858841010401188,0.0014858841010401188,rus_cyrl-deu_latn,rus_cyrl,deu_latn,flores+opus+tatoeba+bouquet,1000mb,5,2690,673,6.09,,,,,,,
procrustes,0.028868401423096657,0.03662455454468727,0.6257600057933227,0.8172362555720654,0.8558692421991084,0.8603268945022289,0.7667161961367014,0.8231797919762258,0.836552748885587,rus_cyrl-deu_latn,rus_cyrl,deu_latn,flores+opus+tatoeba+bouquet,1000mb,5,2690,673,6.09,,,,,,,
affine,0.016365328803658485,0.03263924643397331,0.5863979486820331,0.7206537890044576,0.8202080237741456,0.836552748885587,0.5973254086181278,0.7622585438335809,0.7904903417533432,rus_cyrl-deu_latn,rus_cyrl,deu_latn,flores+opus+tatoeba+bouquet,1000mb,5,2690,673,6.09,,,,,,,
ridge,0.022171497344970703,0.02533360756933689,0.6399357321893904,0.6894502228826151,0.8038632986627043,0.8246656760772659,0.5542347696879644,0.7191679049034175,0.7756315007429421,rus_cyrl-deu_latn,rus_cyrl,deu_latn,flores+opus+tatoeba+bouquet,1000mb,5,2690,673,6.09,100.0,,,,,,
mlp,0.024330323562026024,0.026372939348220825,0.6404954318433862,0.5274888558692422,0.7340267459138187,0.7800891530460624,0.35066864784546803,0.5824665676077266,0.6671619613670133,rus_cyrl-deu_latn,rus_cyrl,deu_latn,flores+opus+tatoeba+bouquet,1000mb,5,2690,673,6.09,,0.02411106155302964,0.02653660625219345,0.026398472487926483,0.02647673338651657,78.0,99.0
identity,0.22578924894332886,0.22554241120815277,0.6318621878849043,0.0,0.008915304606240713,0.014858841010401188,0.0,0.0,0.004457652303120356,rus_cyrl-deu_latn,rus_cyrl,deu_latn,flores+opus+tatoeba+bouquet,1000mb,6,2690,673,7.07,,,,,,,
procrustes,0.04058857634663582,0.052612997591495514,0.6318621845462974,0.8306092124814265,0.8603268945022289,0.8603268945022289,0.787518573551263,0.8380386329866271,0.8528974739970282,rus_cyrl-deu_latn,rus_cyrl,deu_latn,flores+opus+tatoeba+bouquet,1000mb,6,2690,673,7.07,,,,,,,
affine,0.022409675642848015,0.04526031017303467,0.579580187493989,0.7459138187221397,0.8335809806835067,0.8469539375928677,0.6285289747399703,0.7622585438335809,0.799405646359584,rus_cyrl-deu_latn,rus_cyrl,deu_latn,flores+opus+tatoeba+bouquet,1000mb,6,2690,673,7.07,,,,,,,
ridge,0.029200036078691483,0.034820135682821274,0.6426293008028375,0.7592867756315007,0.8291233283803864,0.8410104011887073,0.6448736998514116,0.7830609212481426,0.8083209509658247,rus_cyrl-deu_latn,rus_cyrl,deu_latn,flores+opus+tatoeba+bouquet,1000mb,6,2690,673,7.07,100.0,,,,,,
mlp,0.031378988176584244,0.03557766228914261,0.6462890292573805,0.6641901931649331,0.8038632986627043,0.8291233283803864,0.5081723625557206,0.7161961367013373,0.763744427934621,rus_cyrl-deu_latn,rus_cyrl,deu_latn,flores+opus+tatoeba+bouquet,1000mb,6,2690,673,7.07,,0.03087372200465516,0.03624972701072693,0.03553853556513786,0.03618980571627617,108.0,129.0
identity,0.27532830834388733,0.27489015460014343,0.631864295878789,0.0,0.010401188707280832,0.014858841010401188,0.0,0.0,0.0,rus_cyrl-deu_latn,rus_cyrl,deu_latn,flores+opus+tatoeba+bouquet,1000mb,7,2690,673,8.16,,,,,,,
procrustes,0.05409892275929451,0.07096175849437714,0.6318642964819896,0.8380386329866271,0.8603268945022289,0.861812778603269,0.7919762258543833,0.8454680534918276,0.8573551263001485,rus_cyrl-deu_latn,rus_cyrl,deu_latn,flores+opus+tatoeba+bouquet,1000mb,7,2690,673,8.16,,,,,,,
affine,0.031179463490843773,0.06269076466560364,0.585805854265972,0.7726597325408618,0.8439821693907875,0.8573551263001485,0.6656760772659732,0.787518573551263,0.8231797919762258,rus_cyrl-deu_latn,rus_cyrl,deu_latn,flores+opus+tatoeba+bouquet,1000mb,7,2690,673,8.16,,,,,,,
ridge,0.03924190625548363,0.04843982309103012,0.6455669215046698,0.7786032689450223,0.8439821693907875,0.8543833580980683,0.6909361069836553,0.8023774145616642,0.8231797919762258,rus_cyrl-deu_latn,rus_cyrl,deu_latn,flores+opus+tatoeba+bouquet,1000mb,7,2690,673,8.16,100.0,,,,,,
mlp,0.040715090930461884,0.04886510223150253,0.6493728991151331,0.7548291233283804,0.8291233283803864,0.8439821693907875,0.6225854383358098,0.7726597325408618,0.8038632986627043,rus_cyrl-deu_latn,rus_cyrl,deu_latn,flores+opus+tatoeba+bouquet,1000mb,7,2690,673,8.16,,0.039622050562971516,0.050460465252399445,0.04886447638273239,0.050352875143289566,140.0,161.0
identity,0.3572840690612793,0.35548341274261475,0.638817277641103,0.0,0.007429420505200594,0.014858841010401188,0.0,0.0,0.0,rus_cyrl-deu_latn,rus_cyrl,deu_latn,flores+opus+tatoeba+bouquet,1000mb,8,2690,673,7.32,,,,,,,
procrustes,0.07534389942884445,0.09820006787776947,0.6388172754094582,0.8350668647845468,0.861812778603269,0.8632986627043091,0.799405646359584,0.8454680534918276,0.8558692421991084,rus_cyrl-deu_latn,rus_cyrl,deu_latn,flores+opus+tatoeba+bouquet,1000mb,8,2690,673,7.32,,,,,,,
affine,0.04644004628062248,0.09243443608283997,0.5950717449638853,0.7786032689450223,0.8514115898959881,0.8632986627043091,0.6983655274888558,0.8023774145616642,0.8320950965824666,rus_cyrl-deu_latn,rus_cyrl,deu_latn,flores+opus+tatoeba+bouquet,1000mb,8,2690,673,7.32,,,,,,,
ridge,0.05677220970392227,0.07191111147403717,0.6551288779690646,0.7979197622585439,0.8528974739970282,0.861812778603269,0.7102526002971769,0.8187221396731055,0.8380386329866271,rus_cyrl-deu_latn,rus_cyrl,deu_latn,flores+opus+tatoeba+bouquet,1000mb,8,2690,673,7.32,100.0,,,,,,
mlp,0.05715982988476753,0.0718040019273758,0.6637997674945404,0.7667161961367014,0.8469539375928677,0.8573551263001485,0.6463595839524517,0.799405646359584,0.8187221396731055,rus_cyrl-deu_latn,rus_cyrl,deu_latn,flores+opus+tatoeba+bouquet,1000mb,8,2690,673,7.32,,0.05525280054854719,0.07054057717323303,0.071866974234581,0.07051796466112137,117.0,138.0
identity,0.4994231164455414,0.49767422676086426,0.6395710090538684,0.0,0.0029717682020802376,0.019316493313521546,0.0,0.0,0.0,rus_cyrl-deu_latn,rus_cyrl,deu_latn,flores+opus+tatoeba+bouquet,1000mb,9,2690,673,5.82,,,,,,,
procrustes,0.10761695355176926,0.1400328129529953,0.6395710079193241,0.8424962852897474,0.8603268945022289,0.8632986627043091,0.8023774145616642,0.8528974739970282,0.8558692421991084,rus_cyrl-deu_latn,rus_cyrl,deu_latn,flores+opus+tatoeba+bouquet,1000mb,9,2690,673,5.82,,,,,,,
affine,0.06266890466213226,0.12520138919353485,0.5923025926223461,0.7830609212481426,0.8528974739970282,0.8588410104011887,0.6939078751857355,0.8187221396731055,0.8380386329866271,rus_cyrl-deu_latn,rus_cyrl,deu_latn,flores+opus+tatoeba+bouquet,1000mb,9,2690,673,5.82,,,,,,,
ridge,0.07403623312711716,0.09811139106750488,0.6579153099824001,0.8038632986627043,0.8543833580980683,0.861812778603269,0.7221396731054978,0.8350668647845468,0.8410104011887073,rus_cyrl-deu_latn,rus_cyrl,deu_latn,flores+opus+tatoeba+bouquet,1000mb,9,2690,673,5.82,100.0,,,,,,
mlp,0.07740522176027298,0.09789032489061356,0.6620814269338953,0.7786032689450223,0.8469539375928677,0.8603268945022289,0.6656760772659732,0.8038632986627043,0.8320950965824666,rus_cyrl-deu_latn,rus_cyrl,deu_latn,flores+opus+tatoeba+bouquet,1000mb,9,2690,673,5.82,,0.07215498995624091,0.10699553042650223,0.09788241237401962,0.10688827931880951,72.0,93.0
identity,0.7506294846534729,0.7462029457092285,0.6317726906842532,0.0,0.005943536404160475,0.019316493313521546,0.0,0.0,0.0014858841010401188,rus_cyrl-deu_latn,rus_cyrl,deu_latn,flores+opus+tatoeba+bouquet,1000mb,10,2690,673,5.3,,,,,,,
procrustes,0.16188926994800568,0.2073686569929123,0.6317726881540263,0.836552748885587,0.861812778603269,0.8632986627043091,0.7934621099554234,0.8469539375928677,0.8543833580980683,rus_cyrl-deu_latn,rus_cyrl,deu_latn,flores+opus+tatoeba+bouquet,1000mb,10,2690,673,5.3,,,,,,,
affine,0.09102877229452133,0.18116715550422668,0.588953559357938,0.7682020802377415,0.8439821693907875,0.8543833580980683,0.662704309063893,0.8098068350668648,0.826151560178306,rus_cyrl-deu_latn,rus_cyrl,deu_latn,flores+opus+tatoeba+bouquet,1000mb,10,2690,673,5.3,,,,,,,
ridge,0.12806838750839233,0.14242583513259888,0.654120306346044,0.6924219910846954,0.8157503714710252,0.8469539375928677,0.5482912332838039,0.7563150074294205,0.7890044576523031,rus_cyrl-deu_latn,rus_cyrl,deu_latn,flores+opus+tatoeba+bouquet,1000mb,10,2690,673,5.3,1000.0,,,,,,
mlp,0.11082135140895844,0.1426963359117508,0.6603418073339202,0.7459138187221397,0.8454680534918276,0.8528974739970282,0.6240713224368499,0.7934621099554234,0.8157503714710252,rus_cyrl-deu_latn,rus_cyrl,deu_latn,flores+opus+tatoeba+bouquet,1000mb,10,2690,673,5.3,,0.10230213991905514,0.14094316959381104,0.14305225014686584,0.14054861664772034,57.0,78.0
identity,1.0876628160476685,1.0835951566696167,0.6058087393812784,0.0,0.0029717682020802376,0.008915304606240713,0.0,0.0,0.0,rus_cyrl-deu_latn,rus_cyrl,deu_latn,flores+opus+tatoeba+bouquet,1000mb,11,2690,673,5.33,,,,,,,
procrustes,0.2259242683649063,0.2868206202983856,0.6058087332826969,0.8172362555720654,0.8573551263001485,0.8603268945022289,0.7592867756315007,0.8380386329866271,0.8484398216939079,rus_cyrl-deu_latn,rus_cyrl,deu_latn,flores+opus+tatoeba+bouquet,1000mb,11,2690,673,5.33,,,,,,,
affine,0.1271354705095291,0.24987059831619263,0.5794116245301478,0.7221396731054978,0.8276374442793462,0.8484398216939079,0.5973254086181278,0.7696879643387816,0.8023774145616642,rus_cyrl-deu_latn,rus_cyrl,deu_latn,flores+opus+tatoeba+bouquet,1000mb,11,2690,673,5.33,,,,,,,
ridge,0.17294982075691223,0.1957068294286728,0.6455386065027157,0.6389301634472511,0.7845468053491828,0.826151560178306,0.4769687964338782,0.6968796433878157,0.7518573551263001,rus_cyrl-deu_latn,rus_cyrl,deu_latn,flores+opus+tatoeba+bouquet,1000mb,11,2690,673,5.33,1000.0,,,,,,
mlp,0.14956940710544586,0.19830867648124695,0.6480689046721817,0.6835066864784547,0.8098068350668648,0.8350668647845468,0.5720653789004457,0.7384843982169391,0.7786032689450223,rus_cyrl-deu_latn,rus_cyrl,deu_latn,flores+opus+tatoeba+bouquet,1000mb,11,2690,673,5.33,,0.1356484646859922,0.1995454877614975,0.1991577297449112,0.19874326884746552,58.0,79.0
identity,2.228936195373535,2.2192580699920654,0.61251449256502,0.0,0.007429420505200594,0.014858841010401188,0.0,0.0029717682020802376,0.0029717682020802376,rus_cyrl-deu_latn,rus_cyrl,deu_latn,flores+opus+tatoeba+bouquet,1000mb,12,2690,673,4.95,,,,,,,
procrustes,0.5922086238861084,0.7656081914901733,0.6125144909298437,0.8291233283803864,0.8632986627043091,0.8632986627043091,0.75037147102526,0.8454680534918276,0.8528974739970282,rus_cyrl-deu_latn,rus_cyrl,deu_latn,flores+opus+tatoeba+bouquet,1000mb,12,2690,673,4.95,,,,,,,
affine,0.34673452377319336,0.6732600331306458,0.5730280861777507,0.711738484398217,0.8291233283803864,0.8424962852897474,0.5943536404160475,0.7592867756315007,0.7964338781575037,rus_cyrl-deu_latn,rus_cyrl,deu_latn,flores+opus+tatoeba+bouquet,1000mb,12,2690,673,4.95,,,,,,,
ridge,0.42535942792892456,0.5221445560455322,0.6387429055301096,0.6909361069836553,0.8202080237741456,0.8410104011887073,0.5898959881129272,0.7533432392273403,0.7845468053491828,rus_cyrl-deu_latn,rus_cyrl,deu_latn,flores+opus+tatoeba+bouquet,1000mb,12,2690,673,4.95,1000.0,,,,,,
mlp,0.41375091671943665,0.5385248064994812,0.6366327049876948,0.6790490341753344,0.8098068350668648,0.8335809806835067,0.5616641901931649,0.7265973254086181,0.774145616641902,rus_cyrl-deu_latn,rus_cyrl,deu_latn,flores+opus+tatoeba+bouquet,1000mb,12,2690,673,4.95,,0.36414749528232376,0.5771607756614685,0.5434513092041016,0.5712906718254089,46.0,67.0
identity,0.0001768596121110022,0.0001756634737830609,0.7073139104241407,0.0034904013961605585,0.02268760907504363,0.03664921465968586,0.0,0.005235602094240838,0.010471204188481676,rus_cyrl-jpn_jpan,rus_cyrl,jpn_jpan,flores+opus+tatoeba+bouquet,1000mb,0,2291,573,5.57,,,,,,,
procrustes,5.404023249866441e-05,8.159977005561814e-05,0.7073139059050282,0.4013961605584642,0.6055846422338569,0.68760907504363,0.225130890052356,0.3961605584642234,0.47643979057591623,rus_cyrl-jpn_jpan,rus_cyrl,jpn_jpan,flores+opus+tatoeba+bouquet,1000mb,0,2291,573,5.57,,,,,,,
affine,2.8738859327859245e-05,6.752036279067397e-05,0.7385201220808283,0.34904013961605584,0.5497382198952879,0.6544502617801047,0.16230366492146597,0.33158813263525305,0.418848167539267,rus_cyrl-jpn_jpan,rus_cyrl,jpn_jpan,flores+opus+tatoeba+bouquet,1000mb,0,2291,573,5.57,,,,,,,
ridge,3.691273741424084e-05,4.788748992723413e-05,0.7933071292375468,0.2879581151832461,0.5043630017452007,0.5863874345549738,0.13263525305410123,0.2949389179755672,0.3717277486910995,rus_cyrl-jpn_jpan,rus_cyrl,jpn_jpan,flores+opus+tatoeba+bouquet,1000mb,0,2291,573,5.57,0.1,,,,,,
mlp,6.683228275505826e-05,6.640638457611203e-05,0.6347709426668875,0.0017452006980802793,0.008726003490401396,0.017452006980802792,0.0,0.0,0.0017452006980802793,rus_cyrl-jpn_jpan,rus_cyrl,jpn_jpan,flores+opus+tatoeba+bouquet,1000mb,0,2291,573,5.57,,6.708600774414442e-05,6.648868293268606e-05,6.640404171776026e-05,6.647584814345464e-05,87.0,108.0
identity,0.03826827555894852,0.03804144263267517,0.7206973963375337,0.0,0.005235602094240838,0.015706806282722512,0.0,0.0,0.0,rus_cyrl-jpn_jpan,rus_cyrl,jpn_jpan,flores+opus+tatoeba+bouquet,1000mb,1,2291,573,4.3,,,,,,,
procrustes,0.005829001776874065,0.007762161549180746,0.7206973947304377,0.7102966841186736,0.8848167539267016,0.9267015706806283,0.49040139616055844,0.7329842931937173,0.806282722513089,rus_cyrl-jpn_jpan,rus_cyrl,jpn_jpan,flores+opus+tatoeba+bouquet,1000mb,1,2291,573,4.3,,,,,,,
affine,0.0029465944971889257,0.00692669115960598,0.6976617077023949,0.5759162303664922,0.7853403141361257,0.8586387434554974,0.34205933682373474,0.5724258289703316,0.6701570680628273,rus_cyrl-jpn_jpan,rus_cyrl,jpn_jpan,flores+opus+tatoeba+bouquet,1000mb,1,2291,573,4.3,,,,,,,
ridge,0.004089890047907829,0.004999728873372078,0.7618542776679342,0.5095986038394416,0.7713787085514834,0.8411867364746946,0.3193717277486911,0.525305410122164,0.631762652705061,rus_cyrl-jpn_jpan,rus_cyrl,jpn_jpan,flores+opus+tatoeba+bouquet,1000mb,1,2291,573,4.3,10.0,,,,,,
mlp,0.005735151935368776,0.0058074998669326305,0.7131366431548207,0.06457242582897033,0.20593368237347295,0.3089005235602094,0.012216404886561954,0.04712041884816754,0.07504363001745201,rus_cyrl-jpn_jpan,rus_cyrl,jpn_jpan,flores+opus+tatoeba+bouquet,1000mb,1,2291,573,4.3,,0.005730637151635055,0.005901457741856575,0.0058096833527088165,0.005887508392333984,47.0,68.0
identity,0.08621269464492798,0.0854308232665062,0.7842141782648401,0.0,0.008726003490401396,0.020942408376963352,0.0,0.0,0.0034904013961605585,rus_cyrl-jpn_jpan,rus_cyrl,jpn_jpan,flores+opus+tatoeba+bouquet,1000mb,2,2291,573,4.99,,,,,,,
procrustes,0.008643548004329205,0.01138636190444231,0.7842141863921801,0.7801047120418848,0.9197207678883071,0.9511343804537522,0.5706806282722513,0.7853403141361257,0.8586387434554974,rus_cyrl-jpn_jpan,rus_cyrl,jpn_jpan,flores+opus+tatoeba+bouquet,1000mb,2,2291,573,4.99,,,,,,,
affine,0.004233145620673895,0.009919889271259308,0.7505712773075842,0.6614310645724258,0.849912739965096,0.9214659685863874,0.4258289703315881,0.6736474694589878,0.7643979057591623,rus_cyrl-jpn_jpan,rus_cyrl,jpn_jpan,flores+opus+tatoeba+bouquet,1000mb,2,2291,573,4.99,,,,,,,
ridge,0.005664097610861063,0.007217973005026579,0.8185232227369063,0.6719022687609075,0.8708551483420593,0.9301919720767888,0.43106457242582896,0.6631762652705061,0.7591623036649214,rus_cyrl-jpn_jpan,rus_cyrl,jpn_jpan,flores+opus+tatoeba+bouquet,1000mb,2,2291,573,4.99,10.0,,,,,,
mlp,0.007873201742768288,0.008009475655853748,0.8059547170227903,0.22338568935427575,0.45898778359511344,0.5951134380453752,0.05235602094240838,0.20767888307155322,0.2862129144851658,rus_cyrl-jpn_jpan,rus_cyrl,jpn_jpan,flores+opus+tatoeba+bouquet,1000mb,2,2291,573,4.99,,0.007890015078539198,0.007977967150509357,0.008024577051401138,0.007959487847983837,70.0,91.0
identity,0.1245804950594902,0.12322352081537247,0.7721657578587677,0.0017452006980802793,0.010471204188481676,0.02268760907504363,0.0017452006980802793,0.0017452006980802793,0.006980802792321117,rus_cyrl-jpn_jpan,rus_cyrl,jpn_jpan,flores+opus+tatoeba+bouquet,1000mb,3,2291,573,6.96,,,,,,,
procrustes,0.013177236542105675,0.01696183905005455,0.772165748060185,0.7993019197207679,0.9389179755671903,0.9598603839441536,0.6108202443280978,0.8167539267015707,0.8726003490401396,rus_cyrl-jpn_jpan,rus_cyrl,jpn_jpan,flores+opus+tatoeba+bouquet,1000mb,3,2291,573,6.96,,,,,,,
affine,0.006979906465858221,0.016269836574792862,0.7584732600603298,0.7155322862129145,0.9214659685863874,0.9650959860383944,0.518324607329843,0.7347294938917975,0.8289703315881326,rus_cyrl-jpn_jpan,rus_cyrl,jpn_jpan,flores+opus+tatoeba+bouquet,1000mb,3,2291,573,6.96,,,,,,,
ridge,0.00912143662571907,0.011898547410964966,0.8168897349661837,0.7556719022687609,0.9336823734729494,0.9616055846422339,0.5445026178010471,0.7835951134380453,0.8603839441535777,rus_cyrl-jpn_jpan,rus_cyrl,jpn_jpan,flores+opus+tatoeba+bouquet,1000mb,3,2291,573,6.96,10.0,,,,,,
mlp,0.01242018397897482,0.012805777601897717,0.8076062596159368,0.3961605584642234,0.7033158813263525,0.8097731239092496,0.1762652705061082,0.4013961605584642,0.5305410122164049,rus_cyrl-jpn_jpan,rus_cyrl,jpn_jpan,flores+opus+tatoeba+bouquet,1000mb,3,2291,573,6.96,,0.012438169144319765,0.012798981741070747,0.0127935241907835,0.012743553146719933,135.0,156.0
identity,0.1636412888765335,0.16166210174560547,0.7571639317029526,0.0017452006980802793,0.013961605584642234,0.02268760907504363,0.0,0.006980802792321117,0.008726003490401396,rus_cyrl-jpn_jpan,rus_cyrl,jpn_jpan,flores+opus+tatoeba+bouquet,1000mb,4,2291,573,7.01,,,,,,,
procrustes,0.020260827615857124,0.026053717359900475,0.7571639137280685,0.849912739965096,0.9633507853403142,0.9842931937172775,0.675392670157068,0.8691099476439791,0.9214659685863874,rus_cyrl-jpn_jpan,rus_cyrl,jpn_jpan,flores+opus+tatoeba+bouquet,1000mb,4,2291,573,7.01,,,,,,,
affine,0.01081918552517891,0.025159459561109543,0.7597549331479022,0.8080279232111692,0.944153577661431,0.9773123909249564,0.5916230366492147,0.8394415357766143,0.8987783595113438,rus_cyrl-jpn_jpan,rus_cyrl,jpn_jpan,flores+opus+tatoeba+bouquet,1000mb,4,2291,573,7.01,,,,,,,
ridge,0.016976915299892426,0.01864631660282612,0.8031528356727413,0.7085514834205934,0.9022687609075044,0.9458987783595113,0.4869109947643979,0.731239092495637,0.8237347294938918,rus_cyrl-jpn_jpan,rus_cyrl,jpn_jpan,flores+opus+tatoeba+bouquet,1000mb,4,2291,573,7.01,100.0,,,,,,
mlp,0.018399156630039215,0.019369708374142647,0.8053572447802066,0.612565445026178,0.8743455497382199,0.9232111692844677,0.37347294938917974,0.6404886561954625,0.7486910994764397,rus_cyrl-jpn_jpan,rus_cyrl,jpn_jpan,flores+opus+tatoeba+bouquet,1000mb,4,2291,573,7.01,,0.018454975646102066,0.019674452021718025,0.01939261704683304,0.01957770623266697,140.0,161.0
identity,0.19984197616577148,0.19758938252925873,0.7685099407475601,0.006980802792321117,0.013961605584642234,0.019197207678883072,0.0034904013961605585,0.006980802792321117,0.006980802792321117,rus_cyrl-jpn_jpan,rus_cyrl,jpn_jpan,flores+opus+tatoeba+bouquet,1000mb,5,2291,573,5.5,,,,,,,
procrustes,0.026814283803105354,0.03528044372797012,0.7685099364240902,0.9092495636998255,0.9825479930191972,0.9930191972076788,0.7591623036649214,0.9354275741710296,0.9633507853403142,rus_cyrl-jpn_jpan,rus_cyrl,jpn_jpan,flores+opus+tatoeba+bouquet,1000mb,5,2291,573,5.5,,,,,,,
affine,0.013955088332295418,0.03229394182562828,0.7652337953951112,0.8429319371727748,0.9668411867364747,0.9860383944153578,0.6666666666666666,0.8760907504363001,0.9319371727748691,rus_cyrl-jpn_jpan,rus_cyrl,jpn_jpan,flores+opus+tatoeba+bouquet,1000mb,5,2291,573,5.5,,,,,,,
ridge,0.020825734362006187,0.023640209808945656,0.8119867418713514,0.8027923211169284,0.9476439790575916,0.9808027923211169,0.6020942408376964,0.8324607329842932,0.8900523560209425,rus_cyrl-jpn_jpan,rus_cyrl,jpn_jpan,flores+opus+tatoeba+bouquet,1000mb,5,2291,573,5.5,100.0,,,,,,
mlp,0.022688521072268486,0.024400752037763596,0.8103244509456824,0.7015706806282722,0.9301919720767888,0.9616055846422339,0.47643979057591623,0.7364746945898778,0.8359511343804538,rus_cyrl-jpn_jpan,rus_cyrl,jpn_jpan,flores+opus+tatoeba+bouquet,1000mb,5,2291,573,5.5,,0.022467297191421192,0.025331467390060425,0.024359850212931633,0.025306157767772675,91.0,112.0
identity,0.24531656503677368,0.2426222711801529,0.775545476393417,0.0017452006980802793,0.010471204188481676,0.019197207678883072,0.0,0.0034904013961605585,0.005235602094240838,rus_cyrl-jpn_jpan,rus_cyrl,jpn_jpan,flores+opus+tatoeba+bouquet,1000mb,6,2291,573,7.48,,,,,,,
procrustes,0.0356757752597332,0.04777264595031738,0.7755454844404873,0.9336823734729494,0.9912739965095986,0.9982547993019197,0.806282722513089,0.9616055846422339,0.9790575916230366,rus_cyrl-jpn_jpan,rus_cyrl,jpn_jpan,flores+opus+tatoeba+bouquet,1000mb,6,2291,573,7.48,,,,,,,
affine,0.01727266237139702,0.03974149748682976,0.7715533242792314,0.8464223385689355,0.9703315881326352,0.9825479930191972,0.675392670157068,0.8778359511343804,0.9336823734729494,rus_cyrl-jpn_jpan,rus_cyrl,jpn_jpan,flores+opus+tatoeba+bouquet,1000mb,6,2291,573,7.48,,,,,,,
ridge,0.024428250268101692,0.028766877949237823,0.8194400156479655,0.8464223385689355,0.9738219895287958,0.9895287958115183,0.6596858638743456,0.8760907504363001,0.9319371727748691,rus_cyrl-jpn_jpan,rus_cyrl,jpn_jpan,flores+opus+tatoeba+bouquet,1000mb,6,2291,573,7.48,100.0,,,,,,
mlp,0.025941822677850723,0.029234519228339195,0.8211951384118336,0.7905759162303665,0.9493891797556719,0.987783595113438,0.581151832460733,0.8254799301919721,0.8830715532286213,rus_cyrl-jpn_jpan,rus_cyrl,jpn_jpan,flores+opus+tatoeba+bouquet,1000mb,6,2291,573,7.48,,0.025525344705039806,0.029986971989274025,0.029181906953454018,0.029985584318637848,158.0,179.0
identity,0.31059199571609497,0.3079583942890167,0.7692184318926498,0.0,0.008726003490401396,0.020942408376963352,0.0,0.0,0.0034904013961605585,rus_cyrl-jpn_jpan,rus_cyrl,jpn_jpan,flores+opus+tatoeba+bouquet,1000mb,7,2291,573,7.44,,,,,,,
procrustes,0.04897810518741608,0.06549043953418732,0.7692184282453775,0.9354275741710296,0.9895287958115183,0.9965095986038395,0.8080279232111692,0.9616055846422339,0.9808027923211169,rus_cyrl-jpn_jpan,rus_cyrl,jpn_jpan,flores+opus+tatoeba+bouquet,1000mb,7,2291,573,7.44,,,,,,,
affine,0.0231020525097847,0.05296763405203819,0.775608166605041,0.8394415357766143,0.9755671902268761,0.9842931937172775,0.6823734729493892,0.8848167539267016,0.93717277486911,rus_cyrl-jpn_jpan,rus_cyrl,jpn_jpan,flores+opus+tatoeba+bouquet,1000mb,7,2291,573,7.44,,,,,,,
ridge,0.03141329064965248,0.03829406946897507,0.8229682488240503,0.8551483420593369,0.9790575916230366,0.9860383944153578,0.6945898778359512,0.8865619546247818,0.9336823734729494,rus_cyrl-jpn_jpan,rus_cyrl,jpn_jpan,flores+opus+tatoeba+bouquet,1000mb,7,2291,573,7.44,100.0,,,,,,
mlp,0.032543059438467026,0.038619689643383026,0.8226532417094716,0.8184991273996509,0.9598603839441536,0.9860383944153578,0.6265270506108203,0.8638743455497382,0.9057591623036649,rus_cyrl-jpn_jpan,rus_cyrl,jpn_jpan,flores+opus+tatoeba+bouquet,1000mb,7,2291,573,7.44,,0.03167435944531903,0.04029788449406624,0.03860515356063843,0.04021391272544861,157.0,178.0
identity,0.4075958728790283,0.40531113743782043,0.7773954236027212,0.0017452006980802793,0.010471204188481676,0.02617801047120419,0.0,0.0017452006980802793,0.005235602094240838,rus_cyrl-jpn_jpan,rus_cyrl,jpn_jpan,flores+opus+tatoeba+bouquet,1000mb,8,2291,573,6.85,,,,,,,
procrustes,0.06727398186922073,0.09030072391033173,0.7773954240197177,0.944153577661431,0.9895287958115183,0.9947643979057592,0.8324607329842932,0.9598603839441536,0.9773123909249564,rus_cyrl-jpn_jpan,rus_cyrl,jpn_jpan,flores+opus+tatoeba+bouquet,1000mb,8,2291,573,6.85,,,,,,,
affine,0.034712787717580795,0.07989435642957687,0.7628710617059462,0.8743455497382199,0.9738219895287958,0.9860383944153578,0.7137870855148342,0.912739965095986,0.9458987783595113,rus_cyrl-jpn_jpan,rus_cyrl,jpn_jpan,flores+opus+tatoeba+bouquet,1000mb,8,2291,573,6.85,,,,,,,
ridge,0.04569214954972267,0.05783344805240631,0.8167144359890512,0.8621291448516579,0.9808027923211169,0.987783595113438,0.699825479930192,0.912739965095986,0.9493891797556719,rus_cyrl-jpn_jpan,rus_cyrl,jpn_jpan,flores+opus+tatoeba+bouquet,1000mb,8,2291,573,6.85,100.0,,,,,,
mlp,0.04635016620159149,0.05795897915959358,0.8166140741241675,0.8481675392670157,0.9703315881326352,0.987783595113438,0.6579406631762653,0.8830715532286213,0.9267015706806283,rus_cyrl-jpn_jpan,rus_cyrl,jpn_jpan,flores+opus+tatoeba+bouquet,1000mb,8,2291,573,6.85,,0.04484334746093461,0.0582338310778141,0.05806700885295868,0.05809515342116356,138.0,159.0
identity,0.6006024479866028,0.597620964050293,0.7701810346690503,0.0,0.012216404886561954,0.02268760907504363,0.0,0.0,0.0,rus_cyrl-jpn_jpan,rus_cyrl,jpn_jpan,flores+opus+tatoeba+bouquet,1000mb,9,2291,573,5.3,,,,,,,
procrustes,0.10741850733757019,0.1409270018339157,0.7701810476103523,0.9528795811518325,0.9895287958115183,0.9930191972076788,0.8237347294938918,0.9546247818499127,0.9842931937172775,rus_cyrl-jpn_jpan,rus_cyrl,jpn_jpan,flores+opus+tatoeba+bouquet,1000mb,9,2291,573,5.3,,,,,,,
affine,0.05113450437784195,0.11592833697795868,0.7674471593455875,0.8760907504363001,0.9755671902268761,0.9895287958115183,0.6980802792321117,0.9075043630017452,0.9406631762652705,rus_cyrl-jpn_jpan,rus_cyrl,jpn_jpan,flores+opus+tatoeba+bouquet,1000mb,9,2291,573,5.3,,,,,,,
ridge,0.06425845623016357,0.08572226762771606,0.815925650228027,0.8760907504363001,0.9790575916230366,0.987783595113438,0.699825479930192,0.9022687609075044,0.9424083769633508,rus_cyrl-jpn_jpan,rus_cyrl,jpn_jpan,flores+opus+tatoeba+bouquet,1000mb,9,2291,573,5.3,100.0,,,,,,
mlp,0.06682063639163971,0.0860372930765152,0.8164975417369004,0.8481675392670157,0.9703315881326352,0.9842931937172775,0.6457242582897034,0.8760907504363001,0.9197207678883071,rus_cyrl-jpn_jpan,rus_cyrl,jpn_jpan,flores+opus+tatoeba+bouquet,1000mb,9,2291,573,5.3,,0.06260304728692229,0.08758915215730667,0.08595454692840576,0.08736247569322586,85.0,106.0
identity,0.9200760126113892,0.9160498976707458,0.7643689909576982,0.0,0.008726003490401396,0.02268760907504363,0.0,0.0,0.0,rus_cyrl-jpn_jpan,rus_cyrl,jpn_jpan,flores+opus+tatoeba+bouquet,1000mb,10,2291,573,5.17,,,,,,,
procrustes,0.16805195808410645,0.21779142320156097,0.7643689924091271,0.944153577661431,0.9895287958115183,0.9912739965095986,0.8324607329842932,0.9528795811518325,0.9755671902268761,rus_cyrl-jpn_jpan,rus_cyrl,jpn_jpan,flores+opus+tatoeba+bouquet,1000mb,10,2291,573,5.17,,,,,,,
affine,0.07845933735370636,0.1780763864517212,0.7566165949030929,0.8516579406631762,0.9650959860383944,0.9790575916230366,0.6701570680628273,0.8848167539267016,0.9406631762652705,rus_cyrl-jpn_jpan,rus_cyrl,jpn_jpan,flores+opus+tatoeba+bouquet,1000mb,10,2291,573,5.17,,,,,,,
ridge,0.09468381106853485,0.13348211348056793,0.8067894137385623,0.8603839441535777,0.9668411867364747,0.9860383944153578,0.6457242582897034,0.8865619546247818,0.9336823734729494,rus_cyrl-jpn_jpan,rus_cyrl,jpn_jpan,flores+opus+tatoeba+bouquet,1000mb,10,2291,573,5.17,100.0,,,,,,
mlp,0.09928645938634872,0.1339760273694992,0.8062148363161776,0.8097731239092496,0.9546247818499127,0.9773123909249564,0.5951134380453752,0.8464223385689355,0.9040139616055847,rus_cyrl-jpn_jpan,rus_cyrl,jpn_jpan,flores+opus+tatoeba+bouquet,1000mb,10,2291,573,5.17,,0.09110114475091298,0.137679785490036,0.13421934843063354,0.1370038539171219,81.0,102.0
identity,1.3822534084320068,1.3778587579727173,0.7512204043131665,0.0,0.010471204188481676,0.013961605584642234,0.0,0.0,0.0017452006980802793,rus_cyrl-jpn_jpan,rus_cyrl,jpn_jpan,flores+opus+tatoeba+bouquet,1000mb,11,2291,573,4.84,,,,,,,
procrustes,0.2416514903306961,0.30999454855918884,0.7512204053315088,0.9354275741710296,0.9842931937172775,0.9930191972076788,0.7818499127399651,0.9458987783595113,0.9685863874345549,rus_cyrl-jpn_jpan,rus_cyrl,jpn_jpan,flores+opus+tatoeba+bouquet,1000mb,11,2291,573,4.84,,,,,,,
affine,0.11098162084817886,0.253281831741333,0.7428217613536832,0.8027923211169284,0.9493891797556719,0.9720767888307156,0.5898778359511344,0.849912739965096,0.9109947643979057,rus_cyrl-jpn_jpan,rus_cyrl,jpn_jpan,flores+opus+tatoeba+bouquet,1000mb,11,2291,573,4.84,,,,,,,
ridge,0.16756701469421387,0.18916262686252594,0.7936138896908265,0.6282722513089005,0.8708551483420593,0.9232111692844677,0.4118673647469459,0.6928446771378709,0.7958115183246073,rus_cyrl-jpn_jpan,rus_cyrl,jpn_jpan,flores+opus+tatoeba+bouquet,1000mb,11,2291,573,4.84,1000.0,,,,,,
mlp,0.14193430542945862,0.19097305834293365,0.7978000664896404,0.774869109947644,0.9354275741710296,0.9703315881326352,0.5322862129144852,0.7923211169284468,0.881326352530541,rus_cyrl-jpn_jpan,rus_cyrl,jpn_jpan,flores+opus+tatoeba+bouquet,1000mb,11,2291,573,4.84,,0.1282330065062552,0.20037932693958282,0.19175665080547333,0.19978182017803192,69.0,90.0
identity,2.1576693058013916,2.1657979488372803,0.7575361778910267,0.0034904013961605585,0.008726003490401396,0.013961605584642234,0.0,0.0017452006980802793,0.0034904013961605585,rus_cyrl-jpn_jpan,rus_cyrl,jpn_jpan,flores+opus+tatoeba+bouquet,1000mb,12,2291,573,4.27,,,,,,,
procrustes,0.49475255608558655,0.6745728850364685,0.7575361762944445,0.9301919720767888,0.9860383944153578,0.9947643979057592,0.7626527050610821,0.9389179755671903,0.9668411867364747,rus_cyrl-jpn_jpan,rus_cyrl,jpn_jpan,flores+opus+tatoeba+bouquet,1000mb,12,2291,573,4.27,,,,,,,
affine,0.2631561756134033,0.5945372581481934,0.7429446263940204,0.8446771378708552,0.9685863874345549,0.9808027923211169,0.6544502617801047,0.8778359511343804,0.9354275741710296,rus_cyrl-jpn_jpan,rus_cyrl,jpn_jpan,flores+opus+tatoeba+bouquet,1000mb,12,2291,573,4.27,,,,,,,
ridge,0.3495582640171051,0.4351002871990204,0.7970242833153383,0.8324607329842932,0.9633507853403142,0.9790575916230366,0.6335078534031413,0.849912739965096,0.9232111692844677,rus_cyrl-jpn_jpan,rus_cyrl,jpn_jpan,flores+opus+tatoeba+bouquet,1000mb,12,2291,573,4.27,1000.0,,,,,,
mlp,0.3394547998905182,0.4533541202545166,0.7965760524536755,0.8254799301919721,0.9581151832460733,0.9773123909249564,0.6108202443280978,0.8673647469458988,0.9179755671902269,rus_cyrl-jpn_jpan,rus_cyrl,jpn_jpan,flores+opus+tatoeba+bouquet,1000mb,12,2291,573,4.27,,0.2989358567830288,0.46477946639060974,0.45565611124038696,0.4631708562374115,50.0,71.0
identity,0.00017460488015785813,0.00017326588567811996,0.718594601874068,0.005235602094240838,0.019197207678883072,0.041884816753926704,0.0,0.005235602094240838,0.006980802792321117,deu_latn-jpn_jpan,deu_latn,jpn_jpan,flores+opus+tatoeba+bouquet,1000mb,0,2291,573,5.49,,,,,,,
procrustes,5.196417623665184e-05,7.764355541439727e-05,0.7185946052133315,0.38917975567190227,0.5968586387434555,0.6980802792321117,0.20593368237347295,0.39092495636998253,0.4781849912739965,deu_latn-jpn_jpan,deu_latn,jpn_jpan,flores+opus+tatoeba+bouquet,1000mb,0,2291,573,5.49,,,,,,,
affine,2.8329204724286683e-05,6.688517169095576e-05,0.7420489371246832,0.3612565445026178,0.6143106457242583,0.7120418848167539,0.18150087260034903,0.3717277486910995,0.4537521815008726,deu_latn-jpn_jpan,deu_latn,jpn_jpan,flores+opus+tatoeba+bouquet,1000mb,0,2291,573,5.49,,,,,,,
ridge,3.703376205521636e-05,4.729695137939416e-05,0.798481906639005,0.31762652705061084,0.5200698080279232,0.6160558464223386,0.14136125654450263,0.3019197207678883,0.38045375218150085,deu_latn-jpn_jpan,deu_latn,jpn_jpan,flores+opus+tatoeba+bouquet,1000mb,0,2291,573,5.49,0.1,,,,,,
mlp,6.683226820314303e-05,6.640617357334122e-05,0.6584116832946753,0.0017452006980802793,0.008726003490401396,0.017452006980802792,0.0,0.0,0.0017452006980802793,deu_latn-jpn_jpan,deu_latn,jpn_jpan,flores+opus+tatoeba+bouquet,1000mb,0,2291,573,5.49,,6.708602185509253e-05,6.648871931247413e-05,6.64040562696755e-05,6.64756225887686e-05,87.0,108.0
identity,0.04025014117360115,0.039908867329359055,0.7307720880228559,0.0034904013961605585,0.006980802792321117,0.02443280977312391,0.0,0.0034904013961605585,0.0034904013961605585,deu_latn-jpn_jpan,deu_latn,jpn_jpan,flores+opus+tatoeba+bouquet,1000mb,1,2291,573,4.22,,,,,,,
procrustes,0.005539041943848133,0.0073282793164253235,0.7307720865452795,0.7120418848167539,0.8691099476439791,0.9232111692844677,0.47643979057591623,0.7417102966841187,0.7975567190226877,deu_latn-jpn_jpan,deu_latn,jpn_jpan,flores+opus+tatoeba+bouquet,1000mb,1,2291,573,4.22,,,,,,,
affine,0.0028784300666302443,0.006854857783764601,0.7116705695362366,0.5846422338568935,0.8097731239092496,0.8900523560209425,0.3507853403141361,0.5828970331588132,0.68760907504363,deu_latn-jpn_jpan,deu_latn,jpn_jpan,flores+opus+tatoeba+bouquet,1000mb,1,2291,573,4.22,,,,,,,
ridge,0.004044992849230766,0.004907520022243261,0.7731757214860453,0.5654450261780105,0.794066317626527,0.8586387434554974,0.3263525305410122,0.5846422338568935,0.6666666666666666,deu_latn-jpn_jpan,deu_latn,jpn_jpan,flores+opus+tatoeba+bouquet,1000mb,1,2291,573,4.22,10.0,,,,,,
mlp,0.005692965816706419,0.005772911943495274,0.7234372189009702,0.07678883071553229,0.2181500872600349,0.32111692844677137,0.012216404886561954,0.055846422338568937,0.09424083769633508,deu_latn-jpn_jpan,deu_latn,jpn_jpan,flores+opus+tatoeba+bouquet,1000mb,1,2291,573,4.22,,0.00568743103720022,0.005845625419169664,0.005773606710135937,0.005831490736454725,47.0,68.0
identity,0.08759372681379318,0.08680476248264313,0.7820483371004572,0.0034904013961605585,0.012216404886561954,0.020942408376963352,0.0,0.0034904013961605585,0.006980802792321117,deu_latn-jpn_jpan,deu_latn,jpn_jpan,flores+opus+tatoeba+bouquet,1000mb,2,2291,573,4.9,,,,,,,
procrustes,0.008184385485947132,0.01062482874840498,0.7820483358295276,0.7766143106457243,0.9197207678883071,0.9528795811518325,0.5462478184991274,0.787085514834206,0.8342059336823735,deu_latn-jpn_jpan,deu_latn,jpn_jpan,flores+opus+tatoeba+bouquet,1000mb,2,2291,573,4.9,,,,,,,
affine,0.00412653898820281,0.009712809696793556,0.769693765400748,0.7085514834205934,0.8848167539267016,0.9267015706806283,0.4677137870855148,0.731239092495637,0.806282722513089,deu_latn-jpn_jpan,deu_latn,jpn_jpan,flores+opus+tatoeba+bouquet,1000mb,2,2291,573,4.9,,,,,,,
ridge,0.00567295728251338,0.007094386965036392,0.8251498279967595,0.6893542757417103,0.8795811518324608,0.9214659685863874,0.4642233856893543,0.7068062827225131,0.7853403141361257,deu_latn-jpn_jpan,deu_latn,jpn_jpan,flores+opus+tatoeba+bouquet,1000mb,2,2291,573,4.9,10.0,,,,,,
mlp,0.007825476117432117,0.007977209985256195,0.8163327863015959,0.2338568935427574,0.4799301919720768,0.6090750436300174,0.06108202443280977,0.2094240837696335,0.28272251308900526,deu_latn-jpn_jpan,deu_latn,jpn_jpan,flores+opus+tatoeba+bouquet,1000mb,2,2291,573,4.9,,0.007837168420806076,0.007942695170640945,0.00798067357391119,0.00792117603123188,70.0,91.0
identity,0.12918001413345337,0.12764990329742432,0.7705820299023484,0.0034904013961605585,0.017452006980802792,0.02443280977312391,0.0017452006980802793,0.006980802792321117,0.008726003490401396,deu_latn-jpn_jpan,deu_latn,jpn_jpan,flores+opus+tatoeba+bouquet,1000mb,3,2291,573,4.79,,,,,,,
procrustes,0.013272934593260288,0.017150986939668655,0.7705820177596298,0.8219895287958116,0.9528795811518325,0.9773123909249564,0.6457242582897034,0.849912739965096,0.8952879581151832,deu_latn-jpn_jpan,deu_latn,jpn_jpan,flores+opus+tatoeba+bouquet,1000mb,3,2291,573,4.79,,,,,,,
affine,0.0067274863831698895,0.01601889729499817,0.7582544457746028,0.7643979057591623,0.9267015706806283,0.9511343804537522,0.5462478184991274,0.7853403141361257,0.8586387434554974,deu_latn-jpn_jpan,deu_latn,jpn_jpan,flores+opus+tatoeba+bouquet,1000mb,3,2291,573,4.79,,,,,,,
ridge,0.00884456280618906,0.01169202197343111,0.8151771598808311,0.7975567190226877,0.93717277486911,0.9703315881326352,0.5986038394415357,0.8132635253054101,0.8760907504363001,deu_latn-jpn_jpan,deu_latn,jpn_jpan,flores+opus+tatoeba+bouquet,1000mb,3,2291,573,4.79,10.0,,,,,,
mlp,0.012128850445151329,0.012571264989674091,0.814130069913322,0.4694589877835951,0.7504363001745201,0.8394415357766143,0.23211169284467714,0.4816753926701571,0.5916230366492147,deu_latn-jpn_jpan,deu_latn,jpn_jpan,flores+opus+tatoeba+bouquet,1000mb,3,2291,573,4.79,,0.012108338404108177,0.012541739270091057,0.012576412409543991,0.012520750984549522,66.0,87.0
identity,0.17292270064353943,0.17070451378822327,0.7679535887678549,0.0034904013961605585,0.019197207678883072,0.031413612565445025,0.0017452006980802793,0.0034904013961605585,0.010471204188481676,deu_latn-jpn_jpan,deu_latn,jpn_jpan,flores+opus+tatoeba+bouquet,1000mb,4,2291,573,6.36,,,,,,,
procrustes,0.020450124517083168,0.02663908153772354,0.7679535892686467,0.8795811518324608,0.9755671902268761,0.9912739965095986,0.731239092495637,0.9022687609075044,0.9424083769633508,deu_latn-jpn_jpan,deu_latn,jpn_jpan,flores+opus+tatoeba+bouquet,1000mb,4,2291,573,6.36,,,,,,,
affine,0.010442111641168594,0.024712780490517616,0.7574553119163437,0.8307155322862129,0.9546247818499127,0.9773123909249564,0.6369982547993019,0.8516579406631762,0.9075043630017452,deu_latn-jpn_jpan,deu_latn,jpn_jpan,flores+opus+tatoeba+bouquet,1000mb,4,2291,573,6.36,,,,,,,
ridge,0.01632927730679512,0.018201088532805443,0.8108551691456777,0.7696335078534031,0.93717277486911,0.9668411867364747,0.5479930191972077,0.7783595113438045,0.8586387434554974,deu_latn-jpn_jpan,deu_latn,jpn_jpan,flores+opus+tatoeba+bouquet,1000mb,4,2291,573,6.36,100.0,,,,,,
mlp,0.017825191840529442,0.018924906849861145,0.8138253307889945,0.6719022687609075,0.8952879581151832,0.9458987783595113,0.4467713787085515,0.6963350785340314,0.7888307155322862,deu_latn-jpn_jpan,deu_latn,jpn_jpan,flores+opus+tatoeba+bouquet,1000mb,4,2291,573,6.36,,0.017793875074747837,0.019010774791240692,0.018929338082671165,0.01898803934454918,118.0,139.0
identity,0.21527668833732605,0.21265141665935516,0.7685143047380791,0.0,0.015706806282722512,0.031413612565445025,0.0,0.0,0.005235602094240838,deu_latn-jpn_jpan,deu_latn,jpn_jpan,flores+opus+tatoeba+bouquet,1000mb,5,2291,573,6.71,,,,,,,
procrustes,0.02793499268591404,0.03705933690071106,0.7685143230950928,0.9301919720767888,0.9842931937172775,0.9965095986038395,0.7835951134380453,0.9424083769633508,0.9668411867364747,deu_latn-jpn_jpan,deu_latn,jpn_jpan,flores+opus+tatoeba+bouquet,1000mb,5,2291,573,6.71,,,,,,,
affine,0.013537202030420303,0.031685180962085724,0.7657978580244397,0.8586387434554974,0.9738219895287958,0.9808027923211169,0.6736474694589878,0.8865619546247818,0.9406631762652705,deu_latn-jpn_jpan,deu_latn,jpn_jpan,flores+opus+tatoeba+bouquet,1000mb,5,2291,573,6.71,,,,,,,
ridge,0.020159674808382988,0.023315872997045517,0.813545432343616,0.8150087260034904,0.9633507853403142,0.9755671902268761,0.6404886561954625,0.8551483420593369,0.9144851657940664,deu_latn-jpn_jpan,deu_latn,jpn_jpan,flores+opus+tatoeba+bouquet,1000mb,5,2291,573,6.71,100.0,,,,,,
mlp,0.021876631304621696,0.023995094001293182,0.8129570641807854,0.7417102966841187,0.9389179755671903,0.9703315881326352,0.5287958115183246,0.7923211169284468,0.8691099476439791,deu_latn-jpn_jpan,deu_latn,jpn_jpan,flores+opus+tatoeba+bouquet,1000mb,5,2291,573,6.71,,0.02162157106354381,0.025055695325136185,0.024052787572145462,0.025003202259540558,130.0,151.0
identity,0.25900664925575256,0.2553083598613739,0.7684920364899661,0.0034904013961605585,0.010471204188481676,0.017452006980802792,0.0,0.0034904013961605585,0.006980802792321117,deu_latn-jpn_jpan,deu_latn,jpn_jpan,flores+opus+tatoeba+bouquet,1000mb,6,2291,573,6.89,,,,,,,
procrustes,0.03584748134016991,0.04812946170568466,0.7684920413556434,0.9424083769633508,0.9912739965095986,0.9982547993019197,0.8150087260034904,0.9546247818499127,0.9825479930191972,deu_latn-jpn_jpan,deu_latn,jpn_jpan,flores+opus+tatoeba+bouquet,1000mb,6,2291,573,6.89,,,,,,,
affine,0.01689331606030464,0.038996610790491104,0.7709622078612741,0.8656195462478184,0.9650959860383944,0.9842931937172775,0.6963350785340314,0.900523560209424,0.93717277486911,deu_latn-jpn_jpan,deu_latn,jpn_jpan,flores+opus+tatoeba+bouquet,1000mb,6,2291,573,6.89,,,,,,,
ridge,0.02392345480620861,0.02849225141108036,0.8222791316600085,0.8464223385689355,0.9738219895287958,0.9895287958115183,0.6841186736474695,0.8987783595113438,0.9319371727748691,deu_latn-jpn_jpan,deu_latn,jpn_jpan,flores+opus+tatoeba+bouquet,1000mb,6,2291,573,6.89,100.0,,,,,,
mlp,0.025719888508319855,0.02904103696346283,0.8232762438107012,0.7783595113438045,0.9581151832460733,0.9842931937172775,0.5759162303664922,0.849912739965096,0.9144851657940664,deu_latn-jpn_jpan,deu_latn,jpn_jpan,flores+opus+tatoeba+bouquet,1000mb,6,2291,573,6.89,,0.02531092997753259,0.030116857960820198,0.02904939278960228,0.03001445159316063,134.0,155.0
identity,0.3304244577884674,0.3258971869945526,0.760767438028426,0.0034904013961605585,0.012216404886561954,0.02268760907504363,0.0017452006980802793,0.005235602094240838,0.005235602094240838,deu_latn-jpn_jpan,deu_latn,jpn_jpan,flores+opus+tatoeba+bouquet,1000mb,7,2291,573,5.76,,,,,,,
procrustes,0.04949731379747391,0.06656156480312347,0.7607674325999518,0.9389179755671903,0.9912739965095986,0.9965095986038395,0.8202443280977313,0.9633507853403142,0.9790575916230366,deu_latn-jpn_jpan,deu_latn,jpn_jpan,flores+opus+tatoeba+bouquet,1000mb,7,2291,573,5.76,,,,,,,
affine,0.022676004096865654,0.05230431631207466,0.7713863404596758,0.8673647469458988,0.9650959860383944,0.9895287958115183,0.6963350785340314,0.9057591623036649,0.9389179755671903,deu_latn-jpn_jpan,deu_latn,jpn_jpan,flores+opus+tatoeba+bouquet,1000mb,7,2291,573,5.76,,,,,,,
ridge,0.030747706070542336,0.03799648955464363,0.8247615880699323,0.8551483420593369,0.9738219895287958,0.9860383944153578,0.7068062827225131,0.900523560209424,0.9389179755671903,deu_latn-jpn_jpan,deu_latn,jpn_jpan,flores+opus+tatoeba+bouquet,1000mb,7,2291,573,5.76,100.0,,,,,,
mlp,0.032913558185100555,0.038389284163713455,0.8257689972973572,0.8202443280977313,0.9650959860383944,0.9808027923211169,0.6631762652705061,0.8586387434554974,0.912739965095986,deu_latn-jpn_jpan,deu_latn,jpn_jpan,flores+opus+tatoeba+bouquet,1000mb,7,2291,573,5.76,,0.03197638396963929,0.04049214720726013,0.03838595375418663,0.04035523906350136,99.0,120.0
identity,0.43872883915901184,0.4340849220752716,0.7664735555695503,0.0,0.010471204188481676,0.017452006980802792,0.0,0.0017452006980802793,0.006980802792321117,deu_latn-jpn_jpan,deu_latn,jpn_jpan,flores+opus+tatoeba+bouquet,1000mb,8,2291,573,6.13,,,,,,,
procrustes,0.07394963502883911,0.09917232394218445,0.7664735551630599,0.944153577661431,0.9930191972076788,0.9982547993019197,0.8516579406631762,0.9598603839441536,0.9773123909249564,deu_latn-jpn_jpan,deu_latn,jpn_jpan,flores+opus+tatoeba+bouquet,1000mb,8,2291,573,6.13,,,,,,,
affine,0.03419184312224388,0.07846145331859589,0.7684365812094648,0.8865619546247818,0.9720767888307156,0.9808027923211169,0.699825479930192,0.9197207678883071,0.9493891797556719,deu_latn-jpn_jpan,deu_latn,jpn_jpan,flores+opus+tatoeba+bouquet,1000mb,8,2291,573,6.13,,,,,,,
ridge,0.04431876912713051,0.05743565037846565,0.8191899432125318,0.8603839441535777,0.9755671902268761,0.9842931937172775,0.7260034904013961,0.9092495636998255,0.9458987783595113,deu_latn-jpn_jpan,deu_latn,jpn_jpan,flores+opus+tatoeba+bouquet,1000mb,8,2291,573,6.13,100.0,,,,,,
mlp,0.045296791940927505,0.05763571709394455,0.8184663365945211,0.8289703315881326,0.9650959860383944,0.9842931937172775,0.6910994764397905,0.8865619546247818,0.9267015706806283,deu_latn-jpn_jpan,deu_latn,jpn_jpan,flores+opus+tatoeba+bouquet,1000mb,8,2291,573,6.13,,0.04355551652384527,0.05725126713514328,0.05759947746992111,0.057164620608091354,113.0,134.0
identity,0.6277273297309875,0.6221069693565369,0.7754778867698404,0.0034904013961605585,0.006980802792321117,0.012216404886561954,0.0,0.0034904013961605585,0.005235602094240838,deu_latn-jpn_jpan,deu_latn,jpn_jpan,flores+opus+tatoeba+bouquet,1000mb,9,2291,573,5.51,,,,,,,
procrustes,0.10710500925779343,0.14119786024093628,0.7754778809911714,0.944153577661431,0.9912739965095986,0.9947643979057592,0.8446771378708552,0.9616055846422339,0.9755671902268761,deu_latn-jpn_jpan,deu_latn,jpn_jpan,flores+opus+tatoeba+bouquet,1000mb,9,2291,573,5.51,,,,,,,
affine,0.05013783648610115,0.11465228348970413,0.7689371485617841,0.8691099476439791,0.9720767888307156,0.9808027923211169,0.7015706806282722,0.9109947643979057,0.9406631762652705,deu_latn-jpn_jpan,deu_latn,jpn_jpan,flores+opus+tatoeba+bouquet,1000mb,9,2291,573,5.51,,,,,,,
ridge,0.06245763972401619,0.08461080491542816,0.8204094492261669,0.8586387434554974,0.9703315881326352,0.9790575916230366,0.731239092495637,0.9092495636998255,0.9406631762652705,deu_latn-jpn_jpan,deu_latn,jpn_jpan,flores+opus+tatoeba+bouquet,1000mb,9,2291,573,5.51,100.0,,,,,,
mlp,0.06422042101621628,0.08511237055063248,0.8174226203172062,0.8237347294938918,0.9650959860383944,0.9755671902268761,0.6666666666666666,0.8900523560209425,0.9267015706806283,deu_latn-jpn_jpan,deu_latn,jpn_jpan,flores+opus+tatoeba+bouquet,1000mb,9,2291,573,5.51,,0.06007449904626066,0.08628417551517487,0.08526613563299179,0.08620656281709671,92.0,113.0
identity,0.9430362582206726,0.9359042644500732,0.7679545712680259,0.0017452006980802793,0.006980802792321117,0.012216404886561954,0.0,0.0017452006980802793,0.005235602094240838,deu_latn-jpn_jpan,deu_latn,jpn_jpan,flores+opus+tatoeba+bouquet,1000mb,10,2291,573,5.03,,,,,,,
procrustes,0.16531966626644135,0.21552500128746033,0.7679545694431958,0.9336823734729494,0.9860383944153578,0.9912739965095986,0.8115183246073299,0.9493891797556719,0.9633507853403142,deu_latn-jpn_jpan,deu_latn,jpn_jpan,flores+opus+tatoeba+bouquet,1000mb,10,2291,573,5.03,,,,,,,
affine,0.0777466744184494,0.17659351229667664,0.7610748847368916,0.8481675392670157,0.9633507853403142,0.9720767888307156,0.6649214659685864,0.8883071553228621,0.9267015706806283,deu_latn-jpn_jpan,deu_latn,jpn_jpan,flores+opus+tatoeba+bouquet,1000mb,10,2291,573,5.03,,,,,,,
ridge,0.09321974962949753,0.1325683295726776,0.8096423089794186,0.8342059336823735,0.9633507853403142,0.9720767888307156,0.6771378708551483,0.8760907504363001,0.9301919720767888,deu_latn-jpn_jpan,deu_latn,jpn_jpan,flores+opus+tatoeba+bouquet,1000mb,10,2291,573,5.03,100.0,,,,,,
mlp,0.09979863464832306,0.13286833465099335,0.810001123274356,0.7818499127399651,0.9546247818499127,0.9720767888307156,0.6090750436300174,0.8481675392670157,0.9040139616055847,deu_latn-jpn_jpan,deu_latn,jpn_jpan,flores+opus+tatoeba+bouquet,1000mb,10,2291,573,5.03,,0.09167818860574202,0.13677942752838135,0.13315938413143158,0.13632747530937195,76.0,97.0
identity,1.3889939785003662,1.3812875747680664,0.7511797560341599,0.0017452006980802793,0.006980802792321117,0.012216404886561954,0.0,0.0017452006980802793,0.0017452006980802793,deu_latn-jpn_jpan,deu_latn,jpn_jpan,flores+opus+tatoeba+bouquet,1000mb,11,2291,573,4.82,,,,,,,
procrustes,0.24922336637973785,0.3187633156776428,0.7511797498547597,0.912739965095986,0.9825479930191972,0.987783595113438,0.7713787085514834,0.93717277486911,0.9581151832460733,deu_latn-jpn_jpan,deu_latn,jpn_jpan,flores+opus+tatoeba+bouquet,1000mb,11,2291,573,4.82,,,,,,,
affine,0.1105659082531929,0.2514261305332184,0.751139439722141,0.7923211169284468,0.9389179755671903,0.9650959860383944,0.6212914485165794,0.8394415357766143,0.8917975567190227,deu_latn-jpn_jpan,deu_latn,jpn_jpan,flores+opus+tatoeba+bouquet,1000mb,11,2291,573,4.82,,,,,,,
ridge,0.16604416072368622,0.18845754861831665,0.795465325252513,0.6073298429319371,0.8603839441535777,0.9232111692844677,0.4118673647469459,0.6684118673647469,0.7661431064572426,deu_latn-jpn_jpan,deu_latn,jpn_jpan,flores+opus+tatoeba+bouquet,1000mb,11,2291,573,4.82,1000.0,,,,,,
mlp,0.14152392745018005,0.19046081602573395,0.7987098378855324,0.7329842931937173,0.9284467713787086,0.9511343804537522,0.5340314136125655,0.7923211169284468,0.8691099476439791,deu_latn-jpn_jpan,deu_latn,jpn_jpan,flores+opus+tatoeba+bouquet,1000mb,11,2291,573,4.82,,0.12797662796396198,0.20044837892055511,0.1910696178674698,0.19961605966091156,69.0,90.0
identity,2.347583532333374,2.348374366760254,0.7539709023550262,0.0017452006980802793,0.006980802792321117,0.013961605584642234,0.0017452006980802793,0.0017452006980802793,0.0017452006980802793,deu_latn-jpn_jpan,deu_latn,jpn_jpan,flores+opus+tatoeba+bouquet,1000mb,12,2291,573,4.3,,,,,,,
procrustes,0.5128190517425537,0.699622392654419,0.7539708995036233,0.8848167539267016,0.9738219895287958,0.9825479930191972,0.7172774869109948,0.9075043630017452,0.9458987783595113,deu_latn-jpn_jpan,deu_latn,jpn_jpan,flores+opus+tatoeba+bouquet,1000mb,12,2291,573,4.3,,,,,,,
affine,0.26248687505722046,0.5920585989952087,0.7532972620348387,0.849912739965096,0.9616055846422339,0.9738219895287958,0.6404886561954625,0.881326352530541,0.9284467713787086,deu_latn-jpn_jpan,deu_latn,jpn_jpan,flores+opus+tatoeba+bouquet,1000mb,12,2291,573,4.3,,,,,,,
ridge,0.34585729241371155,0.4344739019870758,0.7988096896997913,0.8202443280977313,0.9511343804537522,0.9773123909249564,0.6160558464223386,0.8586387434554974,0.9092495636998255,deu_latn-jpn_jpan,deu_latn,jpn_jpan,flores+opus+tatoeba+bouquet,1000mb,12,2291,573,4.3,1000.0,,,,,,
mlp,0.33550912141799927,0.4522985816001892,0.7971949860930139,0.8080279232111692,0.9546247818499127,0.9703315881326352,0.5916230366492147,0.8429319371727748,0.9040139616055847,deu_latn-jpn_jpan,deu_latn,jpn_jpan,flores+opus+tatoeba+bouquet,1000mb,12,2291,573,4.3,,0.295797634305376,0.4572522044181824,0.4540853202342987,0.45578959584236145,51.0,72.0
